SMM: enter
EAX=00000000 EBX=00000000 ECX=02000000 EDX=02000628
ESI=0000000b EDI=02000000 EBP=06fed190 ESP=00006d54
EIP=000f055d EFL=00000046 [---Z-P-] CPL=0 II=0 A20=1 SMM=0 HLT=0
ES =0010 00000000 ffffffff 00cf9300 DPL=0 DS   [-WA]
CS =0008 00000000 ffffffff 00cf9b00 DPL=0 CS32 [-RA]
SS =0010 00000000 ffffffff 00cf9300 DPL=0 DS   [-WA]
DS =0010 00000000 ffffffff 00cf9300 DPL=0 DS   [-WA]
FS =0010 00000000 ffffffff 00cf9300 DPL=0 DS   [-WA]
GS =0010 00000000 ffffffff 00cf9300 DPL=0 DS   [-WA]
LDT=0000 00000000 0000ffff 00008200 DPL=0 LDT
TR =0000 00000000 0000ffff 00008b00 DPL=0 TSS32-busy
GDT=     000f7420 00000037
IDT=     000f745e 00000000
CR0=00000011 CR2=00000000 CR3=00000000 CR4=00000000
DR0=00000000 DR1=00000000 DR2=00000000 DR3=00000000 
DR6=ffff0ff0 DR7=00000400
CCS=00000044 CCD=ffffffff CCO=EFLAGS
EFER=0000000000000000
SMM: after RSM
EAX=00000000 EBX=00000000 ECX=02000000 EDX=02000628
ESI=0000000b EDI=02000000 EBP=06fed190 ESP=00006d54
EIP=000f055d EFL=00000046 [---Z-P-] CPL=0 II=0 A20=1 SMM=0 HLT=0
ES =0010 00000000 ffffffff 00c09300 DPL=0 DS   [-WA]
CS =0008 00000000 ffffffff 00c09b00 DPL=0 CS32 [-RA]
SS =0010 00000000 ffffffff 00c09300 DPL=0 DS   [-WA]
DS =0010 00000000 ffffffff 00c09300 DPL=0 DS   [-WA]
FS =0010 00000000 ffffffff 00c09300 DPL=0 DS   [-WA]
GS =0010 00000000 ffffffff 00c09300 DPL=0 DS   [-WA]
LDT=0000 00000000 0000ffff 00008200 DPL=0 LDT
TR =0000 00000000 0000ffff 00008b00 DPL=0 TSS32-busy
GDT=     000f7420 00000037
IDT=     000f745e 00000000
CR0=00000011 CR2=00000000 CR3=00000000 CR4=00000000
DR0=00000000 DR1=00000000 DR2=00000000 DR3=00000000 
DR6=ffff0ff0 DR7=00000400
CCS=00000044 CCD=00000000 CCO=EFLAGS
EFER=0000000000000000
Servicing hardware INT=0x08
SMM: enter
EAX=000000b5 EBX=000f86ac ECX=00001234 EDX=00006cff
ESI=00006cc8 EDI=06fff761 EBP=00006c88 ESP=00006c88
EIP=000086a9 EFL=00000006 [-----P-] CPL=0 II=0 A20=1 SMM=0 HLT=0
ES =de80 000de800 ffffffff 008f9300
CS =f000 000f0000 ffffffff 008f9b00
SS =0000 00000000 ffffffff 008f9300
DS =0000 00000000 ffffffff 008f9300
FS =0000 00000000 ffffffff 008f9300
GS =0000 00000000 ffffffff 008f9300
LDT=0000 00000000 0000ffff 00008200
TR =0000 00000000 0000ffff 00008b00
GDT=     00000000 00000000
IDT=     00000000 000003ff
CR0=00000010 CR2=00000000 CR3=00000000 CR4=00000000
DR0=00000000 DR1=00000000 DR2=00000000 DR3=00000000 
DR6=ffff0ff0 DR7=00000400
CCS=00000000 CCD=00006c88 CCO=ADDL
EFER=0000000000000000
SMM: after RSM
EAX=000000b5 EBX=000f86ac ECX=00001234 EDX=00006cff
ESI=00006cc8 EDI=06fff761 EBP=00006c88 ESP=00006c88
EIP=000f86ac EFL=00000046 [---Z-P-] CPL=0 II=0 A20=1 SMM=0 HLT=0
ES =0010 00000000 ffffffff 00c09300 DPL=0 DS   [-WA]
CS =0008 00000000 ffffffff 00c09b00 DPL=0 CS32 [-RA]
SS =0010 00000000 ffffffff 00c09300 DPL=0 DS   [-WA]
DS =0010 00000000 ffffffff 00c09300 DPL=0 DS   [-WA]
FS =0010 00000000 ffffffff 00c09300 DPL=0 DS   [-WA]
GS =0010 00000000 ffffffff 00c09300 DPL=0 DS   [-WA]
LDT=0000 00000000 0000ffff 00008200 DPL=0 LDT
TR =0000 00000000 0000ffff 00008b00 DPL=0 TSS32-busy
GDT=     000f7420 00000037
IDT=     000f745e 00000000
CR0=00000011 CR2=00000000 CR3=00000000 CR4=00000000
DR0=00000000 DR1=00000000 DR2=00000000 DR3=00000000 
DR6=ffff0ff0 DR7=00000400
CCS=00000044 CCD=00000000 CCO=EFLAGS
EFER=0000000000000000
SMM: enter
EAX=000000b5 EBX=000086c6 ECX=00005678 EDX=06fffe68
ESI=000ed6e0 EDI=06fff761 EBP=00006c88 ESP=00006c88
EIP=000f86c3 EFL=00000016 [----AP-] CPL=0 II=0 A20=1 SMM=0 HLT=0
ES =0010 00000000 ffffffff 00c09300 DPL=0 DS   [-WA]
CS =0008 00000000 ffffffff 00c09b00 DPL=0 CS32 [-RA]
SS =0010 00000000 ffffffff 00c09300 DPL=0 DS   [-WA]
DS =0010 00000000 ffffffff 00c09300 DPL=0 DS   [-WA]
FS =0010 00000000 ffffffff 00c09300 DPL=0 DS   [-WA]
GS =0010 00000000 ffffffff 00c09300 DPL=0 DS   [-WA]
LDT=0000 00000000 0000ffff 00008200 DPL=0 LDT
TR =0000 00000000 0000ffff 00008b00 DPL=0 TSS32-busy
GDT=     000f7420 00000037
IDT=     000f745e 00000000
CR0=00000011 CR2=00000000 CR3=00000000 CR4=00000000
DR0=00000000 DR1=00000000 DR2=00000000 DR3=00000000 
DR6=ffff0ff0 DR7=00000400
CCS=00000008 CCD=00006c74 CCO=ADDL
EFER=0000000000000000
SMM: after RSM
EAX=000000b5 EBX=000086c6 ECX=00005678 EDX=06fffe68
ESI=000ed6e0 EDI=06fff761 EBP=00006c88 ESP=00006c88
EIP=000086c6 EFL=00000006 [-----P-] CPL=0 II=0 A20=1 SMM=0 HLT=0
ES =de80 000de800 ffffffff 00809300
CS =f000 000f0000 ffffffff 00809b00
SS =0000 00000000 ffffffff 00809300
DS =0000 00000000 ffffffff 00809300
FS =0000 00000000 ffffffff 00809300
GS =0000 00000000 ffffffff 00809300
LDT=0000 00000000 0000ffff 00008200
TR =0000 00000000 0000ffff 00008b00
GDT=     00000000 00000000
IDT=     00000000 000003ff
CR0=00000010 CR2=00000000 CR3=00000000 CR4=00000000
DR0=00000000 DR1=00000000 DR2=00000000 DR3=00000000 
DR6=ffff0ff0 DR7=00000400
CCS=00000004 CCD=00000001 CCO=EFLAGS
EFER=0000000000000000
SMM: enter
EAX=000000b5 EBX=000f86ac ECX=00001234 EDX=000069ff
ESI=000069ae EDI=06fff761 EBP=0000696e ESP=0000696e
EIP=000086a9 EFL=00000002 [-------] CPL=0 II=0 A20=1 SMM=0 HLT=0
ES =de80 000de800 ffffffff 008f9300
CS =f000 000f0000 ffffffff 008f9b00
SS =0000 00000000 ffffffff 008f9300
DS =0000 00000000 ffffffff 008f9300
FS =0000 00000000 ffffffff 008f9300
GS =c900 000c9000 ffffffff 008f9300
LDT=0000 00000000 0000ffff 00008200
TR =0000 00000000 0000ffff 00008b00
GDT=     00000000 00000000
IDT=     00000000 000003ff
CR0=00000010 CR2=00000000 CR3=00000000 CR4=00000000
DR0=00000000 DR1=00000000 DR2=00000000 DR3=00000000 
DR6=ffff0ff0 DR7=00000400
CCS=00000000 CCD=0000696e CCO=ADDL
EFER=0000000000000000
SMM: after RSM
EAX=000000b5 EBX=000f86ac ECX=00001234 EDX=000069ff
ESI=000069ae EDI=06fff761 EBP=0000696e ESP=0000696e
EIP=000f86ac EFL=00000046 [---Z-P-] CPL=0 II=0 A20=1 SMM=0 HLT=0
ES =0010 00000000 ffffffff 00c09300 DPL=0 DS   [-WA]
CS =0008 00000000 ffffffff 00c09b00 DPL=0 CS32 [-RA]
SS =0010 00000000 ffffffff 00c09300 DPL=0 DS   [-WA]
DS =0010 00000000 ffffffff 00c09300 DPL=0 DS   [-WA]
FS =0010 00000000 ffffffff 00c09300 DPL=0 DS   [-WA]
GS =0010 00000000 ffffffff 00c09300 DPL=0 DS   [-WA]
LDT=0000 00000000 0000ffff 00008200 DPL=0 LDT
TR =0000 00000000 0000ffff 00008b00 DPL=0 TSS32-busy
GDT=     000f7420 00000037
IDT=     000f745e 00000000
CR0=00000011 CR2=00000000 CR3=00000000 CR4=00000000
DR0=00000000 DR1=00000000 DR2=00000000 DR3=00000000 
DR6=ffff0ff0 DR7=00000400
CCS=00000044 CCD=00000000 CCO=EFLAGS
EFER=0000000000000000
SMM: enter
EAX=000000b5 EBX=000086c6 ECX=00005678 EDX=00000005
ESI=00000000 EDI=06fff761 EBP=0000696e ESP=0000696e
EIP=000f86c3 EFL=00000006 [-----P-] CPL=0 II=0 A20=1 SMM=0 HLT=0
ES =0010 00000000 ffffffff 00c09300 DPL=0 DS   [-WA]
CS =0008 00000000 ffffffff 00c09b00 DPL=0 CS32 [-RA]
SS =0010 00000000 ffffffff 00c09300 DPL=0 DS   [-WA]
DS =0010 00000000 ffffffff 00c09300 DPL=0 DS   [-WA]
FS =0010 00000000 ffffffff 00c09300 DPL=0 DS   [-WA]
GS =0010 00000000 ffffffff 00c09300 DPL=0 DS   [-WA]
LDT=0000 00000000 0000ffff 00008200 DPL=0 LDT
TR =0000 00000000 0000ffff 00008b00 DPL=0 TSS32-busy
GDT=     000f7420 00000037
IDT=     000f745e 00000000
CR0=00000011 CR2=00000000 CR3=00000000 CR4=00000000
DR0=00000000 DR1=00000000 DR2=00000000 DR3=00000000 
DR6=ffff0ff0 DR7=00000400
CCS=00000008 CCD=0000695a CCO=ADDL
EFER=0000000000000000
SMM: after RSM
EAX=000000b5 EBX=000086c6 ECX=00005678 EDX=00000005
ESI=00000000 EDI=06fff761 EBP=0000696e ESP=0000696e
EIP=000086c6 EFL=00000002 [-------] CPL=0 II=0 A20=1 SMM=0 HLT=0
ES =de80 000de800 ffffffff 00809300
CS =f000 000f0000 ffffffff 00809b00
SS =0000 00000000 ffffffff 00809300
DS =0000 00000000 ffffffff 00809300
FS =0000 00000000 ffffffff 00809300
GS =c900 000c9000 ffffffff 00809300
LDT=0000 00000000 0000ffff 00008200
TR =0000 00000000 0000ffff 00008b00
GDT=     00000000 00000000
IDT=     00000000 000003ff
CR0=00000010 CR2=00000000 CR3=00000000 CR4=00000000
DR0=00000000 DR1=00000000 DR2=00000000 DR3=00000000 
DR6=ffff0ff0 DR7=00000400
CCS=00000000 CCD=00000001 CCO=EFLAGS
EFER=0000000000000000
SMM: enter
EAX=000000b5 EBX=000f86ac ECX=00001234 EDX=000069ff
ESI=000069a8 EDI=06fff761 EBP=00006968 ESP=00006968
EIP=000086a9 EFL=00000002 [-------] CPL=0 II=0 A20=1 SMM=0 HLT=0
ES =de80 000de800 ffffffff 00809300
CS =f000 000f0000 ffffffff 00809b00
SS =0000 00000000 ffffffff 00809300
DS =0000 00000000 ffffffff 00809300
FS =0000 00000000 ffffffff 00809300
GS =c900 000c9000 ffffffff 00809300
LDT=0000 00000000 0000ffff 00008200
TR =0000 00000000 0000ffff 00008b00
GDT=     00000000 00000000
IDT=     00000000 000003ff
CR0=00000010 CR2=00000000 CR3=00000000 CR4=00000000
DR0=00000000 DR1=00000000 DR2=00000000 DR3=00000000 
DR6=ffff0ff0 DR7=00000400
CCS=00000000 CCD=00006968 CCO=ADDL
EFER=0000000000000000
SMM: after RSM
EAX=000000b5 EBX=000f86ac ECX=00001234 EDX=000069ff
ESI=000069a8 EDI=06fff761 EBP=00006968 ESP=00006968
EIP=000f86ac EFL=00000046 [---Z-P-] CPL=0 II=0 A20=1 SMM=0 HLT=0
ES =0010 00000000 ffffffff 00c09300 DPL=0 DS   [-WA]
CS =0008 00000000 ffffffff 00c09b00 DPL=0 CS32 [-RA]
SS =0010 00000000 ffffffff 00c09300 DPL=0 DS   [-WA]
DS =0010 00000000 ffffffff 00c09300 DPL=0 DS   [-WA]
FS =0010 00000000 ffffffff 00c09300 DPL=0 DS   [-WA]
GS =0010 00000000 ffffffff 00c09300 DPL=0 DS   [-WA]
LDT=0000 00000000 0000ffff 00008200 DPL=0 LDT
TR =0000 00000000 0000ffff 00008b00 DPL=0 TSS32-busy
GDT=     000f7420 00000037
IDT=     000f745e 00000000
CR0=00000011 CR2=00000000 CR3=00000000 CR4=00000000
DR0=00000000 DR1=00000000 DR2=00000000 DR3=00000000 
DR6=ffff0ff0 DR7=00000400
CCS=00000044 CCD=00000000 CCO=EFLAGS
EFER=0000000000000000
SMM: enter
EAX=000000b5 EBX=000086c6 ECX=00005678 EDX=00000003
ESI=06fd4130 EDI=06fff761 EBP=00006968 ESP=00006968
EIP=000f86c3 EFL=00000012 [----A--] CPL=0 II=0 A20=1 SMM=0 HLT=0
ES =0010 00000000 ffffffff 00c09300 DPL=0 DS   [-WA]
CS =0008 00000000 ffffffff 00c09b00 DPL=0 CS32 [-RA]
SS =0010 00000000 ffffffff 00c09300 DPL=0 DS   [-WA]
DS =0010 00000000 ffffffff 00c09300 DPL=0 DS   [-WA]
FS =0010 00000000 ffffffff 00c09300 DPL=0 DS   [-WA]
GS =0010 00000000 ffffffff 00c09300 DPL=0 DS   [-WA]
LDT=0000 00000000 0000ffff 00008200 DPL=0 LDT
TR =0000 00000000 0000ffff 00008b00 DPL=0 TSS32-busy
GDT=     000f7420 00000037
IDT=     000f745e 00000000
CR0=00000011 CR2=00000000 CR3=00000000 CR4=00000000
DR0=00000000 DR1=00000000 DR2=00000000 DR3=00000000 
DR6=ffff0ff0 DR7=00000400
CCS=00000008 CCD=00006954 CCO=ADDL
EFER=0000000000000000
SMM: after RSM
EAX=000000b5 EBX=000086c6 ECX=00005678 EDX=00000003
ESI=06fd4130 EDI=06fff761 EBP=00006968 ESP=00006968
EIP=000086c6 EFL=00000002 [-------] CPL=0 II=0 A20=1 SMM=0 HLT=0
ES =de80 000de800 ffffffff 00809300
CS =f000 000f0000 ffffffff 00809b00
SS =0000 00000000 ffffffff 00809300
DS =0000 00000000 ffffffff 00809300
FS =0000 00000000 ffffffff 00809300
GS =c900 000c9000 ffffffff 00809300
LDT=0000 00000000 0000ffff 00008200
TR =0000 00000000 0000ffff 00008b00
GDT=     00000000 00000000
IDT=     00000000 000003ff
CR0=00000010 CR2=00000000 CR3=00000000 CR4=00000000
DR0=00000000 DR1=00000000 DR2=00000000 DR3=00000000 
DR6=ffff0ff0 DR7=00000400
CCS=00000000 CCD=00000001 CCO=EFLAGS
EFER=0000000000000000
SMM: enter
EAX=000000b5 EBX=000f86ac ECX=00001234 EDX=000069ff
ESI=000069ae EDI=06fff761 EBP=0000696e ESP=0000696e
EIP=000086a9 EFL=00000002 [-------] CPL=0 II=0 A20=1 SMM=0 HLT=0
ES =de80 000de800 ffffffff 00809300
CS =f000 000f0000 ffffffff 00809b00
SS =0000 00000000 ffffffff 00809300
DS =0000 00000000 ffffffff 00809300
FS =0000 00000000 ffffffff 00809300
GS =c900 000c9000 ffffffff 00809300
LDT=0000 00000000 0000ffff 00008200
TR =0000 00000000 0000ffff 00008b00
GDT=     00000000 00000000
IDT=     00000000 000003ff
CR0=00000010 CR2=00000000 CR3=00000000 CR4=00000000
DR0=00000000 DR1=00000000 DR2=00000000 DR3=00000000 
DR6=ffff0ff0 DR7=00000400
CCS=00000000 CCD=0000696e CCO=ADDL
EFER=0000000000000000
SMM: after RSM
EAX=000000b5 EBX=000f86ac ECX=00001234 EDX=000069ff
ESI=000069ae EDI=06fff761 EBP=0000696e ESP=0000696e
EIP=000f86ac EFL=00000046 [---Z-P-] CPL=0 II=0 A20=1 SMM=0 HLT=0
ES =0010 00000000 ffffffff 00c09300 DPL=0 DS   [-WA]
CS =0008 00000000 ffffffff 00c09b00 DPL=0 CS32 [-RA]
SS =0010 00000000 ffffffff 00c09300 DPL=0 DS   [-WA]
DS =0010 00000000 ffffffff 00c09300 DPL=0 DS   [-WA]
FS =0010 00000000 ffffffff 00c09300 DPL=0 DS   [-WA]
GS =0010 00000000 ffffffff 00c09300 DPL=0 DS   [-WA]
LDT=0000 00000000 0000ffff 00008200 DPL=0 LDT
TR =0000 00000000 0000ffff 00008b00 DPL=0 TSS32-busy
GDT=     000f7420 00000037
IDT=     000f745e 00000000
CR0=00000011 CR2=00000000 CR3=00000000 CR4=00000000
DR0=00000000 DR1=00000000 DR2=00000000 DR3=00000000 
DR6=ffff0ff0 DR7=00000400
CCS=00000044 CCD=00000000 CCO=EFLAGS
EFER=0000000000000000
SMM: enter
EAX=000000b5 EBX=000086c6 ECX=00005678 EDX=00000005
ESI=00000000 EDI=06fff761 EBP=0000696e ESP=0000696e
EIP=000f86c3 EFL=00000006 [-----P-] CPL=0 II=0 A20=1 SMM=0 HLT=0
ES =0010 00000000 ffffffff 00c09300 DPL=0 DS   [-WA]
CS =0008 00000000 ffffffff 00c09b00 DPL=0 CS32 [-RA]
SS =0010 00000000 ffffffff 00c09300 DPL=0 DS   [-WA]
DS =0010 00000000 ffffffff 00c09300 DPL=0 DS   [-WA]
FS =0010 00000000 ffffffff 00c09300 DPL=0 DS   [-WA]
GS =0010 00000000 ffffffff 00c09300 DPL=0 DS   [-WA]
LDT=0000 00000000 0000ffff 00008200 DPL=0 LDT
TR =0000 00000000 0000ffff 00008b00 DPL=0 TSS32-busy
GDT=     000f7420 00000037
IDT=     000f745e 00000000
CR0=00000011 CR2=00000000 CR3=00000000 CR4=00000000
DR0=00000000 DR1=00000000 DR2=00000000 DR3=00000000 
DR6=ffff0ff0 DR7=00000400
CCS=00000008 CCD=0000695a CCO=ADDL
EFER=0000000000000000
SMM: after RSM
EAX=000000b5 EBX=000086c6 ECX=00005678 EDX=00000005
ESI=00000000 EDI=06fff761 EBP=0000696e ESP=0000696e
EIP=000086c6 EFL=00000002 [-------] CPL=0 II=0 A20=1 SMM=0 HLT=0
ES =de80 000de800 ffffffff 00809300
CS =f000 000f0000 ffffffff 00809b00
SS =0000 00000000 ffffffff 00809300
DS =0000 00000000 ffffffff 00809300
FS =0000 00000000 ffffffff 00809300
GS =c900 000c9000 ffffffff 00809300
LDT=0000 00000000 0000ffff 00008200
TR =0000 00000000 0000ffff 00008b00
GDT=     00000000 00000000
IDT=     00000000 000003ff
CR0=00000010 CR2=00000000 CR3=00000000 CR4=00000000
DR0=00000000 DR1=00000000 DR2=00000000 DR3=00000000 
DR6=ffff0ff0 DR7=00000400
CCS=00000000 CCD=00000001 CCO=EFLAGS
EFER=0000000000000000
SMM: enter
EAX=000000b5 EBX=000f86ac ECX=00001234 EDX=000069ff
ESI=000069a8 EDI=06fff761 EBP=00006968 ESP=00006968
EIP=000086a9 EFL=00000002 [-------] CPL=0 II=0 A20=1 SMM=0 HLT=0
ES =de80 000de800 ffffffff 00809300
CS =f000 000f0000 ffffffff 00809b00
SS =0000 00000000 ffffffff 00809300
DS =0000 00000000 ffffffff 00809300
FS =0000 00000000 ffffffff 00809300
GS =c900 000c9000 ffffffff 00809300
LDT=0000 00000000 0000ffff 00008200
TR =0000 00000000 0000ffff 00008b00
GDT=     00000000 00000000
IDT=     00000000 000003ff
CR0=00000010 CR2=00000000 CR3=00000000 CR4=00000000
DR0=00000000 DR1=00000000 DR2=00000000 DR3=00000000 
DR6=ffff0ff0 DR7=00000400
CCS=00000000 CCD=00006968 CCO=ADDL
EFER=0000000000000000
SMM: after RSM
EAX=000000b5 EBX=000f86ac ECX=00001234 EDX=000069ff
ESI=000069a8 EDI=06fff761 EBP=00006968 ESP=00006968
EIP=000f86ac EFL=00000046 [---Z-P-] CPL=0 II=0 A20=1 SMM=0 HLT=0
ES =0010 00000000 ffffffff 00c09300 DPL=0 DS   [-WA]
CS =0008 00000000 ffffffff 00c09b00 DPL=0 CS32 [-RA]
SS =0010 00000000 ffffffff 00c09300 DPL=0 DS   [-WA]
DS =0010 00000000 ffffffff 00c09300 DPL=0 DS   [-WA]
FS =0010 00000000 ffffffff 00c09300 DPL=0 DS   [-WA]
GS =0010 00000000 ffffffff 00c09300 DPL=0 DS   [-WA]
LDT=0000 00000000 0000ffff 00008200 DPL=0 LDT
TR =0000 00000000 0000ffff 00008b00 DPL=0 TSS32-busy
GDT=     000f7420 00000037
IDT=     000f745e 00000000
CR0=00000011 CR2=00000000 CR3=00000000 CR4=00000000
DR0=00000000 DR1=00000000 DR2=00000000 DR3=00000000 
DR6=ffff0ff0 DR7=00000400
CCS=00000044 CCD=00000000 CCO=EFLAGS
EFER=0000000000000000
SMM: enter
EAX=000000b5 EBX=000086c6 ECX=00005678 EDX=00000003
ESI=06f34130 EDI=06fff761 EBP=00006968 ESP=00006968
EIP=000f86c3 EFL=00000012 [----A--] CPL=0 II=0 A20=1 SMM=0 HLT=0
ES =0010 00000000 ffffffff 00c09300 DPL=0 DS   [-WA]
CS =0008 00000000 ffffffff 00c09b00 DPL=0 CS32 [-RA]
SS =0010 00000000 ffffffff 00c09300 DPL=0 DS   [-WA]
DS =0010 00000000 ffffffff 00c09300 DPL=0 DS   [-WA]
FS =0010 00000000 ffffffff 00c09300 DPL=0 DS   [-WA]
GS =0010 00000000 ffffffff 00c09300 DPL=0 DS   [-WA]
LDT=0000 00000000 0000ffff 00008200 DPL=0 LDT
TR =0000 00000000 0000ffff 00008b00 DPL=0 TSS32-busy
GDT=     000f7420 00000037
IDT=     000f745e 00000000
CR0=00000011 CR2=00000000 CR3=00000000 CR4=00000000
DR0=00000000 DR1=00000000 DR2=00000000 DR3=00000000 
DR6=ffff0ff0 DR7=00000400
CCS=00000008 CCD=00006954 CCO=ADDL
EFER=0000000000000000
SMM: after RSM
EAX=000000b5 EBX=000086c6 ECX=00005678 EDX=00000003
ESI=06f34130 EDI=06fff761 EBP=00006968 ESP=00006968
EIP=000086c6 EFL=00000002 [-------] CPL=0 II=0 A20=1 SMM=0 HLT=0
ES =de80 000de800 ffffffff 00809300
CS =f000 000f0000 ffffffff 00809b00
SS =0000 00000000 ffffffff 00809300
DS =0000 00000000 ffffffff 00809300
FS =0000 00000000 ffffffff 00809300
GS =c900 000c9000 ffffffff 00809300
LDT=0000 00000000 0000ffff 00008200
TR =0000 00000000 0000ffff 00008b00
GDT=     00000000 00000000
IDT=     00000000 000003ff
CR0=00000010 CR2=00000000 CR3=00000000 CR4=00000000
DR0=00000000 DR1=00000000 DR2=00000000 DR3=00000000 
DR6=ffff0ff0 DR7=00000400
CCS=00000000 CCD=00000001 CCO=EFLAGS
EFER=0000000000000000
Servicing hardware INT=0x08
Servicing hardware INT=0x08
Servicing hardware INT=0x08
Servicing hardware INT=0x08
Servicing hardware INT=0x09
Servicing hardware INT=0x08
Servicing hardware INT=0x08
Servicing hardware INT=0x09
Servicing hardware INT=0x08
Servicing hardware INT=0x08
Servicing hardware INT=0x08
Servicing hardware INT=0x08
Servicing hardware INT=0x20
     0: v=20 e=0000 i=0 cpl=0 IP=0008:001010e6 pc=001010e6 SP=0010:0011b0c8 env->regs[R_EAX]=000000fc
EAX=000000fc EBX=00001000 ECX=00000001 EDX=00000021
ESI=00000000 EDI=00000000 EBP=00000400 ESP=0011b0c8
EIP=001010e6 EFL=00200202 [-------] CPL=0 II=0 A20=1 SMM=0 HLT=0
ES =0010 00000000 ffffffff 00cf9300 DPL=0 DS   [-WA]
CS =0008 00000000 ffffffff 00cf9a00 DPL=0 CS32 [-R-]
SS =0010 00000000 ffffffff 00cf9300 DPL=0 DS   [-WA]
DS =0010 00000000 ffffffff 00cf9300 DPL=0 DS   [-WA]
FS =0010 00000000 ffffffff 00cf9300 DPL=0 DS   [-WA]
GS =0010 00000000 ffffffff 00cf9300 DPL=0 DS   [-WA]
LDT=0000 00000000 0000ffff 00008200 DPL=0 LDT
TR =0000 00000000 0000ffff 00008b00 DPL=0 TSS32-busy
GDT=     00115148 00000017
IDT=     0011c1e0 000007ff
CR0=80000011 CR2=00000000 CR3=00130000 CR4=00000000
DR0=00000000 DR1=00000000 DR2=00000000 DR3=00000000 
DR6=ffff0ff0 DR7=00000400
CCS=00000010 CCD=0011b0c8 CCO=ADDL
EFER=0000000000000000
Servicing hardware INT=0x21
     1: v=21 e=0000 i=0 cpl=0 IP=0008:001010e6 pc=001010e6 SP=0010:0011b0c8 env->regs[R_EAX]=000000fc
EAX=000000fc EBX=00001000 ECX=00000001 EDX=00000021
ESI=00000000 EDI=00000000 EBP=00000400 ESP=0011b0c8
EIP=001010e6 EFL=00210202 [-------] CPL=0 II=0 A20=1 SMM=0 HLT=0
ES =0010 00000000 ffffffff 00cf9300 DPL=0 DS   [-WA]
CS =0008 00000000 ffffffff 00cf9a00 DPL=0 CS32 [-R-]
SS =0010 00000000 ffffffff 00cf9300 DPL=0 DS   [-WA]
DS =0010 00000000 ffffffff 00cf9300 DPL=0 DS   [-WA]
FS =0010 00000000 ffffffff 00cf9300 DPL=0 DS   [-WA]
GS =0010 00000000 ffffffff 00cf9300 DPL=0 DS   [-WA]
LDT=0000 00000000 0000ffff 00008200 DPL=0 LDT
TR =0000 00000000 0000ffff 00008b00 DPL=0 TSS32-busy
GDT=     00115148 00000017
IDT=     0011c1e0 000007ff
CR0=80000011 CR2=00000000 CR3=00130000 CR4=00000000
DR0=00000000 DR1=00000000 DR2=00000000 DR3=00000000 
DR6=ffff0ff0 DR7=00000400
CCS=00000000 CCD=0011c1c8 CCO=EFLAGS
EFER=0000000000000000
Servicing hardware INT=0x20
     2: v=20 e=0000 i=0 cpl=0 IP=0008:001010e6 pc=001010e6 SP=0010:0011b0c8 env->regs[R_EAX]=000000fc
EAX=000000fc EBX=00001000 ECX=00000001 EDX=00000021
ESI=00000000 EDI=00000000 EBP=00000400 ESP=0011b0c8
EIP=001010e6 EFL=00210202 [-------] CPL=0 II=0 A20=1 SMM=0 HLT=0
ES =0010 00000000 ffffffff 00cf9300 DPL=0 DS   [-WA]
CS =0008 00000000 ffffffff 00cf9a00 DPL=0 CS32 [-R-]
SS =0010 00000000 ffffffff 00cf9300 DPL=0 DS   [-WA]
DS =0010 00000000 ffffffff 00cf9300 DPL=0 DS   [-WA]
FS =0010 00000000 ffffffff 00cf9300 DPL=0 DS   [-WA]
GS =0010 00000000 ffffffff 00cf9300 DPL=0 DS   [-WA]
LDT=0000 00000000 0000ffff 00008200 DPL=0 LDT
TR =0000 00000000 0000ffff 00008b00 DPL=0 TSS32-busy
GDT=     00115148 00000017
IDT=     0011c1e0 000007ff
CR0=80000011 CR2=00000000 CR3=00130000 CR4=00000000
DR0=00000000 DR1=00000000 DR2=00000000 DR3=00000000 
DR6=ffff0ff0 DR7=00000400
CCS=00000000 CCD=0011b098 CCO=EFLAGS
EFER=0000000000000000
Servicing hardware INT=0x20
     3: v=20 e=0000 i=0 cpl=0 IP=0008:0010c66a pc=0010c66a SP=0010:0011b0d4 env->regs[R_EAX]=0011b138
EAX=0011b138 EBX=00001000 ECX=00000000 EDX=0011b12c
ESI=00000000 EDI=00000000 EBP=00000400 ESP=0011b0d4
EIP=0010c66a EFL=00200202 [-------] CPL=0 II=0 A20=1 SMM=0 HLT=0
ES =0010 00000000 ffffffff 00cf9300 DPL=0 DS   [-WA]
CS =0008 00000000 ffffffff 00cf9a00 DPL=0 CS32 [-R-]
SS =0010 00000000 ffffffff 00cf9300 DPL=0 DS   [-WA]
DS =0010 00000000 ffffffff 00cf9300 DPL=0 DS   [-WA]
FS =0010 00000000 ffffffff 00cf9300 DPL=0 DS   [-WA]
GS =0010 00000000 ffffffff 00cf9300 DPL=0 DS   [-WA]
LDT=0000 00000000 0000ffff 00008200 DPL=0 LDT
TR =0000 00000000 0000ffff 00008b00 DPL=0 TSS32-busy
GDT=     00115148 00000017
IDT=     0011c1e0 000007ff
CR0=80000011 CR2=00000000 CR3=00130000 CR4=00000000
DR0=00000000 DR1=00000000 DR2=00000000 DR3=00000000 
DR6=ffff0ff0 DR7=00000400
CCS=00000000 CCD=0011b138 CCO=EFLAGS
EFER=0000000000000000
Servicing hardware INT=0x20
     4: v=20 e=0000 i=0 cpl=0 IP=0008:00108087 pc=00108087 SP=0010:0011af08 env->regs[R_EAX]=00000000
EAX=00000000 EBX=0011b07c ECX=00000000 EDX=00000000
ESI=00000000 EDI=00000000 EBP=00000400 ESP=0011af08
EIP=00108087 EFL=00200293 [--S-A-C] CPL=0 II=0 A20=1 SMM=0 HLT=0
ES =0010 00000000 ffffffff 00cf9300 DPL=0 DS   [-WA]
CS =0008 00000000 ffffffff 00cf9a00 DPL=0 CS32 [-R-]
SS =0010 00000000 ffffffff 00cf9300 DPL=0 DS   [-WA]
DS =0010 00000000 ffffffff 00cf9300 DPL=0 DS   [-WA]
FS =0010 00000000 ffffffff 00cf9300 DPL=0 DS   [-WA]
GS =0010 00000000 ffffffff 00cf9300 DPL=0 DS   [-WA]
LDT=0000 00000000 0000ffff 00008200 DPL=0 LDT
TR =0000 00000000 0000ffff 00008b00 DPL=0 TSS32-busy
GDT=     00115148 00000017
IDT=     0011c1e0 000007ff
CR0=80000011 CR2=00000000 CR3=00130000 CR4=00000000
DR0=00000000 DR1=00000000 DR2=00000000 DR3=00000000 
DR6=ffff0ff0 DR7=00000400
CCS=00000091 CCD=fffffff1 CCO=EFLAGS
EFER=0000000000000000
Servicing hardware INT=0x20
     5: v=20 e=0000 i=0 cpl=0 IP=0008:0010c6fd pc=0010c6fd SP=0010:0011b038 env->regs[R_EAX]=00000006
EAX=00000006 EBX=00001000 ECX=0011b120 EDX=00000000
ESI=00000000 EDI=00000000 EBP=00000400 ESP=0011b038
EIP=0010c6fd EFL=00200297 [--S-APC] CPL=0 II=0 A20=1 SMM=0 HLT=0
ES =0010 00000000 ffffffff 00cf9300 DPL=0 DS   [-WA]
CS =0008 00000000 ffffffff 00cf9a00 DPL=0 CS32 [-R-]
SS =0010 00000000 ffffffff 00cf9300 DPL=0 DS   [-WA]
DS =0010 00000000 ffffffff 00cf9300 DPL=0 DS   [-WA]
FS =0010 00000000 ffffffff 00cf9300 DPL=0 DS   [-WA]
GS =0010 00000000 ffffffff 00cf9300 DPL=0 DS   [-WA]
LDT=0000 00000000 0000ffff 00008200 DPL=0 LDT
TR =0000 00000000 0000ffff 00008b00 DPL=0 TSS32-busy
GDT=     00115148 00000017
IDT=     0011c1e0 000007ff
CR0=80000011 CR2=00000000 CR3=00130000 CR4=00000000
DR0=00000000 DR1=00000000 DR2=00000000 DR3=00000000 
DR6=ffff0ff0 DR7=00000400
CCS=00000095 CCD=fffffffa CCO=EFLAGS
EFER=0000000000000000
Servicing hardware INT=0x20
     6: v=20 e=0000 i=0 cpl=0 IP=0008:0010f162 pc=0010f162 SP=0010:0011b0d4 env->regs[R_EAX]=0011b114
EAX=0011b114 EBX=00001000 ECX=00000004 EDX=001039e9
ESI=0011b140 EDI=00000004 EBP=00000400 ESP=0011b0d4
EIP=0010f162 EFL=00200206 [-----P-] CPL=0 II=0 A20=1 SMM=0 HLT=0
ES =0010 00000000 ffffffff 00cf9300 DPL=0 DS   [-WA]
CS =0008 00000000 ffffffff 00cf9a00 DPL=0 CS32 [-R-]
SS =0010 00000000 ffffffff 00cf9300 DPL=0 DS   [-WA]
DS =0010 00000000 ffffffff 00cf9300 DPL=0 DS   [-WA]
FS =0010 00000000 ffffffff 00cf9300 DPL=0 DS   [-WA]
GS =0010 00000000 ffffffff 00cf9300 DPL=0 DS   [-WA]
LDT=0000 00000000 0000ffff 00008200 DPL=0 LDT
TR =0000 00000000 0000ffff 00008b00 DPL=0 TSS32-busy
GDT=     00115148 00000017
IDT=     0011c1e0 000007ff
CR0=80000011 CR2=00000000 CR3=00130000 CR4=00000000
DR0=00000000 DR1=00000000 DR2=00000000 DR3=00000000 
DR6=ffff0ff0 DR7=00000400
CCS=00000004 CCD=0011b0e4 CCO=EFLAGS
EFER=0000000000000000
Servicing hardware INT=0x20
     7: v=20 e=0000 i=0 cpl=0 IP=0008:001012cd pc=001012cd SP=0010:0011ae60 env->regs[R_EAX]=00000158
EAX=00000158 EBX=0011b07c ECX=00000000 EDX=000001f7
ESI=0011b140 EDI=00000004 EBP=00000400 ESP=0011ae60
EIP=001012cd EFL=00200206 [-----P-] CPL=0 II=0 A20=1 SMM=0 HLT=0
ES =0010 00000000 ffffffff 00cf9300 DPL=0 DS   [-WA]
CS =0008 00000000 ffffffff 00cf9a00 DPL=0 CS32 [-R-]
SS =0010 00000000 ffffffff 00cf9300 DPL=0 DS   [-WA]
DS =0010 00000000 ffffffff 00cf9300 DPL=0 DS   [-WA]
FS =0010 00000000 ffffffff 00cf9300 DPL=0 DS   [-WA]
GS =0010 00000000 ffffffff 00cf9300 DPL=0 DS   [-WA]
LDT=0000 00000000 0000ffff 00008200 DPL=0 LDT
TR =0000 00000000 0000ffff 00008b00 DPL=0 TSS32-busy
GDT=     00115148 00000017
IDT=     0011c1e0 000007ff
CR0=80000011 CR2=00000000 CR3=00130000 CR4=00000000
DR0=00000000 DR1=00000000 DR2=00000000 DR3=00000000 
DR6=ffff0ff0 DR7=00000400
CCS=00000004 CCD=0011ae60 CCO=EFLAGS
EFER=0000000000000000
Servicing hardware INT=0x20
     8: v=20 e=0000 i=0 cpl=0 IP=0008:001012cd pc=001012cd SP=0010:0011af90 env->regs[R_EAX]=00000158
EAX=00000158 EBX=001039e9 ECX=00000000 EDX=000001f7
ESI=0011b140 EDI=00000004 EBP=00000400 ESP=0011af90
EIP=001012cd EFL=00200206 [-----P-] CPL=0 II=0 A20=1 SMM=0 HLT=0
ES =0010 00000000 ffffffff 00cf9300 DPL=0 DS   [-WA]
CS =0008 00000000 ffffffff 00cf9a00 DPL=0 CS32 [-R-]
SS =0010 00000000 ffffffff 00cf9300 DPL=0 DS   [-WA]
DS =0010 00000000 ffffffff 00cf9300 DPL=0 DS   [-WA]
FS =0010 00000000 ffffffff 00cf9300 DPL=0 DS   [-WA]
GS =0010 00000000 ffffffff 00cf9300 DPL=0 DS   [-WA]
LDT=0000 00000000 0000ffff 00008200 DPL=0 LDT
TR =0000 00000000 0000ffff 00008b00 DPL=0 TSS32-busy
GDT=     00115148 00000017
IDT=     0011c1e0 000007ff
CR0=80000011 CR2=00000000 CR3=00130000 CR4=00000000
DR0=00000000 DR1=00000000 DR2=00000000 DR3=00000000 
DR6=ffff0ff0 DR7=00000400
CCS=00000004 CCD=0011af90 CCO=EFLAGS
EFER=0000000000000000
Servicing hardware INT=0x20
     9: v=20 e=0000 i=0 cpl=0 IP=0008:001012cd pc=001012cd SP=0010:0011af90 env->regs[R_EAX]=000001d0
EAX=000001d0 EBX=001039e9 ECX=00000000 EDX=000001f7
ESI=0011b140 EDI=00000004 EBP=00000400 ESP=0011af90
EIP=001012cd EFL=00200206 [-----P-] CPL=0 II=0 A20=1 SMM=0 HLT=0
ES =0010 00000000 ffffffff 00cf9300 DPL=0 DS   [-WA]
CS =0008 00000000 ffffffff 00cf9a00 DPL=0 CS32 [-R-]
SS =0010 00000000 ffffffff 00cf9300 DPL=0 DS   [-WA]
DS =0010 00000000 ffffffff 00cf9300 DPL=0 DS   [-WA]
FS =0010 00000000 ffffffff 00cf9300 DPL=0 DS   [-WA]
GS =0010 00000000 ffffffff 00cf9300 DPL=0 DS   [-WA]
LDT=0000 00000000 0000ffff 00008200 DPL=0 LDT
TR =0000 00000000 0000ffff 00008b00 DPL=0 TSS32-busy
GDT=     00115148 00000017
IDT=     0011c1e0 000007ff
CR0=80000011 CR2=00000000 CR3=00130000 CR4=00000000
DR0=00000000 DR1=00000000 DR2=00000000 DR3=00000000 
DR6=ffff0ff0 DR7=00000400
CCS=00000004 CCD=0011af90 CCO=EFLAGS
EFER=0000000000000000
Servicing hardware INT=0x20
    10: v=20 e=0000 i=0 cpl=0 IP=0008:001012cd pc=001012cd SP=0010:0011ad90 env->regs[R_EAX]=00000158
EAX=00000158 EBX=00000200 ECX=00000200 EDX=000001f7
ESI=0011b140 EDI=00000004 EBP=00000400 ESP=0011ad90
EIP=001012cd EFL=00200206 [-----P-] CPL=0 II=0 A20=1 SMM=0 HLT=0
ES =0010 00000000 ffffffff 00cf9300 DPL=0 DS   [-WA]
CS =0008 00000000 ffffffff 00cf9a00 DPL=0 CS32 [-R-]
SS =0010 00000000 ffffffff 00cf9300 DPL=0 DS   [-WA]
DS =0010 00000000 ffffffff 00cf9300 DPL=0 DS   [-WA]
FS =0010 00000000 ffffffff 00cf9300 DPL=0 DS   [-WA]
GS =0010 00000000 ffffffff 00cf9300 DPL=0 DS   [-WA]
LDT=0000 00000000 0000ffff 00008200 DPL=0 LDT
TR =0000 00000000 0000ffff 00008b00 DPL=0 TSS32-busy
GDT=     00115148 00000017
IDT=     0011c1e0 000007ff
CR0=80000011 CR2=00000000 CR3=00130000 CR4=00000000
DR0=00000000 DR1=00000000 DR2=00000000 DR3=00000000 
DR6=ffff0ff0 DR7=00000400
CCS=00000004 CCD=0011ad90 CCO=EFLAGS
EFER=0000000000000000
Servicing hardware INT=0x20
    11: v=20 e=0000 i=0 cpl=0 IP=0008:001012cd pc=001012cd SP=0010:0011ad90 env->regs[R_EAX]=00000158
EAX=00000158 EBX=00000200 ECX=00000200 EDX=000001f7
ESI=0011b140 EDI=00000004 EBP=00000400 ESP=0011ad90
EIP=001012cd EFL=00200206 [-----P-] CPL=0 II=0 A20=1 SMM=0 HLT=0
ES =0010 00000000 ffffffff 00cf9300 DPL=0 DS   [-WA]
CS =0008 00000000 ffffffff 00cf9a00 DPL=0 CS32 [-R-]
SS =0010 00000000 ffffffff 00cf9300 DPL=0 DS   [-WA]
DS =0010 00000000 ffffffff 00cf9300 DPL=0 DS   [-WA]
FS =0010 00000000 ffffffff 00cf9300 DPL=0 DS   [-WA]
GS =0010 00000000 ffffffff 00cf9300 DPL=0 DS   [-WA]
LDT=0000 00000000 0000ffff 00008200 DPL=0 LDT
TR =0000 00000000 0000ffff 00008b00 DPL=0 TSS32-busy
GDT=     00115148 00000017
IDT=     0011c1e0 000007ff
CR0=80000011 CR2=00000000 CR3=00130000 CR4=00000000
DR0=00000000 DR1=00000000 DR2=00000000 DR3=00000000 
DR6=ffff0ff0 DR7=00000400
CCS=00000004 CCD=0011ad90 CCO=EFLAGS
EFER=0000000000000000
Servicing hardware INT=0x20
    12: v=20 e=0000 i=0 cpl=0 IP=0008:001012cd pc=001012cd SP=0010:0011af90 env->regs[R_EAX]=000001d0
EAX=000001d0 EBX=001039e9 ECX=00000000 EDX=000001f7
ESI=0011b140 EDI=00000004 EBP=00000400 ESP=0011af90
EIP=001012cd EFL=00200206 [-----P-] CPL=0 II=0 A20=1 SMM=0 HLT=0
ES =0010 00000000 ffffffff 00cf9300 DPL=0 DS   [-WA]
CS =0008 00000000 ffffffff 00cf9a00 DPL=0 CS32 [-R-]
SS =0010 00000000 ffffffff 00cf9300 DPL=0 DS   [-WA]
DS =0010 00000000 ffffffff 00cf9300 DPL=0 DS   [-WA]
FS =0010 00000000 ffffffff 00cf9300 DPL=0 DS   [-WA]
GS =0010 00000000 ffffffff 00cf9300 DPL=0 DS   [-WA]
LDT=0000 00000000 0000ffff 00008200 DPL=0 LDT
TR =0000 00000000 0000ffff 00008b00 DPL=0 TSS32-busy
GDT=     00115148 00000017
IDT=     0011c1e0 000007ff
CR0=80000011 CR2=00000000 CR3=00130000 CR4=00000000
DR0=00000000 DR1=00000000 DR2=00000000 DR3=00000000 
DR6=ffff0ff0 DR7=00000400
CCS=00000004 CCD=0011af90 CCO=EFLAGS
EFER=0000000000000000
Servicing hardware INT=0x20
    13: v=20 e=0000 i=0 cpl=0 IP=0008:001012b6 pc=001012b6 SP=0010:0011ada4 env->regs[R_EAX]=000000e0
EAX=000000e0 EBX=00000200 ECX=00000200 EDX=000001f6
ESI=0011b140 EDI=00000004 EBP=00000400 ESP=0011ada4
EIP=001012b6 EFL=00200202 [-------] CPL=0 II=0 A20=1 SMM=0 HLT=0
ES =0010 00000000 ffffffff 00cf9300 DPL=0 DS   [-WA]
CS =0008 00000000 ffffffff 00cf9a00 DPL=0 CS32 [-R-]
SS =0010 00000000 ffffffff 00cf9300 DPL=0 DS   [-WA]
DS =0010 00000000 ffffffff 00cf9300 DPL=0 DS   [-WA]
FS =0010 00000000 ffffffff 00cf9300 DPL=0 DS   [-WA]
GS =0010 00000000 ffffffff 00cf9300 DPL=0 DS   [-WA]
LDT=0000 00000000 0000ffff 00008200 DPL=0 LDT
TR =0000 00000000 0000ffff 00008b00 DPL=0 TSS32-busy
GDT=     00115148 00000017
IDT=     0011c1e0 000007ff
CR0=80000011 CR2=00000000 CR3=00130000 CR4=00000000
DR0=00000000 DR1=00000000 DR2=00000000 DR3=00000000 
DR6=ffff0ff0 DR7=00000400
CCS=00000000 CCD=0011ada4 CCO=EFLAGS
EFER=0000000000000000
Servicing hardware INT=0x20
    14: v=20 e=0000 i=0 cpl=0 IP=0008:0010be99 pc=0010be99 SP=0010:0011b048 env->regs[R_EAX]=00000000
EAX=00000000 EBX=00143cf9 ECX=00000000 EDX=000000ff
ESI=00143cf9 EDI=00143d3d EBP=00000400 ESP=0011b048
EIP=0010be99 EFL=00200246 [---Z-P-] CPL=0 II=0 A20=1 SMM=0 HLT=0
ES =0010 00000000 ffffffff 00cf9300 DPL=0 DS   [-WA]
CS =0008 00000000 ffffffff 00cf9a00 DPL=0 CS32 [-R-]
SS =0010 00000000 ffffffff 00cf9300 DPL=0 DS   [-WA]
DS =0010 00000000 ffffffff 00cf9300 DPL=0 DS   [-WA]
FS =0010 00000000 ffffffff 00cf9300 DPL=0 DS   [-WA]
GS =0010 00000000 ffffffff 00cf9300 DPL=0 DS   [-WA]
LDT=0000 00000000 0000ffff 00008200 DPL=0 LDT
TR =0000 00000000 0000ffff 00008b00 DPL=0 TSS32-busy
GDT=     00115148 00000017
IDT=     0011c1e0 000007ff
CR0=80000011 CR2=00000000 CR3=00130000 CR4=00000000
DR0=00000000 DR1=00000000 DR2=00000000 DR3=00000000 
DR6=ffff0ff0 DR7=00000400
CCS=00000044 CCD=00000000 CCO=EFLAGS
EFER=0000000000000000
Servicing hardware INT=0x20
    15: v=20 e=0000 i=0 cpl=0 IP=0008:40000b81 pc=40000b81 SP=0010:bfff0000 env->regs[R_EAX]=40000b81
EAX=40000b81 EBX=001039e9 ECX=bfff0000 EDX=00132000
ESI=0011b140 EDI=00000004 EBP=00000400 ESP=bfff0000
EIP=40000b81 EFL=00200202 [-------] CPL=0 II=0 A20=1 SMM=0 HLT=0
ES =0010 00000000 ffffffff 00cf9300 DPL=0 DS   [-WA]
CS =0008 00000000 ffffffff 00cf9a00 DPL=0 CS32 [-R-]
SS =0010 00000000 ffffffff 00cf9300 DPL=0 DS   [-WA]
DS =0010 00000000 ffffffff 00cf9300 DPL=0 DS   [-WA]
FS =0010 00000000 ffffffff 00cf9300 DPL=0 DS   [-WA]
GS =0010 00000000 ffffffff 00cf9300 DPL=0 DS   [-WA]
LDT=0000 00000000 0000ffff 00008200 DPL=0 LDT
TR =0000 00000000 0000ffff 00008b00 DPL=0 TSS32-busy
GDT=     00115148 00000017
IDT=     0011c1e0 000007ff
CR0=80000011 CR2=00000000 CR3=00132000 CR4=00000000
DR0=00000000 DR1=00000000 DR2=00000000 DR3=00000000 
DR6=ffff0ff0 DR7=00000400
CCS=00000004 CCD=0011b094 CCO=SUBL
EFER=0000000000000000
    16: v=80 e=0000 i=1 cpl=0 IP=0008:40001606 pc=40001606 SP=0010:bffeff80 env->regs[R_EAX]=00000000
EAX=00000000 EBX=001039e9 ECX=bfff0000 EDX=00132000
ESI=0011b140 EDI=40002390 EBP=bffeff9c ESP=bffeff80
EIP=40001606 EFL=00200246 [---Z-P-] CPL=0 II=0 A20=1 SMM=0 HLT=0
ES =0010 00000000 ffffffff 00cf9300 DPL=0 DS   [-WA]
CS =0008 00000000 ffffffff 00cf9a00 DPL=0 CS32 [-R-]
SS =0010 00000000 ffffffff 00cf9300 DPL=0 DS   [-WA]
DS =0010 00000000 ffffffff 00cf9300 DPL=0 DS   [-WA]
FS =0010 00000000 ffffffff 00cf9300 DPL=0 DS   [-WA]
GS =0010 00000000 ffffffff 00cf9300 DPL=0 DS   [-WA]
LDT=0000 00000000 0000ffff 00008200 DPL=0 LDT
TR =0000 00000000 0000ffff 00008b00 DPL=0 TSS32-busy
GDT=     00115148 00000017
IDT=     0011c1e0 000007ff
CR0=80000011 CR2=00000000 CR3=00132000 CR4=00000000
DR0=00000000 DR1=00000000 DR2=00000000 DR3=00000000 
DR6=ffff0ff0 DR7=00000400
CCS=00000044 CCD=bffeff88 CCO=EFLAGS
EFER=0000000000000000
    17: v=80 e=0000 i=1 cpl=0 IP=0008:40001606 pc=40001606 SP=0010:bffeff80 env->regs[R_EAX]=00000000
EAX=00000000 EBX=001039e9 ECX=bfff0000 EDX=00132000
ESI=0011b140 EDI=4000239c EBP=bffeff9c ESP=bffeff80
EIP=40001606 EFL=00200246 [---Z-P-] CPL=0 II=0 A20=1 SMM=0 HLT=0
ES =0010 00000000 ffffffff 00cf9300 DPL=0 DS   [-WA]
CS =0008 00000000 ffffffff 00cf9a00 DPL=0 CS32 [-R-]
SS =0010 00000000 ffffffff 00cf9300 DPL=0 DS   [-WA]
DS =0010 00000000 ffffffff 00cf9300 DPL=0 DS   [-WA]
FS =0010 00000000 ffffffff 00cf9300 DPL=0 DS   [-WA]
GS =0010 00000000 ffffffff 00cf9300 DPL=0 DS   [-WA]
LDT=0000 00000000 0000ffff 00008200 DPL=0 LDT
TR =0000 00000000 0000ffff 00008b00 DPL=0 TSS32-busy
GDT=     00115148 00000017
IDT=     0011c1e0 000007ff
CR0=80000011 CR2=00000000 CR3=00132000 CR4=00000000
DR0=00000000 DR1=00000000 DR2=00000000 DR3=00000000 
DR6=ffff0ff0 DR7=00000400
CCS=00000044 CCD=bffeff88 CCO=EFLAGS
EFER=0000000000000000
    18: v=80 e=0000 i=1 cpl=0 IP=0008:40001646 pc=40001646 SP=0010:bffeff90 env->regs[R_EAX]=00000004
EAX=00000004 EBX=001039e9 ECX=bfff0000 EDX=00132000
ESI=0011b140 EDI=40002150 EBP=bffefffc ESP=bffeff90
EIP=40001646 EFL=00200292 [--S-A--] CPL=0 II=0 A20=1 SMM=0 HLT=0
ES =0010 00000000 ffffffff 00cf9300 DPL=0 DS   [-WA]
CS =0008 00000000 ffffffff 00cf9a00 DPL=0 CS32 [-R-]
SS =0010 00000000 ffffffff 00cf9300 DPL=0 DS   [-WA]
DS =0010 00000000 ffffffff 00cf9300 DPL=0 DS   [-WA]
FS =0010 00000000 ffffffff 00cf9300 DPL=0 DS   [-WA]
GS =0010 00000000 ffffffff 00cf9300 DPL=0 DS   [-WA]
LDT=0000 00000000 0000ffff 00008200 DPL=0 LDT
TR =0000 00000000 0000ffff 00008b00 DPL=0 TSS32-busy
GDT=     00115148 00000017
IDT=     0011c1e0 000007ff
CR0=80000011 CR2=00000000 CR3=00132000 CR4=00000000
DR0=00000000 DR1=00000000 DR2=00000000 DR3=00000000 
DR6=ffff0ff0 DR7=00000400
CCS=0000000c CCD=bffeff98 CCO=SUBL
EFER=0000000000000000
    19: v=80 e=0000 i=1 cpl=0 IP=0008:40001656 pc=40001656 SP=0010:bffeff90 env->regs[R_EAX]=00000005
EAX=00000005 EBX=001039e9 ECX=bfff0000 EDX=00132000
ESI=40000285 EDI=40002150 EBP=bffefffc ESP=bffeff90
EIP=40001656 EFL=00200296 [--S-AP-] CPL=0 II=0 A20=1 SMM=0 HLT=0
ES =0010 00000000 ffffffff 00cf9300 DPL=0 DS   [-WA]
CS =0008 00000000 ffffffff 00cf9a00 DPL=0 CS32 [-R-]
SS =0010 00000000 ffffffff 00cf9300 DPL=0 DS   [-WA]
DS =0010 00000000 ffffffff 00cf9300 DPL=0 DS   [-WA]
FS =0010 00000000 ffffffff 00cf9300 DPL=0 DS   [-WA]
GS =0010 00000000 ffffffff 00cf9300 DPL=0 DS   [-WA]
LDT=0000 00000000 0000ffff 00008200 DPL=0 LDT
TR =0000 00000000 0000ffff 00008b00 DPL=0 TSS32-busy
GDT=     00115148 00000017
IDT=     0011c1e0 000007ff
CR0=80000011 CR2=00000000 CR3=00132000 CR4=00000000
DR0=00000000 DR1=00000000 DR2=00000000 DR3=00000000 
DR6=ffff0ff0 DR7=00000400
CCS=00000008 CCD=bffeff9c CCO=SUBL
EFER=0000000000000000
    20: v=80 e=0000 i=1 cpl=0 IP=0008:40001606 pc=40001606 SP=0010:bffeff30 env->regs[R_EAX]=00000000
EAX=00000000 EBX=001039e9 ECX=bfff0000 EDX=00132000
ESI=40000285 EDI=400020bf EBP=bffeff8c ESP=bffeff30
EIP=40001606 EFL=00200246 [---Z-P-] CPL=0 II=0 A20=1 SMM=0 HLT=0
ES =0010 00000000 ffffffff 00cf9300 DPL=0 DS   [-WA]
CS =0008 00000000 ffffffff 00cf9a00 DPL=0 CS32 [-R-]
SS =0010 00000000 ffffffff 00cf9300 DPL=0 DS   [-WA]
DS =0010 00000000 ffffffff 00cf9300 DPL=0 DS   [-WA]
FS =0010 00000000 ffffffff 00cf9300 DPL=0 DS   [-WA]
GS =0010 00000000 ffffffff 00cf9300 DPL=0 DS   [-WA]
LDT=0000 00000000 0000ffff 00008200 DPL=0 LDT
TR =0000 00000000 0000ffff 00008b00 DPL=0 TSS32-busy
GDT=     00115148 00000017
IDT=     0011c1e0 000007ff
CR0=80000011 CR2=00000000 CR3=00132000 CR4=00000000
DR0=00000000 DR1=00000000 DR2=00000000 DR3=00000000 
DR6=ffff0ff0 DR7=00000400
CCS=00000044 CCD=bffeff38 CCO=EFLAGS
EFER=0000000000000000
    21: v=80 e=0000 i=1 cpl=0 IP=0008:4000166e pc=4000166e SP=0010:bffeff30 env->regs[R_EAX]=00000007
EAX=00000007 EBX=001039e9 ECX=bfff0000 EDX=00132000
ESI=40000285 EDI=00010000 EBP=bffeff8c ESP=bffeff30
EIP=4000166e EFL=00200292 [--S-A--] CPL=0 II=0 A20=1 SMM=0 HLT=0
ES =0010 00000000 ffffffff 00cf9300 DPL=0 DS   [-WA]
CS =0008 00000000 ffffffff 00cf9a00 DPL=0 CS32 [-R-]
SS =0010 00000000 ffffffff 00cf9300 DPL=0 DS   [-WA]
DS =0010 00000000 ffffffff 00cf9300 DPL=0 DS   [-WA]
FS =0010 00000000 ffffffff 00cf9300 DPL=0 DS   [-WA]
GS =0010 00000000 ffffffff 00cf9300 DPL=0 DS   [-WA]
LDT=0000 00000000 0000ffff 00008200 DPL=0 LDT
TR =0000 00000000 0000ffff 00008b00 DPL=0 TSS32-busy
GDT=     00115148 00000017
IDT=     0011c1e0 000007ff
CR0=80000011 CR2=00000000 CR3=00132000 CR4=00000000
DR0=00000000 DR1=00000000 DR2=00000000 DR3=00000000 
DR6=ffff0ff0 DR7=00000400
CCS=0000000c CCD=bffeff38 CCO=SUBL
EFER=0000000000000000
Servicing hardware INT=0x20
    22: v=20 e=0000 i=0 cpl=0 IP=0008:40001670 pc=40001670 SP=0010:bffeff30 env->regs[R_EAX]=50000000
EAX=50000000 EBX=001039e9 ECX=bfff0000 EDX=00132000
ESI=40000285 EDI=00010000 EBP=bffeff8c ESP=bffeff30
EIP=40001670 EFL=00200292 [--S-A--] CPL=0 II=0 A20=1 SMM=0 HLT=0
ES =0010 00000000 ffffffff 00cf9300 DPL=0 DS   [-WA]
CS =0008 00000000 ffffffff 00cf9a00 DPL=0 CS32 [-R-]
SS =0010 00000000 ffffffff 00cf9300 DPL=0 DS   [-WA]
DS =0010 00000000 ffffffff 00cf9300 DPL=0 DS   [-WA]
FS =0010 00000000 ffffffff 00cf9300 DPL=0 DS   [-WA]
GS =0010 00000000 ffffffff 00cf9300 DPL=0 DS   [-WA]
LDT=0000 00000000 0000ffff 00008200 DPL=0 LDT
TR =0000 00000000 0000ffff 00008b00 DPL=0 TSS32-busy
GDT=     00115148 00000017
IDT=     0011c1e0 000007ff
CR0=80000011 CR2=00000000 CR3=00132000 CR4=00000000
DR0=00000000 DR1=00000000 DR2=00000000 DR3=00000000 
DR6=ffff0ff0 DR7=00000400
CCS=00000090 CCD=bffeff04 CCO=EFLAGS
EFER=0000000000000000
Servicing hardware INT=0x20
    23: v=20 e=0000 i=0 cpl=0 IP=0008:40001670 pc=40001670 SP=0010:bffeff30 env->regs[R_EAX]=50000000
EAX=50000000 EBX=001039e9 ECX=bfff0000 EDX=00132000
ESI=40000285 EDI=00010000 EBP=bffeff8c ESP=bffeff30
EIP=40001670 EFL=00210292 [--S-A--] CPL=0 II=0 A20=1 SMM=0 HLT=0
ES =0010 00000000 ffffffff 00cf9300 DPL=0 DS   [-WA]
CS =0008 00000000 ffffffff 00cf9a00 DPL=0 CS32 [-R-]
SS =0010 00000000 ffffffff 00cf9300 DPL=0 DS   [-WA]
DS =0010 00000000 ffffffff 00cf9300 DPL=0 DS   [-WA]
FS =0010 00000000 ffffffff 00cf9300 DPL=0 DS   [-WA]
GS =0010 00000000 ffffffff 00cf9300 DPL=0 DS   [-WA]
LDT=0000 00000000 0000ffff 00008200 DPL=0 LDT
TR =0000 00000000 0000ffff 00008b00 DPL=0 TSS32-busy
GDT=     00115148 00000017
IDT=     0011c1e0 000007ff
CR0=80000011 CR2=00000000 CR3=00132000 CR4=00000000
DR0=00000000 DR1=00000000 DR2=00000000 DR3=00000000 
DR6=ffff0ff0 DR7=00000400
CCS=00000090 CCD=0011c1c8 CCO=EFLAGS
EFER=0000000000000000
    24: v=80 e=0000 i=1 cpl=0 IP=0008:4000162e pc=4000162e SP=0010:bffeff30 env->regs[R_EAX]=00000002
EAX=00000002 EBX=001039e9 ECX=bfff0000 EDX=00010000
ESI=50000000 EDI=00000007 EBP=bffeff8c ESP=bffeff30
EIP=4000162e EFL=00200282 [--S----] CPL=0 II=0 A20=1 SMM=0 HLT=0
ES =0010 00000000 ffffffff 00cf9300 DPL=0 DS   [-WA]
CS =0008 00000000 ffffffff 00cf9a00 DPL=0 CS32 [-R-]
SS =0010 00000000 ffffffff 00cf9300 DPL=0 DS   [-WA]
DS =0010 00000000 ffffffff 00cf9300 DPL=0 DS   [-WA]
FS =0010 00000000 ffffffff 00cf9300 DPL=0 DS   [-WA]
GS =0010 00000000 ffffffff 00cf9300 DPL=0 DS   [-WA]
LDT=0000 00000000 0000ffff 00008200 DPL=0 LDT
TR =0000 00000000 0000ffff 00008b00 DPL=0 TSS32-busy
GDT=     00115148 00000017
IDT=     0011c1e0 000007ff
CR0=80000011 CR2=00000000 CR3=00132000 CR4=00000000
DR0=00000000 DR1=00000000 DR2=00000000 DR3=00000000 
DR6=ffff0ff0 DR7=00000400
CCS=00000004 CCD=bffeff40 CCO=SUBL
EFER=0000000000000000
Servicing hardware INT=0x20
    25: v=20 e=0000 i=0 cpl=0 IP=0008:40001630 pc=40001630 SP=0010:bffeff30 env->regs[R_EAX]=00000000
EAX=00000000 EBX=001039e9 ECX=bfff0000 EDX=00010000
ESI=50000000 EDI=00000007 EBP=bffeff8c ESP=bffeff30
EIP=40001630 EFL=00200282 [--S----] CPL=0 II=0 A20=1 SMM=0 HLT=0
ES =0010 00000000 ffffffff 00cf9300 DPL=0 DS   [-WA]
CS =0008 00000000 ffffffff 00cf9a00 DPL=0 CS32 [-R-]
SS =0010 00000000 ffffffff 00cf9300 DPL=0 DS   [-WA]
DS =0010 00000000 ffffffff 00cf9300 DPL=0 DS   [-WA]
FS =0010 00000000 ffffffff 00cf9300 DPL=0 DS   [-WA]
GS =0010 00000000 ffffffff 00cf9300 DPL=0 DS   [-WA]
LDT=0000 00000000 0000ffff 00008200 DPL=0 LDT
TR =0000 00000000 0000ffff 00008b00 DPL=0 TSS32-busy
GDT=     00115148 00000017
IDT=     0011c1e0 000007ff
CR0=80000011 CR2=00000000 CR3=00132000 CR4=00000000
DR0=00000000 DR1=00000000 DR2=00000000 DR3=00000000 
DR6=ffff0ff0 DR7=00000400
CCS=00000080 CCD=bffeff04 CCO=EFLAGS
EFER=0000000000000000
    26: v=80 e=0000 i=1 cpl=0 IP=0008:4000161a pc=4000161a SP=0010:bffeff10 env->regs[R_EAX]=00000001
EAX=00000001 EBX=001039e9 ECX=bfff0000 EDX=0000001d
ESI=400020f6 EDI=00000006 EBP=bffeff2c ESP=bffeff10
EIP=4000161a EFL=00200282 [--S----] CPL=0 II=0 A20=1 SMM=0 HLT=0
ES =0010 00000000 ffffffff 00cf9300 DPL=0 DS   [-WA]
CS =0008 00000000 ffffffff 00cf9a00 DPL=0 CS32 [-R-]
SS =0010 00000000 ffffffff 00cf9300 DPL=0 DS   [-WA]
DS =0010 00000000 ffffffff 00cf9300 DPL=0 DS   [-WA]
FS =0010 00000000 ffffffff 00cf9300 DPL=0 DS   [-WA]
GS =0010 00000000 ffffffff 00cf9300 DPL=0 DS   [-WA]
LDT=0000 00000000 0000ffff 00008200 DPL=0 LDT
TR =0000 00000000 0000ffff 00008b00 DPL=0 TSS32-busy
GDT=     00115148 00000017
IDT=     0011c1e0 000007ff
CR0=80000011 CR2=00000000 CR3=00132000 CR4=00000000
DR0=00000000 DR1=00000000 DR2=00000000 DR3=00000000 
DR6=ffff0ff0 DR7=00000400
CCS=00000004 CCD=bffeff20 CCO=SUBL
EFER=0000000000000000
    27: v=80 e=0000 i=1 cpl=0 IP=0008:4000166e pc=4000166e SP=0010:bffeff30 env->regs[R_EAX]=00000007
EAX=00000007 EBX=001039e9 ECX=bfff0000 EDX=50000000
ESI=400020f6 EDI=000000a0 EBP=bffeff8c ESP=bffeff30
EIP=4000166e EFL=00200292 [--S-A--] CPL=0 II=0 A20=1 SMM=0 HLT=0
ES =0010 00000000 ffffffff 00cf9300 DPL=0 DS   [-WA]
CS =0008 00000000 ffffffff 00cf9a00 DPL=0 CS32 [-R-]
SS =0010 00000000 ffffffff 00cf9300 DPL=0 DS   [-WA]
DS =0010 00000000 ffffffff 00cf9300 DPL=0 DS   [-WA]
FS =0010 00000000 ffffffff 00cf9300 DPL=0 DS   [-WA]
GS =0010 00000000 ffffffff 00cf9300 DPL=0 DS   [-WA]
LDT=0000 00000000 0000ffff 00008200 DPL=0 LDT
TR =0000 00000000 0000ffff 00008b00 DPL=0 TSS32-busy
GDT=     00115148 00000017
IDT=     0011c1e0 000007ff
CR0=80000011 CR2=00000000 CR3=00132000 CR4=00000000
DR0=00000000 DR1=00000000 DR2=00000000 DR3=00000000 
DR6=ffff0ff0 DR7=00000400
CCS=0000000c CCD=bffeff38 CCO=SUBL
EFER=0000000000000000
    28: v=80 e=0000 i=1 cpl=0 IP=0008:4000166e pc=4000166e SP=0010:bffeff30 env->regs[R_EAX]=00000007
EAX=00000007 EBX=001039e9 ECX=bfff0000 EDX=50000000
ESI=400020f6 EDI=00000009 EBP=bffeff8c ESP=bffeff30
EIP=4000166e EFL=00200292 [--S-A--] CPL=0 II=0 A20=1 SMM=0 HLT=0
ES =0010 00000000 ffffffff 00cf9300 DPL=0 DS   [-WA]
CS =0008 00000000 ffffffff 00cf9a00 DPL=0 CS32 [-R-]
SS =0010 00000000 ffffffff 00cf9300 DPL=0 DS   [-WA]
DS =0010 00000000 ffffffff 00cf9300 DPL=0 DS   [-WA]
FS =0010 00000000 ffffffff 00cf9300 DPL=0 DS   [-WA]
GS =0010 00000000 ffffffff 00cf9300 DPL=0 DS   [-WA]
LDT=0000 00000000 0000ffff 00008200 DPL=0 LDT
TR =0000 00000000 0000ffff 00008b00 DPL=0 TSS32-busy
GDT=     00115148 00000017
IDT=     0011c1e0 000007ff
CR0=80000011 CR2=00000000 CR3=00132000 CR4=00000000
DR0=00000000 DR1=00000000 DR2=00000000 DR3=00000000 
DR6=ffff0ff0 DR7=00000400
CCS=0000000c CCD=bffeff38 CCO=SUBL
EFER=0000000000000000
Servicing hardware INT=0x20
    29: v=20 e=0000 i=0 cpl=0 IP=0008:40001670 pc=40001670 SP=0010:bffeff30 env->regs[R_EAX]=50011000
EAX=50011000 EBX=001039e9 ECX=bfff0000 EDX=50000000
ESI=400020f6 EDI=00000009 EBP=bffeff8c ESP=bffeff30
EIP=40001670 EFL=00200292 [--S-A--] CPL=0 II=0 A20=1 SMM=0 HLT=0
ES =0010 00000000 ffffffff 00cf9300 DPL=0 DS   [-WA]
CS =0008 00000000 ffffffff 00cf9a00 DPL=0 CS32 [-R-]
SS =0010 00000000 ffffffff 00cf9300 DPL=0 DS   [-WA]
DS =0010 00000000 ffffffff 00cf9300 DPL=0 DS   [-WA]
FS =0010 00000000 ffffffff 00cf9300 DPL=0 DS   [-WA]
GS =0010 00000000 ffffffff 00cf9300 DPL=0 DS   [-WA]
LDT=0000 00000000 0000ffff 00008200 DPL=0 LDT
TR =0000 00000000 0000ffff 00008b00 DPL=0 TSS32-busy
GDT=     00115148 00000017
IDT=     0011c1e0 000007ff
CR0=80000011 CR2=00000000 CR3=00132000 CR4=00000000
DR0=00000000 DR1=00000000 DR2=00000000 DR3=00000000 
DR6=ffff0ff0 DR7=00000400
CCS=00000090 CCD=bffeff04 CCO=EFLAGS
EFER=0000000000000000
    30: v=80 e=0000 i=1 cpl=0 IP=0008:4000166e pc=4000166e SP=0010:bffeff30 env->regs[R_EAX]=00000007
EAX=00000007 EBX=001039e9 ECX=50011000 EDX=50011000
ESI=400020f6 EDI=00000080 EBP=bffeff8c ESP=bffeff30
EIP=4000166e EFL=00200292 [--S-A--] CPL=0 II=0 A20=1 SMM=0 HLT=0
ES =0010 00000000 ffffffff 00cf9300 DPL=0 DS   [-WA]
CS =0008 00000000 ffffffff 00cf9a00 DPL=0 CS32 [-R-]
SS =0010 00000000 ffffffff 00cf9300 DPL=0 DS   [-WA]
DS =0010 00000000 ffffffff 00cf9300 DPL=0 DS   [-WA]
FS =0010 00000000 ffffffff 00cf9300 DPL=0 DS   [-WA]
GS =0010 00000000 ffffffff 00cf9300 DPL=0 DS   [-WA]
LDT=0000 00000000 0000ffff 00008200 DPL=0 LDT
TR =0000 00000000 0000ffff 00008b00 DPL=0 TSS32-busy
GDT=     00115148 00000017
IDT=     0011c1e0 000007ff
CR0=80000011 CR2=00000000 CR3=00132000 CR4=00000000
DR0=00000000 DR1=00000000 DR2=00000000 DR3=00000000 
DR6=ffff0ff0 DR7=00000400
CCS=0000000c CCD=bffeff38 CCO=SUBL
EFER=0000000000000000
    31: v=80 e=0000 i=1 cpl=0 IP=0008:4000166e pc=4000166e SP=0010:bffeff30 env->regs[R_EAX]=00000007
EAX=00000007 EBX=50012000 ECX=00000001 EDX=50010000
ESI=400020f6 EDI=00000004 EBP=bffeff8c ESP=bffeff30
EIP=4000166e EFL=00200292 [--S-A--] CPL=0 II=0 A20=1 SMM=0 HLT=0
ES =0010 00000000 ffffffff 00cf9300 DPL=0 DS   [-WA]
CS =0008 00000000 ffffffff 00cf9a00 DPL=0 CS32 [-R-]
SS =0010 00000000 ffffffff 00cf9300 DPL=0 DS   [-WA]
DS =0010 00000000 ffffffff 00cf9300 DPL=0 DS   [-WA]
FS =0010 00000000 ffffffff 00cf9300 DPL=0 DS   [-WA]
GS =0010 00000000 ffffffff 00cf9300 DPL=0 DS   [-WA]
LDT=0000 00000000 0000ffff 00008200 DPL=0 LDT
TR =0000 00000000 0000ffff 00008b00 DPL=0 TSS32-busy
GDT=     00115148 00000017
IDT=     0011c1e0 000007ff
CR0=80000011 CR2=00000000 CR3=00132000 CR4=00000000
DR0=00000000 DR1=00000000 DR2=00000000 DR3=00000000 
DR6=ffff0ff0 DR7=00000400
CCS=0000000c CCD=bffeff38 CCO=SUBL
EFER=0000000000000000
    32: v=80 e=0000 i=1 cpl=0 IP=0008:4000166e pc=4000166e SP=0010:bffeff30 env->regs[R_EAX]=00000007
EAX=00000007 EBX=50012000 ECX=50013000 EDX=5000000d
ESI=400020f6 EDI=00000005 EBP=bffeff8c ESP=bffeff30
EIP=4000166e EFL=00200292 [--S-A--] CPL=0 II=0 A20=1 SMM=0 HLT=0
ES =0010 00000000 ffffffff 00cf9300 DPL=0 DS   [-WA]
CS =0008 00000000 ffffffff 00cf9a00 DPL=0 CS32 [-R-]
SS =0010 00000000 ffffffff 00cf9300 DPL=0 DS   [-WA]
DS =0010 00000000 ffffffff 00cf9300 DPL=0 DS   [-WA]
FS =0010 00000000 ffffffff 00cf9300 DPL=0 DS   [-WA]
GS =0010 00000000 ffffffff 00cf9300 DPL=0 DS   [-WA]
LDT=0000 00000000 0000ffff 00008200 DPL=0 LDT
TR =0000 00000000 0000ffff 00008b00 DPL=0 TSS32-busy
GDT=     00115148 00000017
IDT=     0011c1e0 000007ff
CR0=80000011 CR2=00000000 CR3=00132000 CR4=00000000
DR0=00000000 DR1=00000000 DR2=00000000 DR3=00000000 
DR6=ffff0ff0 DR7=00000400
CCS=0000000c CCD=bffeff38 CCO=SUBL
EFER=0000000000000000
    33: v=80 e=0000 i=1 cpl=0 IP=0008:4000166e pc=4000166e SP=0010:bffeff30 env->regs[R_EAX]=00000007
EAX=00000007 EBX=50012000 ECX=00000002 EDX=50010000
ESI=400020f6 EDI=00000004 EBP=bffeff8c ESP=bffeff30
EIP=4000166e EFL=00200292 [--S-A--] CPL=0 II=0 A20=1 SMM=0 HLT=0
ES =0010 00000000 ffffffff 00cf9300 DPL=0 DS   [-WA]
CS =0008 00000000 ffffffff 00cf9a00 DPL=0 CS32 [-R-]
SS =0010 00000000 ffffffff 00cf9300 DPL=0 DS   [-WA]
DS =0010 00000000 ffffffff 00cf9300 DPL=0 DS   [-WA]
FS =0010 00000000 ffffffff 00cf9300 DPL=0 DS   [-WA]
GS =0010 00000000 ffffffff 00cf9300 DPL=0 DS   [-WA]
LDT=0000 00000000 0000ffff 00008200 DPL=0 LDT
TR =0000 00000000 0000ffff 00008b00 DPL=0 TSS32-busy
GDT=     00115148 00000017
IDT=     0011c1e0 000007ff
CR0=80000011 CR2=00000000 CR3=00132000 CR4=00000000
DR0=00000000 DR1=00000000 DR2=00000000 DR3=00000000 
DR6=ffff0ff0 DR7=00000400
CCS=0000000c CCD=bffeff38 CCO=SUBL
EFER=0000000000000000
    34: v=80 e=0000 i=1 cpl=0 IP=0008:4000166e pc=4000166e SP=0010:bffeff30 env->regs[R_EAX]=00000007
EAX=00000007 EBX=50012000 ECX=50015000 EDX=50000016
ESI=400020f6 EDI=00000002 EBP=bffeff8c ESP=bffeff30
EIP=4000166e EFL=00200292 [--S-A--] CPL=0 II=0 A20=1 SMM=0 HLT=0
ES =0010 00000000 ffffffff 00cf9300 DPL=0 DS   [-WA]
CS =0008 00000000 ffffffff 00cf9a00 DPL=0 CS32 [-R-]
SS =0010 00000000 ffffffff 00cf9300 DPL=0 DS   [-WA]
DS =0010 00000000 ffffffff 00cf9300 DPL=0 DS   [-WA]
FS =0010 00000000 ffffffff 00cf9300 DPL=0 DS   [-WA]
GS =0010 00000000 ffffffff 00cf9300 DPL=0 DS   [-WA]
LDT=0000 00000000 0000ffff 00008200 DPL=0 LDT
TR =0000 00000000 0000ffff 00008b00 DPL=0 TSS32-busy
GDT=     00115148 00000017
IDT=     0011c1e0 000007ff
CR0=80000011 CR2=00000000 CR3=00132000 CR4=00000000
DR0=00000000 DR1=00000000 DR2=00000000 DR3=00000000 
DR6=ffff0ff0 DR7=00000400
CCS=0000000c CCD=bffeff38 CCO=SUBL
EFER=0000000000000000
Servicing hardware INT=0x20
    35: v=20 e=0000 i=0 cpl=0 IP=0008:40001670 pc=40001670 SP=0010:bffeff30 env->regs[R_EAX]=50016000
EAX=50016000 EBX=50012000 ECX=50015000 EDX=50000016
ESI=400020f6 EDI=00000002 EBP=bffeff8c ESP=bffeff30
EIP=40001670 EFL=00200292 [--S-A--] CPL=0 II=0 A20=1 SMM=0 HLT=0
ES =0010 00000000 ffffffff 00cf9300 DPL=0 DS   [-WA]
CS =0008 00000000 ffffffff 00cf9a00 DPL=0 CS32 [-R-]
SS =0010 00000000 ffffffff 00cf9300 DPL=0 DS   [-WA]
DS =0010 00000000 ffffffff 00cf9300 DPL=0 DS   [-WA]
FS =0010 00000000 ffffffff 00cf9300 DPL=0 DS   [-WA]
GS =0010 00000000 ffffffff 00cf9300 DPL=0 DS   [-WA]
LDT=0000 00000000 0000ffff 00008200 DPL=0 LDT
TR =0000 00000000 0000ffff 00008b00 DPL=0 TSS32-busy
GDT=     00115148 00000017
IDT=     0011c1e0 000007ff
CR0=80000011 CR2=00000000 CR3=00132000 CR4=00000000
DR0=00000000 DR1=00000000 DR2=00000000 DR3=00000000 
DR6=ffff0ff0 DR7=00000400
CCS=00000090 CCD=bffeff04 CCO=EFLAGS
EFER=0000000000000000
    36: v=80 e=0000 i=1 cpl=0 IP=0008:4000166e pc=4000166e SP=0010:bffeff30 env->regs[R_EAX]=00000007
EAX=00000007 EBX=50012000 ECX=00000003 EDX=50010000
ESI=400020f6 EDI=00000004 EBP=bffeff8c ESP=bffeff30
EIP=4000166e EFL=00200292 [--S-A--] CPL=0 II=0 A20=1 SMM=0 HLT=0
ES =0010 00000000 ffffffff 00cf9300 DPL=0 DS   [-WA]
CS =0008 00000000 ffffffff 00cf9a00 DPL=0 CS32 [-R-]
SS =0010 00000000 ffffffff 00cf9300 DPL=0 DS   [-WA]
DS =0010 00000000 ffffffff 00cf9300 DPL=0 DS   [-WA]
FS =0010 00000000 ffffffff 00cf9300 DPL=0 DS   [-WA]
GS =0010 00000000 ffffffff 00cf9300 DPL=0 DS   [-WA]
LDT=0000 00000000 0000ffff 00008200 DPL=0 LDT
TR =0000 00000000 0000ffff 00008b00 DPL=0 TSS32-busy
GDT=     00115148 00000017
IDT=     0011c1e0 000007ff
CR0=80000011 CR2=00000000 CR3=00132000 CR4=00000000
DR0=00000000 DR1=00000000 DR2=00000000 DR3=00000000 
DR6=ffff0ff0 DR7=00000400
CCS=0000000c CCD=bffeff38 CCO=SUBL
EFER=0000000000000000
    37: v=80 e=0000 i=1 cpl=0 IP=0008:4000166e pc=4000166e SP=0010:bffeff30 env->regs[R_EAX]=00000007
EAX=00000007 EBX=50012000 ECX=50017000 EDX=5000001c
ESI=400020f6 EDI=00000002 EBP=bffeff8c ESP=bffeff30
EIP=4000166e EFL=00200292 [--S-A--] CPL=0 II=0 A20=1 SMM=0 HLT=0
ES =0010 00000000 ffffffff 00cf9300 DPL=0 DS   [-WA]
CS =0008 00000000 ffffffff 00cf9a00 DPL=0 CS32 [-R-]
SS =0010 00000000 ffffffff 00cf9300 DPL=0 DS   [-WA]
DS =0010 00000000 ffffffff 00cf9300 DPL=0 DS   [-WA]
FS =0010 00000000 ffffffff 00cf9300 DPL=0 DS   [-WA]
GS =0010 00000000 ffffffff 00cf9300 DPL=0 DS   [-WA]
LDT=0000 00000000 0000ffff 00008200 DPL=0 LDT
TR =0000 00000000 0000ffff 00008b00 DPL=0 TSS32-busy
GDT=     00115148 00000017
IDT=     0011c1e0 000007ff
CR0=80000011 CR2=00000000 CR3=00132000 CR4=00000000
DR0=00000000 DR1=00000000 DR2=00000000 DR3=00000000 
DR6=ffff0ff0 DR7=00000400
CCS=0000000c CCD=bffeff38 CCO=SUBL
EFER=0000000000000000
    38: v=80 e=0000 i=1 cpl=0 IP=0008:4000166e pc=4000166e SP=0010:bffeff30 env->regs[R_EAX]=00000007
EAX=00000007 EBX=50012000 ECX=50018000 EDX=50000020
ESI=400020f6 EDI=00000008 EBP=bffeff8c ESP=bffeff30
EIP=4000166e EFL=00200292 [--S-A--] CPL=0 II=0 A20=1 SMM=0 HLT=0
ES =0010 00000000 ffffffff 00cf9300 DPL=0 DS   [-WA]
CS =0008 00000000 ffffffff 00cf9a00 DPL=0 CS32 [-R-]
SS =0010 00000000 ffffffff 00cf9300 DPL=0 DS   [-WA]
DS =0010 00000000 ffffffff 00cf9300 DPL=0 DS   [-WA]
FS =0010 00000000 ffffffff 00cf9300 DPL=0 DS   [-WA]
GS =0010 00000000 ffffffff 00cf9300 DPL=0 DS   [-WA]
LDT=0000 00000000 0000ffff 00008200 DPL=0 LDT
TR =0000 00000000 0000ffff 00008b00 DPL=0 TSS32-busy
GDT=     00115148 00000017
IDT=     0011c1e0 000007ff
CR0=80000011 CR2=00000000 CR3=00132000 CR4=00000000
DR0=00000000 DR1=00000000 DR2=00000000 DR3=00000000 
DR6=ffff0ff0 DR7=00000400
CCS=0000000c CCD=bffeff38 CCO=SUBL
EFER=0000000000000000
    39: v=80 e=0000 i=1 cpl=0 IP=0008:4000167a pc=4000167a SP=0010:bffeff30 env->regs[R_EAX]=00000008
EAX=00000008 EBX=50012000 ECX=50019000 EDX=00105a9c
ESI=400020f6 EDI=50019000 EBP=bffeff8c ESP=bffeff30
EIP=4000167a EFL=00200292 [--S-A--] CPL=0 II=0 A20=1 SMM=0 HLT=0
ES =0010 00000000 ffffffff 00cf9300 DPL=0 DS   [-WA]
CS =0008 00000000 ffffffff 00cf9a00 DPL=0 CS32 [-R-]
SS =0010 00000000 ffffffff 00cf9300 DPL=0 DS   [-WA]
DS =0010 00000000 ffffffff 00cf9300 DPL=0 DS   [-WA]
FS =0010 00000000 ffffffff 00cf9300 DPL=0 DS   [-WA]
GS =0010 00000000 ffffffff 00cf9300 DPL=0 DS   [-WA]
LDT=0000 00000000 0000ffff 00008200 DPL=0 LDT
TR =0000 00000000 0000ffff 00008b00 DPL=0 TSS32-busy
GDT=     00115148 00000017
IDT=     0011c1e0 000007ff
CR0=80000011 CR2=00000000 CR3=00132000 CR4=00000000
DR0=00000000 DR1=00000000 DR2=00000000 DR3=00000000 
DR6=ffff0ff0 DR7=00000400
CCS=0000000c CCD=bffeff38 CCO=SUBL
EFER=0000000000000000
    40: v=80 e=0000 i=1 cpl=0 IP=0008:4000166e pc=4000166e SP=0010:bffeff30 env->regs[R_EAX]=00000007
EAX=00000007 EBX=50012000 ECX=50019000 EDX=50000028
ESI=400020f6 EDI=0000000f EBP=bffeff8c ESP=bffeff30
EIP=4000166e EFL=00200292 [--S-A--] CPL=0 II=0 A20=1 SMM=0 HLT=0
ES =0010 00000000 ffffffff 00cf9300 DPL=0 DS   [-WA]
CS =0008 00000000 ffffffff 00cf9a00 DPL=0 CS32 [-R-]
SS =0010 00000000 ffffffff 00cf9300 DPL=0 DS   [-WA]
DS =0010 00000000 ffffffff 00cf9300 DPL=0 DS   [-WA]
FS =0010 00000000 ffffffff 00cf9300 DPL=0 DS   [-WA]
GS =0010 00000000 ffffffff 00cf9300 DPL=0 DS   [-WA]
LDT=0000 00000000 0000ffff 00008200 DPL=0 LDT
TR =0000 00000000 0000ffff 00008b00 DPL=0 TSS32-busy
GDT=     00115148 00000017
IDT=     0011c1e0 000007ff
CR0=80000011 CR2=00000000 CR3=00132000 CR4=00000000
DR0=00000000 DR1=00000000 DR2=00000000 DR3=00000000 
DR6=ffff0ff0 DR7=00000400
CCS=0000000c CCD=bffeff38 CCO=SUBL
EFER=0000000000000000
    41: v=80 e=0000 i=1 cpl=0 IP=0008:4000166e pc=4000166e SP=0010:bffeff30 env->regs[R_EAX]=00000007
EAX=00000007 EBX=50012000 ECX=5001a000 EDX=5001a000
ESI=400020f6 EDI=00000080 EBP=bffeff8c ESP=bffeff30
EIP=4000166e EFL=00200292 [--S-A--] CPL=0 II=0 A20=1 SMM=0 HLT=0
ES =0010 00000000 ffffffff 00cf9300 DPL=0 DS   [-WA]
CS =0008 00000000 ffffffff 00cf9a00 DPL=0 CS32 [-R-]
SS =0010 00000000 ffffffff 00cf9300 DPL=0 DS   [-WA]
DS =0010 00000000 ffffffff 00cf9300 DPL=0 DS   [-WA]
FS =0010 00000000 ffffffff 00cf9300 DPL=0 DS   [-WA]
GS =0010 00000000 ffffffff 00cf9300 DPL=0 DS   [-WA]
LDT=0000 00000000 0000ffff 00008200 DPL=0 LDT
TR =0000 00000000 0000ffff 00008b00 DPL=0 TSS32-busy
GDT=     00115148 00000017
IDT=     0011c1e0 000007ff
CR0=80000011 CR2=00000000 CR3=00132000 CR4=00000000
DR0=00000000 DR1=00000000 DR2=00000000 DR3=00000000 
DR6=ffff0ff0 DR7=00000400
CCS=0000000c CCD=bffeff38 CCO=SUBL
EFER=0000000000000000
    42: v=80 e=0000 i=1 cpl=0 IP=0008:4000166e pc=4000166e SP=0010:bffeff30 env->regs[R_EAX]=00000007
EAX=00000007 EBX=50012000 ECX=5001a000 EDX=5000003a
ESI=400020f6 EDI=00000008 EBP=bffeff8c ESP=bffeff30
EIP=4000166e EFL=00200292 [--S-A--] CPL=0 II=0 A20=1 SMM=0 HLT=0
ES =0010 00000000 ffffffff 00cf9300 DPL=0 DS   [-WA]
CS =0008 00000000 ffffffff 00cf9a00 DPL=0 CS32 [-R-]
SS =0010 00000000 ffffffff 00cf9300 DPL=0 DS   [-WA]
DS =0010 00000000 ffffffff 00cf9300 DPL=0 DS   [-WA]
FS =0010 00000000 ffffffff 00cf9300 DPL=0 DS   [-WA]
GS =0010 00000000 ffffffff 00cf9300 DPL=0 DS   [-WA]
LDT=0000 00000000 0000ffff 00008200 DPL=0 LDT
TR =0000 00000000 0000ffff 00008b00 DPL=0 TSS32-busy
GDT=     00115148 00000017
IDT=     0011c1e0 000007ff
CR0=80000011 CR2=00000000 CR3=00132000 CR4=00000000
DR0=00000000 DR1=00000000 DR2=00000000 DR3=00000000 
DR6=ffff0ff0 DR7=00000400
CCS=0000000c CCD=bffeff38 CCO=SUBL
EFER=0000000000000000
Servicing hardware INT=0x20
    43: v=20 e=0000 i=0 cpl=0 IP=0008:40001670 pc=40001670 SP=0010:bffeff30 env->regs[R_EAX]=5001c000
EAX=5001c000 EBX=50012000 ECX=5001a000 EDX=5000003a
ESI=400020f6 EDI=00000008 EBP=bffeff8c ESP=bffeff30
EIP=40001670 EFL=00200292 [--S-A--] CPL=0 II=0 A20=1 SMM=0 HLT=0
ES =0010 00000000 ffffffff 00cf9300 DPL=0 DS   [-WA]
CS =0008 00000000 ffffffff 00cf9a00 DPL=0 CS32 [-R-]
SS =0010 00000000 ffffffff 00cf9300 DPL=0 DS   [-WA]
DS =0010 00000000 ffffffff 00cf9300 DPL=0 DS   [-WA]
FS =0010 00000000 ffffffff 00cf9300 DPL=0 DS   [-WA]
GS =0010 00000000 ffffffff 00cf9300 DPL=0 DS   [-WA]
LDT=0000 00000000 0000ffff 00008200 DPL=0 LDT
TR =0000 00000000 0000ffff 00008b00 DPL=0 TSS32-busy
GDT=     00115148 00000017
IDT=     0011c1e0 000007ff
CR0=80000011 CR2=00000000 CR3=00132000 CR4=00000000
DR0=00000000 DR1=00000000 DR2=00000000 DR3=00000000 
DR6=ffff0ff0 DR7=00000400
CCS=00000090 CCD=bffeff04 CCO=EFLAGS
EFER=0000000000000000
    44: v=80 e=0000 i=1 cpl=0 IP=0008:4000167a pc=4000167a SP=0010:bffeff30 env->regs[R_EAX]=00000008
EAX=00000008 EBX=50012000 ECX=5001c000 EDX=00105b2a
ESI=400020f6 EDI=5001c000 EBP=bffeff8c ESP=bffeff30
EIP=4000167a EFL=00200292 [--S-A--] CPL=0 II=0 A20=1 SMM=0 HLT=0
ES =0010 00000000 ffffffff 00cf9300 DPL=0 DS   [-WA]
CS =0008 00000000 ffffffff 00cf9a00 DPL=0 CS32 [-R-]
SS =0010 00000000 ffffffff 00cf9300 DPL=0 DS   [-WA]
DS =0010 00000000 ffffffff 00cf9300 DPL=0 DS   [-WA]
FS =0010 00000000 ffffffff 00cf9300 DPL=0 DS   [-WA]
GS =0010 00000000 ffffffff 00cf9300 DPL=0 DS   [-WA]
LDT=0000 00000000 0000ffff 00008200 DPL=0 LDT
TR =0000 00000000 0000ffff 00008b00 DPL=0 TSS32-busy
GDT=     00115148 00000017
IDT=     0011c1e0 000007ff
CR0=80000011 CR2=00000000 CR3=00132000 CR4=00000000
DR0=00000000 DR1=00000000 DR2=00000000 DR3=00000000 
DR6=ffff0ff0 DR7=00000400
CCS=0000000c CCD=bffeff38 CCO=SUBL
EFER=0000000000000000
    45: v=80 e=0000 i=1 cpl=0 IP=0008:4000166e pc=4000166e SP=0010:bffeff30 env->regs[R_EAX]=00000007
EAX=00000007 EBX=50012000 ECX=5001c000 EDX=50000042
ESI=400020f6 EDI=0000000e EBP=bffeff8c ESP=bffeff30
EIP=4000166e EFL=00200292 [--S-A--] CPL=0 II=0 A20=1 SMM=0 HLT=0
ES =0010 00000000 ffffffff 00cf9300 DPL=0 DS   [-WA]
CS =0008 00000000 ffffffff 00cf9a00 DPL=0 CS32 [-R-]
SS =0010 00000000 ffffffff 00cf9300 DPL=0 DS   [-WA]
DS =0010 00000000 ffffffff 00cf9300 DPL=0 DS   [-WA]
FS =0010 00000000 ffffffff 00cf9300 DPL=0 DS   [-WA]
GS =0010 00000000 ffffffff 00cf9300 DPL=0 DS   [-WA]
LDT=0000 00000000 0000ffff 00008200 DPL=0 LDT
TR =0000 00000000 0000ffff 00008b00 DPL=0 TSS32-busy
GDT=     00115148 00000017
IDT=     0011c1e0 000007ff
CR0=80000011 CR2=00000000 CR3=00132000 CR4=00000000
DR0=00000000 DR1=00000000 DR2=00000000 DR3=00000000 
DR6=ffff0ff0 DR7=00000400
CCS=0000000c CCD=bffeff38 CCO=SUBL
EFER=0000000000000000
    46: v=80 e=0000 i=1 cpl=0 IP=0008:4000166e pc=4000166e SP=0010:bffeff30 env->regs[R_EAX]=00000007
EAX=00000007 EBX=50012000 ECX=5001d000 EDX=5001d000
ESI=400020f6 EDI=00000080 EBP=bffeff8c ESP=bffeff30
EIP=4000166e EFL=00200292 [--S-A--] CPL=0 II=0 A20=1 SMM=0 HLT=0
ES =0010 00000000 ffffffff 00cf9300 DPL=0 DS   [-WA]
CS =0008 00000000 ffffffff 00cf9a00 DPL=0 CS32 [-R-]
SS =0010 00000000 ffffffff 00cf9300 DPL=0 DS   [-WA]
DS =0010 00000000 ffffffff 00cf9300 DPL=0 DS   [-WA]
FS =0010 00000000 ffffffff 00cf9300 DPL=0 DS   [-WA]
GS =0010 00000000 ffffffff 00cf9300 DPL=0 DS   [-WA]
LDT=0000 00000000 0000ffff 00008200 DPL=0 LDT
TR =0000 00000000 0000ffff 00008b00 DPL=0 TSS32-busy
GDT=     00115148 00000017
IDT=     0011c1e0 000007ff
CR0=80000011 CR2=00000000 CR3=00132000 CR4=00000000
DR0=00000000 DR1=00000000 DR2=00000000 DR3=00000000 
DR6=ffff0ff0 DR7=00000400
CCS=0000000c CCD=bffeff38 CCO=SUBL
EFER=0000000000000000
    47: v=80 e=0000 i=1 cpl=0 IP=0008:4000166e pc=4000166e SP=0010:bffeff30 env->regs[R_EAX]=00000007
EAX=00000007 EBX=50012000 ECX=5001d000 EDX=50000053
ESI=400020f6 EDI=00000008 EBP=bffeff8c ESP=bffeff30
EIP=4000166e EFL=00200292 [--S-A--] CPL=0 II=0 A20=1 SMM=0 HLT=0
ES =0010 00000000 ffffffff 00cf9300 DPL=0 DS   [-WA]
CS =0008 00000000 ffffffff 00cf9a00 DPL=0 CS32 [-R-]
SS =0010 00000000 ffffffff 00cf9300 DPL=0 DS   [-WA]
DS =0010 00000000 ffffffff 00cf9300 DPL=0 DS   [-WA]
FS =0010 00000000 ffffffff 00cf9300 DPL=0 DS   [-WA]
GS =0010 00000000 ffffffff 00cf9300 DPL=0 DS   [-WA]
LDT=0000 00000000 0000ffff 00008200 DPL=0 LDT
TR =0000 00000000 0000ffff 00008b00 DPL=0 TSS32-busy
GDT=     00115148 00000017
IDT=     0011c1e0 000007ff
CR0=80000011 CR2=00000000 CR3=00132000 CR4=00000000
DR0=00000000 DR1=00000000 DR2=00000000 DR3=00000000 
DR6=ffff0ff0 DR7=00000400
CCS=0000000c CCD=bffeff38 CCO=SUBL
EFER=0000000000000000
    48: v=80 e=0000 i=1 cpl=0 IP=0008:4000167a pc=4000167a SP=0010:bffeff30 env->regs[R_EAX]=00000008
EAX=00000008 EBX=50012000 ECX=5001f000 EDX=00105ad0
ESI=400020f6 EDI=5001f000 EBP=bffeff8c ESP=bffeff30
EIP=4000167a EFL=00200292 [--S-A--] CPL=0 II=0 A20=1 SMM=0 HLT=0
ES =0010 00000000 ffffffff 00cf9300 DPL=0 DS   [-WA]
CS =0008 00000000 ffffffff 00cf9a00 DPL=0 CS32 [-R-]
SS =0010 00000000 ffffffff 00cf9300 DPL=0 DS   [-WA]
DS =0010 00000000 ffffffff 00cf9300 DPL=0 DS   [-WA]
FS =0010 00000000 ffffffff 00cf9300 DPL=0 DS   [-WA]
GS =0010 00000000 ffffffff 00cf9300 DPL=0 DS   [-WA]
LDT=0000 00000000 0000ffff 00008200 DPL=0 LDT
TR =0000 00000000 0000ffff 00008b00 DPL=0 TSS32-busy
GDT=     00115148 00000017
IDT=     0011c1e0 000007ff
CR0=80000011 CR2=00000000 CR3=00132000 CR4=00000000
DR0=00000000 DR1=00000000 DR2=00000000 DR3=00000000 
DR6=ffff0ff0 DR7=00000400
CCS=0000000c CCD=bffeff38 CCO=SUBL
EFER=0000000000000000
    49: v=80 e=0000 i=1 cpl=0 IP=0008:4000166e pc=4000166e SP=0010:bffeff30 env->regs[R_EAX]=00000007
EAX=00000007 EBX=50012000 ECX=5001f000 EDX=5000005b
ESI=400020f6 EDI=00000010 EBP=bffeff8c ESP=bffeff30
EIP=4000166e EFL=00200292 [--S-A--] CPL=0 II=0 A20=1 SMM=0 HLT=0
ES =0010 00000000 ffffffff 00cf9300 DPL=0 DS   [-WA]
CS =0008 00000000 ffffffff 00cf9a00 DPL=0 CS32 [-R-]
SS =0010 00000000 ffffffff 00cf9300 DPL=0 DS   [-WA]
DS =0010 00000000 ffffffff 00cf9300 DPL=0 DS   [-WA]
FS =0010 00000000 ffffffff 00cf9300 DPL=0 DS   [-WA]
GS =0010 00000000 ffffffff 00cf9300 DPL=0 DS   [-WA]
LDT=0000 00000000 0000ffff 00008200 DPL=0 LDT
TR =0000 00000000 0000ffff 00008b00 DPL=0 TSS32-busy
GDT=     00115148 00000017
IDT=     0011c1e0 000007ff
CR0=80000011 CR2=00000000 CR3=00132000 CR4=00000000
DR0=00000000 DR1=00000000 DR2=00000000 DR3=00000000 
DR6=ffff0ff0 DR7=00000400
CCS=0000000c CCD=bffeff38 CCO=SUBL
EFER=0000000000000000
    50: v=80 e=0000 i=1 cpl=0 IP=0008:4000166e pc=4000166e SP=0010:bffeff30 env->regs[R_EAX]=00000007
EAX=00000007 EBX=50012000 ECX=50020000 EDX=50020000
ESI=400020f6 EDI=00000080 EBP=bffeff8c ESP=bffeff30
EIP=4000166e EFL=00200292 [--S-A--] CPL=0 II=0 A20=1 SMM=0 HLT=0
ES =0010 00000000 ffffffff 00cf9300 DPL=0 DS   [-WA]
CS =0008 00000000 ffffffff 00cf9a00 DPL=0 CS32 [-R-]
SS =0010 00000000 ffffffff 00cf9300 DPL=0 DS   [-WA]
DS =0010 00000000 ffffffff 00cf9300 DPL=0 DS   [-WA]
FS =0010 00000000 ffffffff 00cf9300 DPL=0 DS   [-WA]
GS =0010 00000000 ffffffff 00cf9300 DPL=0 DS   [-WA]
LDT=0000 00000000 0000ffff 00008200 DPL=0 LDT
TR =0000 00000000 0000ffff 00008b00 DPL=0 TSS32-busy
GDT=     00115148 00000017
IDT=     0011c1e0 000007ff
CR0=80000011 CR2=00000000 CR3=00132000 CR4=00000000
DR0=00000000 DR1=00000000 DR2=00000000 DR3=00000000 
DR6=ffff0ff0 DR7=00000400
CCS=0000000c CCD=bffeff38 CCO=SUBL
EFER=0000000000000000
    51: v=80 e=0000 i=1 cpl=0 IP=0008:4000166e pc=4000166e SP=0010:bffeff30 env->regs[R_EAX]=00000007
EAX=00000007 EBX=50012000 ECX=50020000 EDX=5000006e
ESI=400020f6 EDI=00000008 EBP=bffeff8c ESP=bffeff30
EIP=4000166e EFL=00200292 [--S-A--] CPL=0 II=0 A20=1 SMM=0 HLT=0
ES =0010 00000000 ffffffff 00cf9300 DPL=0 DS   [-WA]
CS =0008 00000000 ffffffff 00cf9a00 DPL=0 CS32 [-R-]
SS =0010 00000000 ffffffff 00cf9300 DPL=0 DS   [-WA]
DS =0010 00000000 ffffffff 00cf9300 DPL=0 DS   [-WA]
FS =0010 00000000 ffffffff 00cf9300 DPL=0 DS   [-WA]
GS =0010 00000000 ffffffff 00cf9300 DPL=0 DS   [-WA]
LDT=0000 00000000 0000ffff 00008200 DPL=0 LDT
TR =0000 00000000 0000ffff 00008b00 DPL=0 TSS32-busy
GDT=     00115148 00000017
IDT=     0011c1e0 000007ff
CR0=80000011 CR2=00000000 CR3=00132000 CR4=00000000
DR0=00000000 DR1=00000000 DR2=00000000 DR3=00000000 
DR6=ffff0ff0 DR7=00000400
CCS=0000000c CCD=bffeff38 CCO=SUBL
EFER=0000000000000000
Servicing hardware INT=0x20
    52: v=20 e=0000 i=0 cpl=0 IP=0008:40001670 pc=40001670 SP=0010:bffeff30 env->regs[R_EAX]=50022000
EAX=50022000 EBX=50012000 ECX=50020000 EDX=5000006e
ESI=400020f6 EDI=00000008 EBP=bffeff8c ESP=bffeff30
EIP=40001670 EFL=00200292 [--S-A--] CPL=0 II=0 A20=1 SMM=0 HLT=0
ES =0010 00000000 ffffffff 00cf9300 DPL=0 DS   [-WA]
CS =0008 00000000 ffffffff 00cf9a00 DPL=0 CS32 [-R-]
SS =0010 00000000 ffffffff 00cf9300 DPL=0 DS   [-WA]
DS =0010 00000000 ffffffff 00cf9300 DPL=0 DS   [-WA]
FS =0010 00000000 ffffffff 00cf9300 DPL=0 DS   [-WA]
GS =0010 00000000 ffffffff 00cf9300 DPL=0 DS   [-WA]
LDT=0000 00000000 0000ffff 00008200 DPL=0 LDT
TR =0000 00000000 0000ffff 00008b00 DPL=0 TSS32-busy
GDT=     00115148 00000017
IDT=     0011c1e0 000007ff
CR0=80000011 CR2=00000000 CR3=00132000 CR4=00000000
DR0=00000000 DR1=00000000 DR2=00000000 DR3=00000000 
DR6=ffff0ff0 DR7=00000400
CCS=00000090 CCD=bffeff04 CCO=EFLAGS
EFER=0000000000000000
    53: v=80 e=0000 i=1 cpl=0 IP=0008:4000167a pc=4000167a SP=0010:bffeff30 env->regs[R_EAX]=00000008
EAX=00000008 EBX=50012000 ECX=50022000 EDX=00105b0c
ESI=400020f6 EDI=50022000 EBP=bffeff8c ESP=bffeff30
EIP=4000167a EFL=00200292 [--S-A--] CPL=0 II=0 A20=1 SMM=0 HLT=0
ES =0010 00000000 ffffffff 00cf9300 DPL=0 DS   [-WA]
CS =0008 00000000 ffffffff 00cf9a00 DPL=0 CS32 [-R-]
SS =0010 00000000 ffffffff 00cf9300 DPL=0 DS   [-WA]
DS =0010 00000000 ffffffff 00cf9300 DPL=0 DS   [-WA]
FS =0010 00000000 ffffffff 00cf9300 DPL=0 DS   [-WA]
GS =0010 00000000 ffffffff 00cf9300 DPL=0 DS   [-WA]
LDT=0000 00000000 0000ffff 00008200 DPL=0 LDT
TR =0000 00000000 0000ffff 00008b00 DPL=0 TSS32-busy
GDT=     00115148 00000017
IDT=     0011c1e0 000007ff
CR0=80000011 CR2=00000000 CR3=00132000 CR4=00000000
DR0=00000000 DR1=00000000 DR2=00000000 DR3=00000000 
DR6=ffff0ff0 DR7=00000400
CCS=0000000c CCD=bffeff38 CCO=SUBL
EFER=0000000000000000
    54: v=80 e=0000 i=1 cpl=0 IP=0008:4000166e pc=4000166e SP=0010:bffeff30 env->regs[R_EAX]=00000007
EAX=00000007 EBX=50012000 ECX=50022000 EDX=50000076
ESI=400020f6 EDI=0000000f EBP=bffeff8c ESP=bffeff30
EIP=4000166e EFL=00200292 [--S-A--] CPL=0 II=0 A20=1 SMM=0 HLT=0
ES =0010 00000000 ffffffff 00cf9300 DPL=0 DS   [-WA]
CS =0008 00000000 ffffffff 00cf9a00 DPL=0 CS32 [-R-]
SS =0010 00000000 ffffffff 00cf9300 DPL=0 DS   [-WA]
DS =0010 00000000 ffffffff 00cf9300 DPL=0 DS   [-WA]
FS =0010 00000000 ffffffff 00cf9300 DPL=0 DS   [-WA]
GS =0010 00000000 ffffffff 00cf9300 DPL=0 DS   [-WA]
LDT=0000 00000000 0000ffff 00008200 DPL=0 LDT
TR =0000 00000000 0000ffff 00008b00 DPL=0 TSS32-busy
GDT=     00115148 00000017
IDT=     0011c1e0 000007ff
CR0=80000011 CR2=00000000 CR3=00132000 CR4=00000000
DR0=00000000 DR1=00000000 DR2=00000000 DR3=00000000 
DR6=ffff0ff0 DR7=00000400
CCS=0000000c CCD=bffeff38 CCO=SUBL
EFER=0000000000000000
    55: v=80 e=0000 i=1 cpl=0 IP=0008:4000166e pc=4000166e SP=0010:bffeff30 env->regs[R_EAX]=00000007
EAX=00000007 EBX=50012000 ECX=50023000 EDX=50023000
ESI=400020f6 EDI=00000080 EBP=bffeff8c ESP=bffeff30
EIP=4000166e EFL=00200292 [--S-A--] CPL=0 II=0 A20=1 SMM=0 HLT=0
ES =0010 00000000 ffffffff 00cf9300 DPL=0 DS   [-WA]
CS =0008 00000000 ffffffff 00cf9a00 DPL=0 CS32 [-R-]
SS =0010 00000000 ffffffff 00cf9300 DPL=0 DS   [-WA]
DS =0010 00000000 ffffffff 00cf9300 DPL=0 DS   [-WA]
FS =0010 00000000 ffffffff 00cf9300 DPL=0 DS   [-WA]
GS =0010 00000000 ffffffff 00cf9300 DPL=0 DS   [-WA]
LDT=0000 00000000 0000ffff 00008200 DPL=0 LDT
TR =0000 00000000 0000ffff 00008b00 DPL=0 TSS32-busy
GDT=     00115148 00000017
IDT=     0011c1e0 000007ff
CR0=80000011 CR2=00000000 CR3=00132000 CR4=00000000
DR0=00000000 DR1=00000000 DR2=00000000 DR3=00000000 
DR6=ffff0ff0 DR7=00000400
CCS=0000000c CCD=bffeff38 CCO=SUBL
EFER=0000000000000000
    56: v=80 e=0000 i=1 cpl=0 IP=0008:4000166e pc=4000166e SP=0010:bffeff30 env->regs[R_EAX]=00000007
EAX=00000007 EBX=50012000 ECX=50023000 EDX=50000088
ESI=400020f6 EDI=00000008 EBP=bffeff8c ESP=bffeff30
EIP=4000166e EFL=00200292 [--S-A--] CPL=0 II=0 A20=1 SMM=0 HLT=0
ES =0010 00000000 ffffffff 00cf9300 DPL=0 DS   [-WA]
CS =0008 00000000 ffffffff 00cf9a00 DPL=0 CS32 [-R-]
SS =0010 00000000 ffffffff 00cf9300 DPL=0 DS   [-WA]
DS =0010 00000000 ffffffff 00cf9300 DPL=0 DS   [-WA]
FS =0010 00000000 ffffffff 00cf9300 DPL=0 DS   [-WA]
GS =0010 00000000 ffffffff 00cf9300 DPL=0 DS   [-WA]
LDT=0000 00000000 0000ffff 00008200 DPL=0 LDT
TR =0000 00000000 0000ffff 00008b00 DPL=0 TSS32-busy
GDT=     00115148 00000017
IDT=     0011c1e0 000007ff
CR0=80000011 CR2=00000000 CR3=00132000 CR4=00000000
DR0=00000000 DR1=00000000 DR2=00000000 DR3=00000000 
DR6=ffff0ff0 DR7=00000400
CCS=0000000c CCD=bffeff38 CCO=SUBL
EFER=0000000000000000
    57: v=80 e=0000 i=1 cpl=0 IP=0008:4000167a pc=4000167a SP=0010:bffeff30 env->regs[R_EAX]=00000008
EAX=00000008 EBX=50012000 ECX=50025000 EDX=00105aee
ESI=400020f6 EDI=50025000 EBP=bffeff8c ESP=bffeff30
EIP=4000167a EFL=00200292 [--S-A--] CPL=0 II=0 A20=1 SMM=0 HLT=0
ES =0010 00000000 ffffffff 00cf9300 DPL=0 DS   [-WA]
CS =0008 00000000 ffffffff 00cf9a00 DPL=0 CS32 [-R-]
SS =0010 00000000 ffffffff 00cf9300 DPL=0 DS   [-WA]
DS =0010 00000000 ffffffff 00cf9300 DPL=0 DS   [-WA]
FS =0010 00000000 ffffffff 00cf9300 DPL=0 DS   [-WA]
GS =0010 00000000 ffffffff 00cf9300 DPL=0 DS   [-WA]
LDT=0000 00000000 0000ffff 00008200 DPL=0 LDT
TR =0000 00000000 0000ffff 00008b00 DPL=0 TSS32-busy
GDT=     00115148 00000017
IDT=     0011c1e0 000007ff
CR0=80000011 CR2=00000000 CR3=00132000 CR4=00000000
DR0=00000000 DR1=00000000 DR2=00000000 DR3=00000000 
DR6=ffff0ff0 DR7=00000400
CCS=0000000c CCD=bffeff38 CCO=SUBL
EFER=0000000000000000
    58: v=80 e=0000 i=1 cpl=0 IP=0008:4000166e pc=4000166e SP=0010:bffeff30 env->regs[R_EAX]=00000007
EAX=00000007 EBX=50012000 ECX=50025000 EDX=50000090
ESI=400020f6 EDI=0000000c EBP=bffeff8c ESP=bffeff30
EIP=4000166e EFL=00200292 [--S-A--] CPL=0 II=0 A20=1 SMM=0 HLT=0
ES =0010 00000000 ffffffff 00cf9300 DPL=0 DS   [-WA]
CS =0008 00000000 ffffffff 00cf9a00 DPL=0 CS32 [-R-]
SS =0010 00000000 ffffffff 00cf9300 DPL=0 DS   [-WA]
DS =0010 00000000 ffffffff 00cf9300 DPL=0 DS   [-WA]
FS =0010 00000000 ffffffff 00cf9300 DPL=0 DS   [-WA]
GS =0010 00000000 ffffffff 00cf9300 DPL=0 DS   [-WA]
LDT=0000 00000000 0000ffff 00008200 DPL=0 LDT
TR =0000 00000000 0000ffff 00008b00 DPL=0 TSS32-busy
GDT=     00115148 00000017
IDT=     0011c1e0 000007ff
CR0=80000011 CR2=00000000 CR3=00132000 CR4=00000000
DR0=00000000 DR1=00000000 DR2=00000000 DR3=00000000 
DR6=ffff0ff0 DR7=00000400
CCS=0000000c CCD=bffeff38 CCO=SUBL
EFER=0000000000000000
    59: v=80 e=0000 i=1 cpl=0 IP=0008:4000166e pc=4000166e SP=0010:bffeff30 env->regs[R_EAX]=00000007
EAX=00000007 EBX=50012000 ECX=50026000 EDX=50026000
ESI=400020f6 EDI=00000080 EBP=bffeff8c ESP=bffeff30
EIP=4000166e EFL=00200292 [--S-A--] CPL=0 II=0 A20=1 SMM=0 HLT=0
ES =0010 00000000 ffffffff 00cf9300 DPL=0 DS   [-WA]
CS =0008 00000000 ffffffff 00cf9a00 DPL=0 CS32 [-R-]
SS =0010 00000000 ffffffff 00cf9300 DPL=0 DS   [-WA]
DS =0010 00000000 ffffffff 00cf9300 DPL=0 DS   [-WA]
FS =0010 00000000 ffffffff 00cf9300 DPL=0 DS   [-WA]
GS =0010 00000000 ffffffff 00cf9300 DPL=0 DS   [-WA]
LDT=0000 00000000 0000ffff 00008200 DPL=0 LDT
TR =0000 00000000 0000ffff 00008b00 DPL=0 TSS32-busy
GDT=     00115148 00000017
IDT=     0011c1e0 000007ff
CR0=80000011 CR2=00000000 CR3=00132000 CR4=00000000
DR0=00000000 DR1=00000000 DR2=00000000 DR3=00000000 
DR6=ffff0ff0 DR7=00000400
CCS=0000000c CCD=bffeff38 CCO=SUBL
EFER=0000000000000000
    60: v=80 e=0000 i=1 cpl=0 IP=0008:4000166e pc=4000166e SP=0010:bffeff30 env->regs[R_EAX]=00000007
EAX=00000007 EBX=50027000 ECX=00000001 EDX=50010050
ESI=400020f6 EDI=00000004 EBP=bffeff8c ESP=bffeff30
EIP=4000166e EFL=00200292 [--S-A--] CPL=0 II=0 A20=1 SMM=0 HLT=0
ES =0010 00000000 ffffffff 00cf9300 DPL=0 DS   [-WA]
CS =0008 00000000 ffffffff 00cf9a00 DPL=0 CS32 [-R-]
SS =0010 00000000 ffffffff 00cf9300 DPL=0 DS   [-WA]
DS =0010 00000000 ffffffff 00cf9300 DPL=0 DS   [-WA]
FS =0010 00000000 ffffffff 00cf9300 DPL=0 DS   [-WA]
GS =0010 00000000 ffffffff 00cf9300 DPL=0 DS   [-WA]
LDT=0000 00000000 0000ffff 00008200 DPL=0 LDT
TR =0000 00000000 0000ffff 00008b00 DPL=0 TSS32-busy
GDT=     00115148 00000017
IDT=     0011c1e0 000007ff
CR0=80000011 CR2=00000000 CR3=00132000 CR4=00000000
DR0=00000000 DR1=00000000 DR2=00000000 DR3=00000000 
DR6=ffff0ff0 DR7=00000400
CCS=0000000c CCD=bffeff38 CCO=SUBL
EFER=0000000000000000
    61: v=80 e=0000 i=1 cpl=0 IP=0008:4000166e pc=4000166e SP=0010:bffeff30 env->regs[R_EAX]=00000007
EAX=00000007 EBX=50027000 ECX=50028000 EDX=500000a0
ESI=400020f6 EDI=00000003 EBP=bffeff8c ESP=bffeff30
EIP=4000166e EFL=00200292 [--S-A--] CPL=0 II=0 A20=1 SMM=0 HLT=0
ES =0010 00000000 ffffffff 00cf9300 DPL=0 DS   [-WA]
CS =0008 00000000 ffffffff 00cf9a00 DPL=0 CS32 [-R-]
SS =0010 00000000 ffffffff 00cf9300 DPL=0 DS   [-WA]
DS =0010 00000000 ffffffff 00cf9300 DPL=0 DS   [-WA]
FS =0010 00000000 ffffffff 00cf9300 DPL=0 DS   [-WA]
GS =0010 00000000 ffffffff 00cf9300 DPL=0 DS   [-WA]
LDT=0000 00000000 0000ffff 00008200 DPL=0 LDT
TR =0000 00000000 0000ffff 00008b00 DPL=0 TSS32-busy
GDT=     00115148 00000017
IDT=     0011c1e0 000007ff
CR0=80000011 CR2=00000000 CR3=00132000 CR4=00000000
DR0=00000000 DR1=00000000 DR2=00000000 DR3=00000000 
DR6=ffff0ff0 DR7=00000400
CCS=0000000c CCD=bffeff38 CCO=SUBL
EFER=0000000000000000
Servicing hardware INT=0x20
    62: v=20 e=0000 i=0 cpl=0 IP=0008:40001670 pc=40001670 SP=0010:bffeff30 env->regs[R_EAX]=50029000
EAX=50029000 EBX=50027000 ECX=50028000 EDX=500000a0
ESI=400020f6 EDI=00000003 EBP=bffeff8c ESP=bffeff30
EIP=40001670 EFL=00200292 [--S-A--] CPL=0 II=0 A20=1 SMM=0 HLT=0
ES =0010 00000000 ffffffff 00cf9300 DPL=0 DS   [-WA]
CS =0008 00000000 ffffffff 00cf9a00 DPL=0 CS32 [-R-]
SS =0010 00000000 ffffffff 00cf9300 DPL=0 DS   [-WA]
DS =0010 00000000 ffffffff 00cf9300 DPL=0 DS   [-WA]
FS =0010 00000000 ffffffff 00cf9300 DPL=0 DS   [-WA]
GS =0010 00000000 ffffffff 00cf9300 DPL=0 DS   [-WA]
LDT=0000 00000000 0000ffff 00008200 DPL=0 LDT
TR =0000 00000000 0000ffff 00008b00 DPL=0 TSS32-busy
GDT=     00115148 00000017
IDT=     0011c1e0 000007ff
CR0=80000011 CR2=00000000 CR3=00132000 CR4=00000000
DR0=00000000 DR1=00000000 DR2=00000000 DR3=00000000 
DR6=ffff0ff0 DR7=00000400
CCS=00000090 CCD=bffeff04 CCO=EFLAGS
EFER=0000000000000000
    63: v=80 e=0000 i=1 cpl=0 IP=0008:4000166e pc=4000166e SP=0010:bffeff30 env->regs[R_EAX]=00000007
EAX=00000007 EBX=50027000 ECX=00000002 EDX=50010050
ESI=400020f6 EDI=00000004 EBP=bffeff8c ESP=bffeff30
EIP=4000166e EFL=00200292 [--S-A--] CPL=0 II=0 A20=1 SMM=0 HLT=0
ES =0010 00000000 ffffffff 00cf9300 DPL=0 DS   [-WA]
CS =0008 00000000 ffffffff 00cf9a00 DPL=0 CS32 [-R-]
SS =0010 00000000 ffffffff 00cf9300 DPL=0 DS   [-WA]
DS =0010 00000000 ffffffff 00cf9300 DPL=0 DS   [-WA]
FS =0010 00000000 ffffffff 00cf9300 DPL=0 DS   [-WA]
GS =0010 00000000 ffffffff 00cf9300 DPL=0 DS   [-WA]
LDT=0000 00000000 0000ffff 00008200 DPL=0 LDT
TR =0000 00000000 0000ffff 00008b00 DPL=0 TSS32-busy
GDT=     00115148 00000017
IDT=     0011c1e0 000007ff
CR0=80000011 CR2=00000000 CR3=00132000 CR4=00000000
DR0=00000000 DR1=00000000 DR2=00000000 DR3=00000000 
DR6=ffff0ff0 DR7=00000400
CCS=0000000c CCD=bffeff38 CCO=SUBL
EFER=0000000000000000
    64: v=80 e=0000 i=1 cpl=0 IP=0008:4000166e pc=4000166e SP=0010:bffeff30 env->regs[R_EAX]=00000007
EAX=00000007 EBX=50027000 ECX=5002a000 EDX=500000a7
ESI=400020f6 EDI=00000009 EBP=bffeff8c ESP=bffeff30
EIP=4000166e EFL=00200292 [--S-A--] CPL=0 II=0 A20=1 SMM=0 HLT=0
ES =0010 00000000 ffffffff 00cf9300 DPL=0 DS   [-WA]
CS =0008 00000000 ffffffff 00cf9a00 DPL=0 CS32 [-R-]
SS =0010 00000000 ffffffff 00cf9300 DPL=0 DS   [-WA]
DS =0010 00000000 ffffffff 00cf9300 DPL=0 DS   [-WA]
FS =0010 00000000 ffffffff 00cf9300 DPL=0 DS   [-WA]
GS =0010 00000000 ffffffff 00cf9300 DPL=0 DS   [-WA]
LDT=0000 00000000 0000ffff 00008200 DPL=0 LDT
TR =0000 00000000 0000ffff 00008b00 DPL=0 TSS32-busy
GDT=     00115148 00000017
IDT=     0011c1e0 000007ff
CR0=80000011 CR2=00000000 CR3=00132000 CR4=00000000
DR0=00000000 DR1=00000000 DR2=00000000 DR3=00000000 
DR6=ffff0ff0 DR7=00000400
CCS=0000000c CCD=bffeff38 CCO=SUBL
EFER=0000000000000000
    65: v=80 e=0000 i=1 cpl=0 IP=0008:4000166e pc=4000166e SP=0010:bffeff30 env->regs[R_EAX]=00000007
EAX=00000007 EBX=50027000 ECX=00000003 EDX=50010050
ESI=400020f6 EDI=00000003 EBP=bffeff8c ESP=bffeff30
EIP=4000166e EFL=00200292 [--S-A--] CPL=0 II=0 A20=1 SMM=0 HLT=0
ES =0010 00000000 ffffffff 00cf9300 DPL=0 DS   [-WA]
CS =0008 00000000 ffffffff 00cf9a00 DPL=0 CS32 [-R-]
SS =0010 00000000 ffffffff 00cf9300 DPL=0 DS   [-WA]
DS =0010 00000000 ffffffff 00cf9300 DPL=0 DS   [-WA]
FS =0010 00000000 ffffffff 00cf9300 DPL=0 DS   [-WA]
GS =0010 00000000 ffffffff 00cf9300 DPL=0 DS   [-WA]
LDT=0000 00000000 0000ffff 00008200 DPL=0 LDT
TR =0000 00000000 0000ffff 00008b00 DPL=0 TSS32-busy
GDT=     00115148 00000017
IDT=     0011c1e0 000007ff
CR0=80000011 CR2=00000000 CR3=00132000 CR4=00000000
DR0=00000000 DR1=00000000 DR2=00000000 DR3=00000000 
DR6=ffff0ff0 DR7=00000400
CCS=0000000c CCD=bffeff38 CCO=SUBL
EFER=0000000000000000
    66: v=80 e=0000 i=1 cpl=0 IP=0008:4000166e pc=4000166e SP=0010:bffeff30 env->regs[R_EAX]=00000007
EAX=00000007 EBX=50027000 ECX=5002c000 EDX=500000b3
ESI=400020f6 EDI=00000021 EBP=bffeff8c ESP=bffeff30
EIP=4000166e EFL=00200292 [--S-A--] CPL=0 II=0 A20=1 SMM=0 HLT=0
ES =0010 00000000 ffffffff 00cf9300 DPL=0 DS   [-WA]
CS =0008 00000000 ffffffff 00cf9a00 DPL=0 CS32 [-R-]
SS =0010 00000000 ffffffff 00cf9300 DPL=0 DS   [-WA]
DS =0010 00000000 ffffffff 00cf9300 DPL=0 DS   [-WA]
FS =0010 00000000 ffffffff 00cf9300 DPL=0 DS   [-WA]
GS =0010 00000000 ffffffff 00cf9300 DPL=0 DS   [-WA]
LDT=0000 00000000 0000ffff 00008200 DPL=0 LDT
TR =0000 00000000 0000ffff 00008b00 DPL=0 TSS32-busy
GDT=     00115148 00000017
IDT=     0011c1e0 000007ff
CR0=80000011 CR2=00000000 CR3=00132000 CR4=00000000
DR0=00000000 DR1=00000000 DR2=00000000 DR3=00000000 
DR6=ffff0ff0 DR7=00000400
CCS=0000000c CCD=bffeff38 CCO=SUBL
EFER=0000000000000000
    67: v=80 e=0000 i=1 cpl=0 IP=0008:4000166e pc=4000166e SP=0010:bffeff30 env->regs[R_EAX]=00000007
EAX=00000007 EBX=50027000 ECX=5002d000 EDX=500000d6
ESI=400020f6 EDI=00000008 EBP=bffeff8c ESP=bffeff30
EIP=4000166e EFL=00200292 [--S-A--] CPL=0 II=0 A20=1 SMM=0 HLT=0
ES =0010 00000000 ffffffff 00cf9300 DPL=0 DS   [-WA]
CS =0008 00000000 ffffffff 00cf9a00 DPL=0 CS32 [-R-]
SS =0010 00000000 ffffffff 00cf9300 DPL=0 DS   [-WA]
DS =0010 00000000 ffffffff 00cf9300 DPL=0 DS   [-WA]
FS =0010 00000000 ffffffff 00cf9300 DPL=0 DS   [-WA]
GS =0010 00000000 ffffffff 00cf9300 DPL=0 DS   [-WA]
LDT=0000 00000000 0000ffff 00008200 DPL=0 LDT
TR =0000 00000000 0000ffff 00008b00 DPL=0 TSS32-busy
GDT=     00115148 00000017
IDT=     0011c1e0 000007ff
CR0=80000011 CR2=00000000 CR3=00132000 CR4=00000000
DR0=00000000 DR1=00000000 DR2=00000000 DR3=00000000 
DR6=ffff0ff0 DR7=00000400
CCS=0000000c CCD=bffeff38 CCO=SUBL
EFER=0000000000000000
    68: v=80 e=0000 i=1 cpl=0 IP=0008:4000167a pc=4000167a SP=0010:bffeff30 env->regs[R_EAX]=00000008
EAX=00000008 EBX=50027000 ECX=5002e000 EDX=00104f4c
ESI=400020f6 EDI=5002e000 EBP=bffeff8c ESP=bffeff30
EIP=4000167a EFL=00200292 [--S-A--] CPL=0 II=0 A20=1 SMM=0 HLT=0
ES =0010 00000000 ffffffff 00cf9300 DPL=0 DS   [-WA]
CS =0008 00000000 ffffffff 00cf9a00 DPL=0 CS32 [-R-]
SS =0010 00000000 ffffffff 00cf9300 DPL=0 DS   [-WA]
DS =0010 00000000 ffffffff 00cf9300 DPL=0 DS   [-WA]
FS =0010 00000000 ffffffff 00cf9300 DPL=0 DS   [-WA]
GS =0010 00000000 ffffffff 00cf9300 DPL=0 DS   [-WA]
LDT=0000 00000000 0000ffff 00008200 DPL=0 LDT
TR =0000 00000000 0000ffff 00008b00 DPL=0 TSS32-busy
GDT=     00115148 00000017
IDT=     0011c1e0 000007ff
CR0=80000011 CR2=00000000 CR3=00132000 CR4=00000000
DR0=00000000 DR1=00000000 DR2=00000000 DR3=00000000 
DR6=ffff0ff0 DR7=00000400
CCS=0000000c CCD=bffeff38 CCO=SUBL
EFER=0000000000000000
    69: v=80 e=0000 i=1 cpl=0 IP=0008:4000166e pc=4000166e SP=0010:bffeff30 env->regs[R_EAX]=00000007
EAX=00000007 EBX=50027000 ECX=5002e000 EDX=500000de
ESI=400020f6 EDI=0000000b EBP=bffeff8c ESP=bffeff30
EIP=4000166e EFL=00200292 [--S-A--] CPL=0 II=0 A20=1 SMM=0 HLT=0
ES =0010 00000000 ffffffff 00cf9300 DPL=0 DS   [-WA]
CS =0008 00000000 ffffffff 00cf9a00 DPL=0 CS32 [-R-]
SS =0010 00000000 ffffffff 00cf9300 DPL=0 DS   [-WA]
DS =0010 00000000 ffffffff 00cf9300 DPL=0 DS   [-WA]
FS =0010 00000000 ffffffff 00cf9300 DPL=0 DS   [-WA]
GS =0010 00000000 ffffffff 00cf9300 DPL=0 DS   [-WA]
LDT=0000 00000000 0000ffff 00008200 DPL=0 LDT
TR =0000 00000000 0000ffff 00008b00 DPL=0 TSS32-busy
GDT=     00115148 00000017
IDT=     0011c1e0 000007ff
CR0=80000011 CR2=00000000 CR3=00132000 CR4=00000000
DR0=00000000 DR1=00000000 DR2=00000000 DR3=00000000 
DR6=ffff0ff0 DR7=00000400
CCS=0000000c CCD=bffeff38 CCO=SUBL
EFER=0000000000000000
    70: v=80 e=0000 i=1 cpl=0 IP=0008:4000166e pc=4000166e SP=0010:bffeff30 env->regs[R_EAX]=00000007
EAX=00000007 EBX=50027000 ECX=5002f000 EDX=5002f000
ESI=400020f6 EDI=00000080 EBP=bffeff8c ESP=bffeff30
EIP=4000166e EFL=00200292 [--S-A--] CPL=0 II=0 A20=1 SMM=0 HLT=0
ES =0010 00000000 ffffffff 00cf9300 DPL=0 DS   [-WA]
CS =0008 00000000 ffffffff 00cf9a00 DPL=0 CS32 [-R-]
SS =0010 00000000 ffffffff 00cf9300 DPL=0 DS   [-WA]
DS =0010 00000000 ffffffff 00cf9300 DPL=0 DS   [-WA]
FS =0010 00000000 ffffffff 00cf9300 DPL=0 DS   [-WA]
GS =0010 00000000 ffffffff 00cf9300 DPL=0 DS   [-WA]
LDT=0000 00000000 0000ffff 00008200 DPL=0 LDT
TR =0000 00000000 0000ffff 00008b00 DPL=0 TSS32-busy
GDT=     00115148 00000017
IDT=     0011c1e0 000007ff
CR0=80000011 CR2=00000000 CR3=00132000 CR4=00000000
DR0=00000000 DR1=00000000 DR2=00000000 DR3=00000000 
DR6=ffff0ff0 DR7=00000400
CCS=0000000c CCD=bffeff38 CCO=SUBL
EFER=0000000000000000
Servicing hardware INT=0x20
    71: v=20 e=0000 i=0 cpl=0 IP=0008:40001670 pc=40001670 SP=0010:bffeff30 env->regs[R_EAX]=50030000
EAX=50030000 EBX=50027000 ECX=5002f000 EDX=5002f000
ESI=400020f6 EDI=00000080 EBP=bffeff8c ESP=bffeff30
EIP=40001670 EFL=00200292 [--S-A--] CPL=0 II=0 A20=1 SMM=0 HLT=0
ES =0010 00000000 ffffffff 00cf9300 DPL=0 DS   [-WA]
CS =0008 00000000 ffffffff 00cf9a00 DPL=0 CS32 [-R-]
SS =0010 00000000 ffffffff 00cf9300 DPL=0 DS   [-WA]
DS =0010 00000000 ffffffff 00cf9300 DPL=0 DS   [-WA]
FS =0010 00000000 ffffffff 00cf9300 DPL=0 DS   [-WA]
GS =0010 00000000 ffffffff 00cf9300 DPL=0 DS   [-WA]
LDT=0000 00000000 0000ffff 00008200 DPL=0 LDT
TR =0000 00000000 0000ffff 00008b00 DPL=0 TSS32-busy
GDT=     00115148 00000017
IDT=     0011c1e0 000007ff
CR0=80000011 CR2=00000000 CR3=00132000 CR4=00000000
DR0=00000000 DR1=00000000 DR2=00000000 DR3=00000000 
DR6=ffff0ff0 DR7=00000400
CCS=00000090 CCD=bffeff04 CCO=EFLAGS
EFER=0000000000000000
    72: v=80 e=0000 i=1 cpl=0 IP=0008:4000166e pc=4000166e SP=0010:bffeff30 env->regs[R_EAX]=00000007
EAX=00000007 EBX=50030000 ECX=00000001 EDX=50010060
ESI=400020f6 EDI=00000004 EBP=bffeff8c ESP=bffeff30
EIP=4000166e EFL=00200292 [--S-A--] CPL=0 II=0 A20=1 SMM=0 HLT=0
ES =0010 00000000 ffffffff 00cf9300 DPL=0 DS   [-WA]
CS =0008 00000000 ffffffff 00cf9a00 DPL=0 CS32 [-R-]
SS =0010 00000000 ffffffff 00cf9300 DPL=0 DS   [-WA]
DS =0010 00000000 ffffffff 00cf9300 DPL=0 DS   [-WA]
FS =0010 00000000 ffffffff 00cf9300 DPL=0 DS   [-WA]
GS =0010 00000000 ffffffff 00cf9300 DPL=0 DS   [-WA]
LDT=0000 00000000 0000ffff 00008200 DPL=0 LDT
TR =0000 00000000 0000ffff 00008b00 DPL=0 TSS32-busy
GDT=     00115148 00000017
IDT=     0011c1e0 000007ff
CR0=80000011 CR2=00000000 CR3=00132000 CR4=00000000
DR0=00000000 DR1=00000000 DR2=00000000 DR3=00000000 
DR6=ffff0ff0 DR7=00000400
CCS=0000000c CCD=bffeff38 CCO=SUBL
EFER=0000000000000000
    73: v=80 e=0000 i=1 cpl=0 IP=0008:4000166e pc=4000166e SP=0010:bffeff30 env->regs[R_EAX]=00000007
EAX=00000007 EBX=50030000 ECX=50031000 EDX=500000ed
ESI=400020f6 EDI=00000005 EBP=bffeff8c ESP=bffeff30
EIP=4000166e EFL=00200292 [--S-A--] CPL=0 II=0 A20=1 SMM=0 HLT=0
ES =0010 00000000 ffffffff 00cf9300 DPL=0 DS   [-WA]
CS =0008 00000000 ffffffff 00cf9a00 DPL=0 CS32 [-R-]
SS =0010 00000000 ffffffff 00cf9300 DPL=0 DS   [-WA]
DS =0010 00000000 ffffffff 00cf9300 DPL=0 DS   [-WA]
FS =0010 00000000 ffffffff 00cf9300 DPL=0 DS   [-WA]
GS =0010 00000000 ffffffff 00cf9300 DPL=0 DS   [-WA]
LDT=0000 00000000 0000ffff 00008200 DPL=0 LDT
TR =0000 00000000 0000ffff 00008b00 DPL=0 TSS32-busy
GDT=     00115148 00000017
IDT=     0011c1e0 000007ff
CR0=80000011 CR2=00000000 CR3=00132000 CR4=00000000
DR0=00000000 DR1=00000000 DR2=00000000 DR3=00000000 
DR6=ffff0ff0 DR7=00000400
CCS=0000000c CCD=bffeff38 CCO=SUBL
EFER=0000000000000000
    74: v=80 e=0000 i=1 cpl=0 IP=0008:4000166e pc=4000166e SP=0010:bffeff30 env->regs[R_EAX]=00000007
EAX=00000007 EBX=50030000 ECX=50032000 EDX=500000f4
ESI=400020f6 EDI=00000008 EBP=bffeff8c ESP=bffeff30
EIP=4000166e EFL=00200292 [--S-A--] CPL=0 II=0 A20=1 SMM=0 HLT=0
ES =0010 00000000 ffffffff 00cf9300 DPL=0 DS   [-WA]
CS =0008 00000000 ffffffff 00cf9a00 DPL=0 CS32 [-R-]
SS =0010 00000000 ffffffff 00cf9300 DPL=0 DS   [-WA]
DS =0010 00000000 ffffffff 00cf9300 DPL=0 DS   [-WA]
FS =0010 00000000 ffffffff 00cf9300 DPL=0 DS   [-WA]
GS =0010 00000000 ffffffff 00cf9300 DPL=0 DS   [-WA]
LDT=0000 00000000 0000ffff 00008200 DPL=0 LDT
TR =0000 00000000 0000ffff 00008b00 DPL=0 TSS32-busy
GDT=     00115148 00000017
IDT=     0011c1e0 000007ff
CR0=80000011 CR2=00000000 CR3=00132000 CR4=00000000
DR0=00000000 DR1=00000000 DR2=00000000 DR3=00000000 
DR6=ffff0ff0 DR7=00000400
CCS=0000000c CCD=bffeff38 CCO=SUBL
EFER=0000000000000000
    75: v=80 e=0000 i=1 cpl=0 IP=0008:4000167a pc=4000167a SP=0010:bffeff30 env->regs[R_EAX]=00000008
EAX=00000008 EBX=50030000 ECX=50033000 EDX=00104faf
ESI=400020f6 EDI=50033000 EBP=bffeff8c ESP=bffeff30
EIP=4000167a EFL=00200292 [--S-A--] CPL=0 II=0 A20=1 SMM=0 HLT=0
ES =0010 00000000 ffffffff 00cf9300 DPL=0 DS   [-WA]
CS =0008 00000000 ffffffff 00cf9a00 DPL=0 CS32 [-R-]
SS =0010 00000000 ffffffff 00cf9300 DPL=0 DS   [-WA]
DS =0010 00000000 ffffffff 00cf9300 DPL=0 DS   [-WA]
FS =0010 00000000 ffffffff 00cf9300 DPL=0 DS   [-WA]
GS =0010 00000000 ffffffff 00cf9300 DPL=0 DS   [-WA]
LDT=0000 00000000 0000ffff 00008200 DPL=0 LDT
TR =0000 00000000 0000ffff 00008b00 DPL=0 TSS32-busy
GDT=     00115148 00000017
IDT=     0011c1e0 000007ff
CR0=80000011 CR2=00000000 CR3=00132000 CR4=00000000
DR0=00000000 DR1=00000000 DR2=00000000 DR3=00000000 
DR6=ffff0ff0 DR7=00000400
CCS=0000000c CCD=bffeff38 CCO=SUBL
EFER=0000000000000000
    76: v=80 e=0000 i=1 cpl=0 IP=0008:4000166e pc=4000166e SP=0010:bffeff30 env->regs[R_EAX]=00000007
EAX=00000007 EBX=50030000 ECX=50033000 EDX=500000fc
ESI=400020f6 EDI=0000000f EBP=bffeff8c ESP=bffeff30
EIP=4000166e EFL=00200292 [--S-A--] CPL=0 II=0 A20=1 SMM=0 HLT=0
ES =0010 00000000 ffffffff 00cf9300 DPL=0 DS   [-WA]
CS =0008 00000000 ffffffff 00cf9a00 DPL=0 CS32 [-R-]
SS =0010 00000000 ffffffff 00cf9300 DPL=0 DS   [-WA]
DS =0010 00000000 ffffffff 00cf9300 DPL=0 DS   [-WA]
FS =0010 00000000 ffffffff 00cf9300 DPL=0 DS   [-WA]
GS =0010 00000000 ffffffff 00cf9300 DPL=0 DS   [-WA]
LDT=0000 00000000 0000ffff 00008200 DPL=0 LDT
TR =0000 00000000 0000ffff 00008b00 DPL=0 TSS32-busy
GDT=     00115148 00000017
IDT=     0011c1e0 000007ff
CR0=80000011 CR2=00000000 CR3=00132000 CR4=00000000
DR0=00000000 DR1=00000000 DR2=00000000 DR3=00000000 
DR6=ffff0ff0 DR7=00000400
CCS=0000000c CCD=bffeff38 CCO=SUBL
EFER=0000000000000000
    77: v=80 e=0000 i=1 cpl=0 IP=0008:4000166e pc=4000166e SP=0010:bffeff30 env->regs[R_EAX]=00000007
EAX=00000007 EBX=50030000 ECX=50034000 EDX=50034000
ESI=400020f6 EDI=00000080 EBP=bffeff8c ESP=bffeff30
EIP=4000166e EFL=00200292 [--S-A--] CPL=0 II=0 A20=1 SMM=0 HLT=0
ES =0010 00000000 ffffffff 00cf9300 DPL=0 DS   [-WA]
CS =0008 00000000 ffffffff 00cf9a00 DPL=0 CS32 [-R-]
SS =0010 00000000 ffffffff 00cf9300 DPL=0 DS   [-WA]
DS =0010 00000000 ffffffff 00cf9300 DPL=0 DS   [-WA]
FS =0010 00000000 ffffffff 00cf9300 DPL=0 DS   [-WA]
GS =0010 00000000 ffffffff 00cf9300 DPL=0 DS   [-WA]
LDT=0000 00000000 0000ffff 00008200 DPL=0 LDT
TR =0000 00000000 0000ffff 00008b00 DPL=0 TSS32-busy
GDT=     00115148 00000017
IDT=     0011c1e0 000007ff
CR0=80000011 CR2=00000000 CR3=00132000 CR4=00000000
DR0=00000000 DR1=00000000 DR2=00000000 DR3=00000000 
DR6=ffff0ff0 DR7=00000400
CCS=0000000c CCD=bffeff38 CCO=SUBL
EFER=0000000000000000
    78: v=80 e=0000 i=1 cpl=0 IP=0008:4000166e pc=4000166e SP=0010:bffeff30 env->regs[R_EAX]=00000007
EAX=00000007 EBX=50030000 ECX=50034000 EDX=5000010e
ESI=400020f6 EDI=00000008 EBP=bffeff8c ESP=bffeff30
EIP=4000166e EFL=00200292 [--S-A--] CPL=0 II=0 A20=1 SMM=0 HLT=0
ES =0010 00000000 ffffffff 00cf9300 DPL=0 DS   [-WA]
CS =0008 00000000 ffffffff 00cf9a00 DPL=0 CS32 [-R-]
SS =0010 00000000 ffffffff 00cf9300 DPL=0 DS   [-WA]
DS =0010 00000000 ffffffff 00cf9300 DPL=0 DS   [-WA]
FS =0010 00000000 ffffffff 00cf9300 DPL=0 DS   [-WA]
GS =0010 00000000 ffffffff 00cf9300 DPL=0 DS   [-WA]
LDT=0000 00000000 0000ffff 00008200 DPL=0 LDT
TR =0000 00000000 0000ffff 00008b00 DPL=0 TSS32-busy
GDT=     00115148 00000017
IDT=     0011c1e0 000007ff
CR0=80000011 CR2=00000000 CR3=00132000 CR4=00000000
DR0=00000000 DR1=00000000 DR2=00000000 DR3=00000000 
DR6=ffff0ff0 DR7=00000400
CCS=0000000c CCD=bffeff38 CCO=SUBL
EFER=0000000000000000
    79: v=80 e=0000 i=1 cpl=0 IP=0008:4000167a pc=4000167a SP=0010:bffeff30 env->regs[R_EAX]=00000008
EAX=00000008 EBX=50030000 ECX=50036000 EDX=00104fc0
ESI=400020f6 EDI=50036000 EBP=bffeff8c ESP=bffeff30
EIP=4000167a EFL=00200292 [--S-A--] CPL=0 II=0 A20=1 SMM=0 HLT=0
ES =0010 00000000 ffffffff 00cf9300 DPL=0 DS   [-WA]
CS =0008 00000000 ffffffff 00cf9a00 DPL=0 CS32 [-R-]
SS =0010 00000000 ffffffff 00cf9300 DPL=0 DS   [-WA]
DS =0010 00000000 ffffffff 00cf9300 DPL=0 DS   [-WA]
FS =0010 00000000 ffffffff 00cf9300 DPL=0 DS   [-WA]
GS =0010 00000000 ffffffff 00cf9300 DPL=0 DS   [-WA]
LDT=0000 00000000 0000ffff 00008200 DPL=0 LDT
TR =0000 00000000 0000ffff 00008b00 DPL=0 TSS32-busy
GDT=     00115148 00000017
IDT=     0011c1e0 000007ff
CR0=80000011 CR2=00000000 CR3=00132000 CR4=00000000
DR0=00000000 DR1=00000000 DR2=00000000 DR3=00000000 
DR6=ffff0ff0 DR7=00000400
CCS=0000000c CCD=bffeff38 CCO=SUBL
EFER=0000000000000000
    80: v=80 e=0000 i=1 cpl=0 IP=0008:4000166e pc=4000166e SP=0010:bffeff30 env->regs[R_EAX]=00000007
EAX=00000007 EBX=50030000 ECX=50036000 EDX=50000116
ESI=400020f6 EDI=0000000f EBP=bffeff8c ESP=bffeff30
EIP=4000166e EFL=00200292 [--S-A--] CPL=0 II=0 A20=1 SMM=0 HLT=0
ES =0010 00000000 ffffffff 00cf9300 DPL=0 DS   [-WA]
CS =0008 00000000 ffffffff 00cf9a00 DPL=0 CS32 [-R-]
SS =0010 00000000 ffffffff 00cf9300 DPL=0 DS   [-WA]
DS =0010 00000000 ffffffff 00cf9300 DPL=0 DS   [-WA]
FS =0010 00000000 ffffffff 00cf9300 DPL=0 DS   [-WA]
GS =0010 00000000 ffffffff 00cf9300 DPL=0 DS   [-WA]
LDT=0000 00000000 0000ffff 00008200 DPL=0 LDT
TR =0000 00000000 0000ffff 00008b00 DPL=0 TSS32-busy
GDT=     00115148 00000017
IDT=     0011c1e0 000007ff
CR0=80000011 CR2=00000000 CR3=00132000 CR4=00000000
DR0=00000000 DR1=00000000 DR2=00000000 DR3=00000000 
DR6=ffff0ff0 DR7=00000400
CCS=0000000c CCD=bffeff38 CCO=SUBL
EFER=0000000000000000
    81: v=80 e=0000 i=1 cpl=0 IP=0008:4000166e pc=4000166e SP=0010:bffeff30 env->regs[R_EAX]=00000007
EAX=00000007 EBX=50030000 ECX=50037000 EDX=50037000
ESI=400020f6 EDI=00000080 EBP=bffeff8c ESP=bffeff30
EIP=4000166e EFL=00200292 [--S-A--] CPL=0 II=0 A20=1 SMM=0 HLT=0
ES =0010 00000000 ffffffff 00cf9300 DPL=0 DS   [-WA]
CS =0008 00000000 ffffffff 00cf9a00 DPL=0 CS32 [-R-]
SS =0010 00000000 ffffffff 00cf9300 DPL=0 DS   [-WA]
DS =0010 00000000 ffffffff 00cf9300 DPL=0 DS   [-WA]
FS =0010 00000000 ffffffff 00cf9300 DPL=0 DS   [-WA]
GS =0010 00000000 ffffffff 00cf9300 DPL=0 DS   [-WA]
LDT=0000 00000000 0000ffff 00008200 DPL=0 LDT
TR =0000 00000000 0000ffff 00008b00 DPL=0 TSS32-busy
GDT=     00115148 00000017
IDT=     0011c1e0 000007ff
CR0=80000011 CR2=00000000 CR3=00132000 CR4=00000000
DR0=00000000 DR1=00000000 DR2=00000000 DR3=00000000 
DR6=ffff0ff0 DR7=00000400
CCS=0000000c CCD=bffeff38 CCO=SUBL
EFER=0000000000000000
Servicing hardware INT=0x20
    82: v=20 e=0000 i=0 cpl=0 IP=0008:40001670 pc=40001670 SP=0010:bffeff30 env->regs[R_EAX]=50038000
EAX=50038000 EBX=50030000 ECX=50037000 EDX=50037000
ESI=400020f6 EDI=00000080 EBP=bffeff8c ESP=bffeff30
EIP=40001670 EFL=00200292 [--S-A--] CPL=0 II=0 A20=1 SMM=0 HLT=0
ES =0010 00000000 ffffffff 00cf9300 DPL=0 DS   [-WA]
CS =0008 00000000 ffffffff 00cf9a00 DPL=0 CS32 [-R-]
SS =0010 00000000 ffffffff 00cf9300 DPL=0 DS   [-WA]
DS =0010 00000000 ffffffff 00cf9300 DPL=0 DS   [-WA]
FS =0010 00000000 ffffffff 00cf9300 DPL=0 DS   [-WA]
GS =0010 00000000 ffffffff 00cf9300 DPL=0 DS   [-WA]
LDT=0000 00000000 0000ffff 00008200 DPL=0 LDT
TR =0000 00000000 0000ffff 00008b00 DPL=0 TSS32-busy
GDT=     00115148 00000017
IDT=     0011c1e0 000007ff
CR0=80000011 CR2=00000000 CR3=00132000 CR4=00000000
DR0=00000000 DR1=00000000 DR2=00000000 DR3=00000000 
DR6=ffff0ff0 DR7=00000400
CCS=00000090 CCD=bffeff04 CCO=EFLAGS
EFER=0000000000000000
    83: v=80 e=0000 i=1 cpl=0 IP=0008:4000166e pc=4000166e SP=0010:bffeff30 env->regs[R_EAX]=00000007
EAX=00000007 EBX=50038000 ECX=00000001 EDX=50010080
ESI=400020f6 EDI=00000004 EBP=bffeff8c ESP=bffeff30
EIP=4000166e EFL=00200292 [--S-A--] CPL=0 II=0 A20=1 SMM=0 HLT=0
ES =0010 00000000 ffffffff 00cf9300 DPL=0 DS   [-WA]
CS =0008 00000000 ffffffff 00cf9a00 DPL=0 CS32 [-R-]
SS =0010 00000000 ffffffff 00cf9300 DPL=0 DS   [-WA]
DS =0010 00000000 ffffffff 00cf9300 DPL=0 DS   [-WA]
FS =0010 00000000 ffffffff 00cf9300 DPL=0 DS   [-WA]
GS =0010 00000000 ffffffff 00cf9300 DPL=0 DS   [-WA]
LDT=0000 00000000 0000ffff 00008200 DPL=0 LDT
TR =0000 00000000 0000ffff 00008b00 DPL=0 TSS32-busy
GDT=     00115148 00000017
IDT=     0011c1e0 000007ff
CR0=80000011 CR2=00000000 CR3=00132000 CR4=00000000
DR0=00000000 DR1=00000000 DR2=00000000 DR3=00000000 
DR6=ffff0ff0 DR7=00000400
CCS=0000000c CCD=bffeff38 CCO=SUBL
EFER=0000000000000000
    84: v=80 e=0000 i=1 cpl=0 IP=0008:4000166e pc=4000166e SP=0010:bffeff30 env->regs[R_EAX]=00000007
EAX=00000007 EBX=50038000 ECX=50039000 EDX=50000129
ESI=400020f6 EDI=00000005 EBP=bffeff8c ESP=bffeff30
EIP=4000166e EFL=00200292 [--S-A--] CPL=0 II=0 A20=1 SMM=0 HLT=0
ES =0010 00000000 ffffffff 00cf9300 DPL=0 DS   [-WA]
CS =0008 00000000 ffffffff 00cf9a00 DPL=0 CS32 [-R-]
SS =0010 00000000 ffffffff 00cf9300 DPL=0 DS   [-WA]
DS =0010 00000000 ffffffff 00cf9300 DPL=0 DS   [-WA]
FS =0010 00000000 ffffffff 00cf9300 DPL=0 DS   [-WA]
GS =0010 00000000 ffffffff 00cf9300 DPL=0 DS   [-WA]
LDT=0000 00000000 0000ffff 00008200 DPL=0 LDT
TR =0000 00000000 0000ffff 00008b00 DPL=0 TSS32-busy
GDT=     00115148 00000017
IDT=     0011c1e0 000007ff
CR0=80000011 CR2=00000000 CR3=00132000 CR4=00000000
DR0=00000000 DR1=00000000 DR2=00000000 DR3=00000000 
DR6=ffff0ff0 DR7=00000400
CCS=0000000c CCD=bffeff38 CCO=SUBL
EFER=0000000000000000
    85: v=80 e=0000 i=1 cpl=0 IP=0008:4000166e pc=4000166e SP=0010:bffeff30 env->regs[R_EAX]=00000007
EAX=00000007 EBX=50038000 ECX=5003a000 EDX=50000130
ESI=400020f6 EDI=00000008 EBP=bffeff8c ESP=bffeff30
EIP=4000166e EFL=00200292 [--S-A--] CPL=0 II=0 A20=1 SMM=0 HLT=0
ES =0010 00000000 ffffffff 00cf9300 DPL=0 DS   [-WA]
CS =0008 00000000 ffffffff 00cf9a00 DPL=0 CS32 [-R-]
SS =0010 00000000 ffffffff 00cf9300 DPL=0 DS   [-WA]
DS =0010 00000000 ffffffff 00cf9300 DPL=0 DS   [-WA]
FS =0010 00000000 ffffffff 00cf9300 DPL=0 DS   [-WA]
GS =0010 00000000 ffffffff 00cf9300 DPL=0 DS   [-WA]
LDT=0000 00000000 0000ffff 00008200 DPL=0 LDT
TR =0000 00000000 0000ffff 00008b00 DPL=0 TSS32-busy
GDT=     00115148 00000017
IDT=     0011c1e0 000007ff
CR0=80000011 CR2=00000000 CR3=00132000 CR4=00000000
DR0=00000000 DR1=00000000 DR2=00000000 DR3=00000000 
DR6=ffff0ff0 DR7=00000400
CCS=0000000c CCD=bffeff38 CCO=SUBL
EFER=0000000000000000
    86: v=80 e=0000 i=1 cpl=0 IP=0008:4000167a pc=4000167a SP=0010:bffeff30 env->regs[R_EAX]=00000008
EAX=00000008 EBX=50038000 ECX=5003b000 EDX=00104fc6
ESI=400020f6 EDI=5003b000 EBP=bffeff8c ESP=bffeff30
EIP=4000167a EFL=00200292 [--S-A--] CPL=0 II=0 A20=1 SMM=0 HLT=0
ES =0010 00000000 ffffffff 00cf9300 DPL=0 DS   [-WA]
CS =0008 00000000 ffffffff 00cf9a00 DPL=0 CS32 [-R-]
SS =0010 00000000 ffffffff 00cf9300 DPL=0 DS   [-WA]
DS =0010 00000000 ffffffff 00cf9300 DPL=0 DS   [-WA]
FS =0010 00000000 ffffffff 00cf9300 DPL=0 DS   [-WA]
GS =0010 00000000 ffffffff 00cf9300 DPL=0 DS   [-WA]
LDT=0000 00000000 0000ffff 00008200 DPL=0 LDT
TR =0000 00000000 0000ffff 00008b00 DPL=0 TSS32-busy
GDT=     00115148 00000017
IDT=     0011c1e0 000007ff
CR0=80000011 CR2=00000000 CR3=00132000 CR4=00000000
DR0=00000000 DR1=00000000 DR2=00000000 DR3=00000000 
DR6=ffff0ff0 DR7=00000400
CCS=0000000c CCD=bffeff38 CCO=SUBL
EFER=0000000000000000
    87: v=80 e=0000 i=1 cpl=0 IP=0008:4000166e pc=4000166e SP=0010:bffeff30 env->regs[R_EAX]=00000007
EAX=00000007 EBX=50038000 ECX=5003b000 EDX=50000138
ESI=400020f6 EDI=00000007 EBP=bffeff8c ESP=bffeff30
EIP=4000166e EFL=00200292 [--S-A--] CPL=0 II=0 A20=1 SMM=0 HLT=0
ES =0010 00000000 ffffffff 00cf9300 DPL=0 DS   [-WA]
CS =0008 00000000 ffffffff 00cf9a00 DPL=0 CS32 [-R-]
SS =0010 00000000 ffffffff 00cf9300 DPL=0 DS   [-WA]
DS =0010 00000000 ffffffff 00cf9300 DPL=0 DS   [-WA]
FS =0010 00000000 ffffffff 00cf9300 DPL=0 DS   [-WA]
GS =0010 00000000 ffffffff 00cf9300 DPL=0 DS   [-WA]
LDT=0000 00000000 0000ffff 00008200 DPL=0 LDT
TR =0000 00000000 0000ffff 00008b00 DPL=0 TSS32-busy
GDT=     00115148 00000017
IDT=     0011c1e0 000007ff
CR0=80000011 CR2=00000000 CR3=00132000 CR4=00000000
DR0=00000000 DR1=00000000 DR2=00000000 DR3=00000000 
DR6=ffff0ff0 DR7=00000400
CCS=0000000c CCD=bffeff38 CCO=SUBL
EFER=0000000000000000
    88: v=80 e=0000 i=1 cpl=0 IP=0008:4000166e pc=4000166e SP=0010:bffeff30 env->regs[R_EAX]=00000007
EAX=00000007 EBX=50038000 ECX=5003c000 EDX=5003c000
ESI=400020f6 EDI=00000080 EBP=bffeff8c ESP=bffeff30
EIP=4000166e EFL=00200292 [--S-A--] CPL=0 II=0 A20=1 SMM=0 HLT=0
ES =0010 00000000 ffffffff 00cf9300 DPL=0 DS   [-WA]
CS =0008 00000000 ffffffff 00cf9a00 DPL=0 CS32 [-R-]
SS =0010 00000000 ffffffff 00cf9300 DPL=0 DS   [-WA]
DS =0010 00000000 ffffffff 00cf9300 DPL=0 DS   [-WA]
FS =0010 00000000 ffffffff 00cf9300 DPL=0 DS   [-WA]
GS =0010 00000000 ffffffff 00cf9300 DPL=0 DS   [-WA]
LDT=0000 00000000 0000ffff 00008200 DPL=0 LDT
TR =0000 00000000 0000ffff 00008b00 DPL=0 TSS32-busy
GDT=     00115148 00000017
IDT=     0011c1e0 000007ff
CR0=80000011 CR2=00000000 CR3=00132000 CR4=00000000
DR0=00000000 DR1=00000000 DR2=00000000 DR3=00000000 
DR6=ffff0ff0 DR7=00000400
CCS=0000000c CCD=bffeff38 CCO=SUBL
EFER=0000000000000000
    89: v=80 e=0000 i=1 cpl=0 IP=0008:4000166e pc=4000166e SP=0010:bffeff30 env->regs[R_EAX]=00000007
EAX=00000007 EBX=50038000 ECX=5003c000 EDX=50000142
ESI=400020f6 EDI=00000008 EBP=bffeff8c ESP=bffeff30
EIP=4000166e EFL=00200292 [--S-A--] CPL=0 II=0 A20=1 SMM=0 HLT=0
ES =0010 00000000 ffffffff 00cf9300 DPL=0 DS   [-WA]
CS =0008 00000000 ffffffff 00cf9a00 DPL=0 CS32 [-R-]
SS =0010 00000000 ffffffff 00cf9300 DPL=0 DS   [-WA]
DS =0010 00000000 ffffffff 00cf9300 DPL=0 DS   [-WA]
FS =0010 00000000 ffffffff 00cf9300 DPL=0 DS   [-WA]
GS =0010 00000000 ffffffff 00cf9300 DPL=0 DS   [-WA]
LDT=0000 00000000 0000ffff 00008200 DPL=0 LDT
TR =0000 00000000 0000ffff 00008b00 DPL=0 TSS32-busy
GDT=     00115148 00000017
IDT=     0011c1e0 000007ff
CR0=80000011 CR2=00000000 CR3=00132000 CR4=00000000
DR0=00000000 DR1=00000000 DR2=00000000 DR3=00000000 
DR6=ffff0ff0 DR7=00000400
CCS=0000000c CCD=bffeff38 CCO=SUBL
EFER=0000000000000000
Servicing hardware INT=0x20
    90: v=20 e=0000 i=0 cpl=0 IP=0008:40001670 pc=40001670 SP=0010:bffeff30 env->regs[R_EAX]=5003e000
EAX=5003e000 EBX=50038000 ECX=5003c000 EDX=50000142
ESI=400020f6 EDI=00000008 EBP=bffeff8c ESP=bffeff30
EIP=40001670 EFL=00200292 [--S-A--] CPL=0 II=0 A20=1 SMM=0 HLT=0
ES =0010 00000000 ffffffff 00cf9300 DPL=0 DS   [-WA]
CS =0008 00000000 ffffffff 00cf9a00 DPL=0 CS32 [-R-]
SS =0010 00000000 ffffffff 00cf9300 DPL=0 DS   [-WA]
DS =0010 00000000 ffffffff 00cf9300 DPL=0 DS   [-WA]
FS =0010 00000000 ffffffff 00cf9300 DPL=0 DS   [-WA]
GS =0010 00000000 ffffffff 00cf9300 DPL=0 DS   [-WA]
LDT=0000 00000000 0000ffff 00008200 DPL=0 LDT
TR =0000 00000000 0000ffff 00008b00 DPL=0 TSS32-busy
GDT=     00115148 00000017
IDT=     0011c1e0 000007ff
CR0=80000011 CR2=00000000 CR3=00132000 CR4=00000000
DR0=00000000 DR1=00000000 DR2=00000000 DR3=00000000 
DR6=ffff0ff0 DR7=00000400
CCS=00000090 CCD=bffeff04 CCO=EFLAGS
EFER=0000000000000000
    91: v=80 e=0000 i=1 cpl=0 IP=0008:4000167a pc=4000167a SP=0010:bffeff30 env->regs[R_EAX]=00000008
EAX=00000008 EBX=50038000 ECX=5003e000 EDX=00104fd5
ESI=400020f6 EDI=5003e000 EBP=bffeff8c ESP=bffeff30
EIP=4000167a EFL=00200292 [--S-A--] CPL=0 II=0 A20=1 SMM=0 HLT=0
ES =0010 00000000 ffffffff 00cf9300 DPL=0 DS   [-WA]
CS =0008 00000000 ffffffff 00cf9a00 DPL=0 CS32 [-R-]
SS =0010 00000000 ffffffff 00cf9300 DPL=0 DS   [-WA]
DS =0010 00000000 ffffffff 00cf9300 DPL=0 DS   [-WA]
FS =0010 00000000 ffffffff 00cf9300 DPL=0 DS   [-WA]
GS =0010 00000000 ffffffff 00cf9300 DPL=0 DS   [-WA]
LDT=0000 00000000 0000ffff 00008200 DPL=0 LDT
TR =0000 00000000 0000ffff 00008b00 DPL=0 TSS32-busy
GDT=     00115148 00000017
IDT=     0011c1e0 000007ff
CR0=80000011 CR2=00000000 CR3=00132000 CR4=00000000
DR0=00000000 DR1=00000000 DR2=00000000 DR3=00000000 
DR6=ffff0ff0 DR7=00000400
CCS=0000000c CCD=bffeff38 CCO=SUBL
EFER=0000000000000000
    92: v=80 e=0000 i=1 cpl=0 IP=0008:4000163a pc=4000163a SP=0010:bffeff30 env->regs[R_EAX]=00000003
EAX=00000003 EBX=50038000 ECX=5003e000 EDX=00104fd5
ESI=400020f6 EDI=00000007 EBP=bffeff8c ESP=bffeff30
EIP=4000163a EFL=00200292 [--S-A--] CPL=0 II=0 A20=1 SMM=0 HLT=0
ES =0010 00000000 ffffffff 00cf9300 DPL=0 DS   [-WA]
CS =0008 00000000 ffffffff 00cf9a00 DPL=0 CS32 [-R-]
SS =0010 00000000 ffffffff 00cf9300 DPL=0 DS   [-WA]
DS =0010 00000000 ffffffff 00cf9300 DPL=0 DS   [-WA]
FS =0010 00000000 ffffffff 00cf9300 DPL=0 DS   [-WA]
GS =0010 00000000 ffffffff 00cf9300 DPL=0 DS   [-WA]
LDT=0000 00000000 0000ffff 00008200 DPL=0 LDT
TR =0000 00000000 0000ffff 00008b00 DPL=0 TSS32-busy
GDT=     00115148 00000017
IDT=     0011c1e0 000007ff
CR0=80000011 CR2=00000000 CR3=00132000 CR4=00000000
DR0=00000000 DR1=00000000 DR2=00000000 DR3=00000000 
DR6=ffff0ff0 DR7=00000400
CCS=0000000c CCD=bffeff38 CCO=SUBL
EFER=0000000000000000
    93: v=80 e=0000 i=1 cpl=0 IP=0008:4000167a pc=4000167a SP=0010:bffeff30 env->regs[R_EAX]=00000008
EAX=00000008 EBX=50038000 ECX=5003e000 EDX=00104fd5
ESI=400020f6 EDI=5000014a EBP=bffeff8c ESP=bffeff30
EIP=4000167a EFL=00200292 [--S-A--] CPL=0 II=0 A20=1 SMM=0 HLT=0
ES =0010 00000000 ffffffff 00cf9300 DPL=0 DS   [-WA]
CS =0008 00000000 ffffffff 00cf9a00 DPL=0 CS32 [-R-]
SS =0010 00000000 ffffffff 00cf9300 DPL=0 DS   [-WA]
DS =0010 00000000 ffffffff 00cf9300 DPL=0 DS   [-WA]
FS =0010 00000000 ffffffff 00cf9300 DPL=0 DS   [-WA]
GS =0010 00000000 ffffffff 00cf9300 DPL=0 DS   [-WA]
LDT=0000 00000000 0000ffff 00008200 DPL=0 LDT
TR =0000 00000000 0000ffff 00008b00 DPL=0 TSS32-busy
GDT=     00115148 00000017
IDT=     0011c1e0 000007ff
CR0=80000011 CR2=00000000 CR3=00132000 CR4=00000000
DR0=00000000 DR1=00000000 DR2=00000000 DR3=00000000 
DR6=ffff0ff0 DR7=00000400
CCS=0000000c CCD=bffeff38 CCO=SUBL
EFER=0000000000000000
    94: v=80 e=0000 i=1 cpl=0 IP=0008:4000161a pc=4000161a SP=0010:bffeff10 env->regs[R_EAX]=00000001
EAX=00000001 EBX=50038000 ECX=5003e000 EDX=00000014
ESI=40002114 EDI=00000006 EBP=bffeff2c ESP=bffeff10
EIP=4000161a EFL=00200282 [--S----] CPL=0 II=0 A20=1 SMM=0 HLT=0
ES =0010 00000000 ffffffff 00cf9300 DPL=0 DS   [-WA]
CS =0008 00000000 ffffffff 00cf9a00 DPL=0 CS32 [-R-]
SS =0010 00000000 ffffffff 00cf9300 DPL=0 DS   [-WA]
DS =0010 00000000 ffffffff 00cf9300 DPL=0 DS   [-WA]
FS =0010 00000000 ffffffff 00cf9300 DPL=0 DS   [-WA]
GS =0010 00000000 ffffffff 00cf9300 DPL=0 DS   [-WA]
LDT=0000 00000000 0000ffff 00008200 DPL=0 LDT
TR =0000 00000000 0000ffff 00008b00 DPL=0 TSS32-busy
GDT=     00115148 00000017
IDT=     0011c1e0 000007ff
CR0=80000011 CR2=00000000 CR3=00132000 CR4=00000000
DR0=00000000 DR1=00000000 DR2=00000000 DR3=00000000 
DR6=ffff0ff0 DR7=00000400
CCS=00000004 CCD=bffeff20 CCO=SUBL
EFER=0000000000000000
Servicing hardware INT=0x20
    95: v=20 e=0000 i=0 cpl=0 IP=0008:400005e3 pc=400005e3 SP=0010:bffeff64 env->regs[R_EAX]=00000004
EAX=00000004 EBX=001039e9 ECX=0000006c EDX=00000070
ESI=40002114 EDI=00000006 EBP=bffeff6c ESP=bffeff64
EIP=400005e3 EFL=00200212 [----A--] CPL=0 II=0 A20=1 SMM=0 HLT=0
ES =0010 00000000 ffffffff 00cf9300 DPL=0 DS   [-WA]
CS =0008 00000000 ffffffff 00cf9a00 DPL=0 CS32 [-R-]
SS =0010 00000000 ffffffff 00cf9300 DPL=0 DS   [-WA]
DS =0010 00000000 ffffffff 00cf9300 DPL=0 DS   [-WA]
FS =0010 00000000 ffffffff 00cf9300 DPL=0 DS   [-WA]
GS =0010 00000000 ffffffff 00cf9300 DPL=0 DS   [-WA]
LDT=0000 00000000 0000ffff 00008200 DPL=0 LDT
TR =0000 00000000 0000ffff 00008b00 DPL=0 TSS32-busy
GDT=     00115148 00000017
IDT=     0011c1e0 000007ff
CR0=80000011 CR2=00000000 CR3=00132000 CR4=00000000
DR0=00000000 DR1=00000000 DR2=00000000 DR3=00000000 
DR6=ffff0ff0 DR7=00000400
CCS=00000010 CCD=00000004 CCO=EFLAGS
EFER=0000000000000000
    96: v=80 e=0000 i=1 cpl=0 IP=0008:40001606 pc=40001606 SP=0010:bffeff90 env->regs[R_EAX]=00000000
EAX=00000000 EBX=001039e9 ECX=00000000 EDX=50010000
ESI=40002114 EDI=400021a4 EBP=bffefffc ESP=bffeff90
EIP=40001606 EFL=00200246 [---Z-P-] CPL=0 II=0 A20=1 SMM=0 HLT=0
ES =0010 00000000 ffffffff 00cf9300 DPL=0 DS   [-WA]
CS =0008 00000000 ffffffff 00cf9a00 DPL=0 CS32 [-R-]
SS =0010 00000000 ffffffff 00cf9300 DPL=0 DS   [-WA]
DS =0010 00000000 ffffffff 00cf9300 DPL=0 DS   [-WA]
FS =0010 00000000 ffffffff 00cf9300 DPL=0 DS   [-WA]
GS =0010 00000000 ffffffff 00cf9300 DPL=0 DS   [-WA]
LDT=0000 00000000 0000ffff 00008200 DPL=0 LDT
TR =0000 00000000 0000ffff 00008b00 DPL=0 TSS32-busy
GDT=     00115148 00000017
IDT=     0011c1e0 000007ff
CR0=80000011 CR2=00000000 CR3=00132000 CR4=00000000
DR0=00000000 DR1=00000000 DR2=00000000 DR3=00000000 
DR6=ffff0ff0 DR7=00000400
CCS=00000044 CCD=bffeff98 CCO=EFLAGS
EFER=0000000000000000
    97: v=80 e=0000 i=1 cpl=0 IP=0008:40001692 pc=40001692 SP=0010:bffeff90 env->regs[R_EAX]=0000000a
EAX=0000000a EBX=001039e9 ECX=00000000 EDX=50010000
ESI=40002114 EDI=00000008 EBP=bffefffc ESP=bffeff90
EIP=40001692 EFL=00200292 [--S-A--] CPL=0 II=0 A20=1 SMM=0 HLT=0
ES =0010 00000000 ffffffff 00cf9300 DPL=0 DS   [-WA]
CS =0008 00000000 ffffffff 00cf9a00 DPL=0 CS32 [-R-]
SS =0010 00000000 ffffffff 00cf9300 DPL=0 DS   [-WA]
DS =0010 00000000 ffffffff 00cf9300 DPL=0 DS   [-WA]
FS =0010 00000000 ffffffff 00cf9300 DPL=0 DS   [-WA]
GS =0010 00000000 ffffffff 00cf9300 DPL=0 DS   [-WA]
LDT=0000 00000000 0000ffff 00008200 DPL=0 LDT
TR =0000 00000000 0000ffff 00008b00 DPL=0 TSS32-busy
GDT=     00115148 00000017
IDT=     0011c1e0 000007ff
CR0=80000011 CR2=00000000 CR3=00132000 CR4=00000000
DR0=00000000 DR1=00000000 DR2=00000000 DR3=00000000 
DR6=ffff0ff0 DR7=00000400
CCS=0000000c CCD=bffeff98 CCO=SUBL
EFER=0000000000000000
    98: v=80 e=0000 i=1 cpl=0 IP=0008:4000166e pc=4000166e SP=0010:bffeff90 env->regs[R_EAX]=00000007
EAX=00000007 EBX=001039e9 ECX=00000000 EDX=50010000
ESI=40002114 EDI=00000016 EBP=bffefffc ESP=bffeff90
EIP=4000166e EFL=00200292 [--S-A--] CPL=0 II=0 A20=1 SMM=0 HLT=0
ES =0010 00000000 ffffffff 00cf9300 DPL=0 DS   [-WA]
CS =0008 00000000 ffffffff 00cf9a00 DPL=0 CS32 [-R-]
SS =0010 00000000 ffffffff 00cf9300 DPL=0 DS   [-WA]
DS =0010 00000000 ffffffff 00cf9300 DPL=0 DS   [-WA]
FS =0010 00000000 ffffffff 00cf9300 DPL=0 DS   [-WA]
GS =0010 00000000 ffffffff 00cf9300 DPL=0 DS   [-WA]
LDT=0000 00000000 0000ffff 00008200 DPL=0 LDT
TR =0000 00000000 0000ffff 00008b00 DPL=0 TSS32-busy
GDT=     00115148 00000017
IDT=     0011c1e0 000007ff
CR0=80000011 CR2=00000000 CR3=00132000 CR4=00000000
DR0=00000000 DR1=00000000 DR2=00000000 DR3=00000000 
DR6=ffff0ff0 DR7=00000400
CCS=0000000c CCD=bffeff98 CCO=SUBL
EFER=0000000000000000
    99: v=80 e=0000 i=1 cpl=0 IP=0008:4000162e pc=4000162e SP=0010:bffeff90 env->regs[R_EAX]=00000002
EAX=00000002 EBX=001039e9 ECX=00000000 EDX=00000015
ESI=5003f000 EDI=00000008 EBP=bffefffc ESP=bffeff90
EIP=4000162e EFL=00200286 [--S--P-] CPL=0 II=0 A20=1 SMM=0 HLT=0
ES =0010 00000000 ffffffff 00cf9300 DPL=0 DS   [-WA]
CS =0008 00000000 ffffffff 00cf9a00 DPL=0 CS32 [-R-]
SS =0010 00000000 ffffffff 00cf9300 DPL=0 DS   [-WA]
DS =0010 00000000 ffffffff 00cf9300 DPL=0 DS   [-WA]
FS =0010 00000000 ffffffff 00cf9300 DPL=0 DS   [-WA]
GS =0010 00000000 ffffffff 00cf9300 DPL=0 DS   [-WA]
LDT=0000 00000000 0000ffff 00008200 DPL=0 LDT
TR =0000 00000000 0000ffff 00008b00 DPL=0 TSS32-busy
GDT=     00115148 00000017
IDT=     0011c1e0 000007ff
CR0=80000011 CR2=00000000 CR3=00132000 CR4=00000000
DR0=00000000 DR1=00000000 DR2=00000000 DR3=00000000 
DR6=ffff0ff0 DR7=00000400
CCS=00000004 CCD=bffeffa0 CCO=SUBL
EFER=0000000000000000
   100: v=80 e=0000 i=1 cpl=0 IP=0008:4000166e pc=4000166e SP=0010:bffeff50 env->regs[R_EAX]=00000007
EAX=00000007 EBX=001039e9 ECX=00000000 EDX=5003f000
ESI=5003f000 EDI=00001000 EBP=bffeff8c ESP=bffeff50
EIP=4000166e EFL=00200292 [--S-A--] CPL=0 II=0 A20=1 SMM=0 HLT=0
ES =0010 00000000 ffffffff 00cf9300 DPL=0 DS   [-WA]
CS =0008 00000000 ffffffff 00cf9a00 DPL=0 CS32 [-R-]
SS =0010 00000000 ffffffff 00cf9300 DPL=0 DS   [-WA]
DS =0010 00000000 ffffffff 00cf9300 DPL=0 DS   [-WA]
FS =0010 00000000 ffffffff 00cf9300 DPL=0 DS   [-WA]
GS =0010 00000000 ffffffff 00cf9300 DPL=0 DS   [-WA]
LDT=0000 00000000 0000ffff 00008200 DPL=0 LDT
TR =0000 00000000 0000ffff 00008b00 DPL=0 TSS32-busy
GDT=     00115148 00000017
IDT=     0011c1e0 000007ff
CR0=80000011 CR2=00000000 CR3=00132000 CR4=00000000
DR0=00000000 DR1=00000000 DR2=00000000 DR3=00000000 
DR6=ffff0ff0 DR7=00000400
CCS=0000000c CCD=bffeff58 CCO=SUBL
EFER=0000000000000000
Servicing hardware INT=0x20
   101: v=20 e=0000 i=0 cpl=0 IP=0008:40001670 pc=40001670 SP=0010:bffeff50 env->regs[R_EAX]=50040000
EAX=50040000 EBX=001039e9 ECX=00000000 EDX=5003f000
ESI=5003f000 EDI=00001000 EBP=bffeff8c ESP=bffeff50
EIP=40001670 EFL=00200292 [--S-A--] CPL=0 II=0 A20=1 SMM=0 HLT=0
ES =0010 00000000 ffffffff 00cf9300 DPL=0 DS   [-WA]
CS =0008 00000000 ffffffff 00cf9a00 DPL=0 CS32 [-R-]
SS =0010 00000000 ffffffff 00cf9300 DPL=0 DS   [-WA]
DS =0010 00000000 ffffffff 00cf9300 DPL=0 DS   [-WA]
FS =0010 00000000 ffffffff 00cf9300 DPL=0 DS   [-WA]
GS =0010 00000000 ffffffff 00cf9300 DPL=0 DS   [-WA]
LDT=0000 00000000 0000ffff 00008200 DPL=0 LDT
TR =0000 00000000 0000ffff 00008b00 DPL=0 TSS32-busy
GDT=     00115148 00000017
IDT=     0011c1e0 000007ff
CR0=80000011 CR2=00000000 CR3=00132000 CR4=00000000
DR0=00000000 DR1=00000000 DR2=00000000 DR3=00000000 
DR6=ffff0ff0 DR7=00000400
CCS=00000090 CCD=bffeff24 CCO=EFLAGS
EFER=0000000000000000
   102: v=80 e=0000 i=1 cpl=0 IP=0008:4000161a pc=4000161a SP=0010:bffeff30 env->regs[R_EAX]=00000001
EAX=00000001 EBX=001039e9 ECX=5003f013 EDX=00000028
ESI=50040000 EDI=00000005 EBP=bffeff4c ESP=bffeff30
EIP=4000161a EFL=00200282 [--S----] CPL=0 II=0 A20=1 SMM=0 HLT=0
ES =0010 00000000 ffffffff 00cf9300 DPL=0 DS   [-WA]
CS =0008 00000000 ffffffff 00cf9a00 DPL=0 CS32 [-R-]
SS =0010 00000000 ffffffff 00cf9300 DPL=0 DS   [-WA]
DS =0010 00000000 ffffffff 00cf9300 DPL=0 DS   [-WA]
FS =0010 00000000 ffffffff 00cf9300 DPL=0 DS   [-WA]
GS =0010 00000000 ffffffff 00cf9300 DPL=0 DS   [-WA]
LDT=0000 00000000 0000ffff 00008200 DPL=0 LDT
TR =0000 00000000 0000ffff 00008b00 DPL=0 TSS32-busy
GDT=     00115148 00000017
IDT=     0011c1e0 000007ff
CR0=80000011 CR2=00000000 CR3=00132000 CR4=00000000
DR0=00000000 DR1=00000000 DR2=00000000 DR3=00000000 
DR6=ffff0ff0 DR7=00000400
CCS=00000004 CCD=bffeff40 CCO=SUBL
EFER=0000000000000000
   103: v=80 e=0000 i=1 cpl=0 IP=0008:4000167a pc=4000167a SP=0010:bffeff50 env->regs[R_EAX]=00000008
EAX=00000008 EBX=001039e9 ECX=5003f013 EDX=00000028
ESI=50040000 EDI=50040000 EBP=bffeff8c ESP=bffeff50
EIP=4000167a EFL=00200292 [--S-A--] CPL=0 II=0 A20=1 SMM=0 HLT=0
ES =0010 00000000 ffffffff 00cf9300 DPL=0 DS   [-WA]
CS =0008 00000000 ffffffff 00cf9a00 DPL=0 CS32 [-R-]
SS =0010 00000000 ffffffff 00cf9300 DPL=0 DS   [-WA]
DS =0010 00000000 ffffffff 00cf9300 DPL=0 DS   [-WA]
FS =0010 00000000 ffffffff 00cf9300 DPL=0 DS   [-WA]
GS =0010 00000000 ffffffff 00cf9300 DPL=0 DS   [-WA]
LDT=0000 00000000 0000ffff 00008200 DPL=0 LDT
TR =0000 00000000 0000ffff 00008b00 DPL=0 TSS32-busy
GDT=     00115148 00000017
IDT=     0011c1e0 000007ff
CR0=80000011 CR2=00000000 CR3=00132000 CR4=00000000
DR0=00000000 DR1=00000000 DR2=00000000 DR3=00000000 
DR6=ffff0ff0 DR7=00000400
CCS=0000000c CCD=bffeff58 CCO=SUBL
EFER=0000000000000000
   104: v=80 e=0000 i=1 cpl=0 IP=0008:4000166e pc=4000166e SP=0010:bffeff90 env->regs[R_EAX]=00000007
EAX=00000007 EBX=001039e9 ECX=5003f013 EDX=5003f000
ESI=50040000 EDI=0000000c EBP=bffefffc ESP=bffeff90
EIP=4000166e EFL=00200292 [--S-A--] CPL=0 II=0 A20=1 SMM=0 HLT=0
ES =0010 00000000 ffffffff 00cf9300 DPL=0 DS   [-WA]
CS =0008 00000000 ffffffff 00cf9a00 DPL=0 CS32 [-R-]
SS =0010 00000000 ffffffff 00cf9300 DPL=0 DS   [-WA]
DS =0010 00000000 ffffffff 00cf9300 DPL=0 DS   [-WA]
FS =0010 00000000 ffffffff 00cf9300 DPL=0 DS   [-WA]
GS =0010 00000000 ffffffff 00cf9300 DPL=0 DS   [-WA]
LDT=0000 00000000 0000ffff 00008200 DPL=0 LDT
TR =0000 00000000 0000ffff 00008b00 DPL=0 TSS32-busy
GDT=     00115148 00000017
IDT=     0011c1e0 000007ff
CR0=80000011 CR2=00000000 CR3=00132000 CR4=00000000
DR0=00000000 DR1=00000000 DR2=00000000 DR3=00000000 
DR6=ffff0ff0 DR7=00000400
CCS=0000000c CCD=bffeff98 CCO=SUBL
EFER=0000000000000000
Servicing hardware INT=0x20
   105: v=20 e=0000 i=0 cpl=0 IP=0008:40001670 pc=40001670 SP=0010:bffeff90 env->regs[R_EAX]=50041000
EAX=50041000 EBX=001039e9 ECX=5003f013 EDX=5003f000
ESI=50040000 EDI=0000000c EBP=bffefffc ESP=bffeff90
EIP=40001670 EFL=00200292 [--S-A--] CPL=0 II=0 A20=1 SMM=0 HLT=0
ES =0010 00000000 ffffffff 00cf9300 DPL=0 DS   [-WA]
CS =0008 00000000 ffffffff 00cf9a00 DPL=0 CS32 [-R-]
SS =0010 00000000 ffffffff 00cf9300 DPL=0 DS   [-WA]
DS =0010 00000000 ffffffff 00cf9300 DPL=0 DS   [-WA]
FS =0010 00000000 ffffffff 00cf9300 DPL=0 DS   [-WA]
GS =0010 00000000 ffffffff 00cf9300 DPL=0 DS   [-WA]
LDT=0000 00000000 0000ffff 00008200 DPL=0 LDT
TR =0000 00000000 0000ffff 00008b00 DPL=0 TSS32-busy
GDT=     00115148 00000017
IDT=     0011c1e0 000007ff
CR0=80000011 CR2=00000000 CR3=00132000 CR4=00000000
DR0=00000000 DR1=00000000 DR2=00000000 DR3=00000000 
DR6=ffff0ff0 DR7=00000400
CCS=00000090 CCD=bffeff64 CCO=EFLAGS
EFER=0000000000000000
   106: v=80 e=0000 i=1 cpl=0 IP=0008:4000166e pc=4000166e SP=0010:bffeff50 env->regs[R_EAX]=00000007
EAX=00000007 EBX=001039e9 ECX=50041000 EDX=50041000
ESI=50040000 EDI=00001000 EBP=bffeff8c ESP=bffeff50
EIP=4000166e EFL=00200292 [--S-A--] CPL=0 II=0 A20=1 SMM=0 HLT=0
ES =0010 00000000 ffffffff 00cf9300 DPL=0 DS   [-WA]
CS =0008 00000000 ffffffff 00cf9a00 DPL=0 CS32 [-R-]
SS =0010 00000000 ffffffff 00cf9300 DPL=0 DS   [-WA]
DS =0010 00000000 ffffffff 00cf9300 DPL=0 DS   [-WA]
FS =0010 00000000 ffffffff 00cf9300 DPL=0 DS   [-WA]
GS =0010 00000000 ffffffff 00cf9300 DPL=0 DS   [-WA]
LDT=0000 00000000 0000ffff 00008200 DPL=0 LDT
TR =0000 00000000 0000ffff 00008b00 DPL=0 TSS32-busy
GDT=     00115148 00000017
IDT=     0011c1e0 000007ff
CR0=80000011 CR2=00000000 CR3=00132000 CR4=00000000
DR0=00000000 DR1=00000000 DR2=00000000 DR3=00000000 
DR6=ffff0ff0 DR7=00000400
CCS=0000000c CCD=bffeff58 CCO=SUBL
EFER=0000000000000000
   107: v=80 e=0000 i=1 cpl=0 IP=0008:4000161a pc=4000161a SP=0010:bffeff30 env->regs[R_EAX]=00000001
EAX=00000001 EBX=001039e9 ECX=5004100a EDX=0000001b
ESI=50042000 EDI=00000005 EBP=bffeff4c ESP=bffeff30
EIP=4000161a EFL=00200282 [--S----] CPL=0 II=0 A20=1 SMM=0 HLT=0
ES =0010 00000000 ffffffff 00cf9300 DPL=0 DS   [-WA]
CS =0008 00000000 ffffffff 00cf9a00 DPL=0 CS32 [-R-]
SS =0010 00000000 ffffffff 00cf9300 DPL=0 DS   [-WA]
DS =0010 00000000 ffffffff 00cf9300 DPL=0 DS   [-WA]
FS =0010 00000000 ffffffff 00cf9300 DPL=0 DS   [-WA]
GS =0010 00000000 ffffffff 00cf9300 DPL=0 DS   [-WA]
LDT=0000 00000000 0000ffff 00008200 DPL=0 LDT
TR =0000 00000000 0000ffff 00008b00 DPL=0 TSS32-busy
GDT=     00115148 00000017
IDT=     0011c1e0 000007ff
CR0=80000011 CR2=00000000 CR3=00132000 CR4=00000000
DR0=00000000 DR1=00000000 DR2=00000000 DR3=00000000 
DR6=ffff0ff0 DR7=00000400
CCS=00000004 CCD=bffeff40 CCO=SUBL
EFER=0000000000000000
   108: v=80 e=0000 i=1 cpl=0 IP=0008:4000167a pc=4000167a SP=0010:bffeff50 env->regs[R_EAX]=00000008
EAX=00000008 EBX=001039e9 ECX=5004100a EDX=0000001b
ESI=50042000 EDI=50042000 EBP=bffeff8c ESP=bffeff50
EIP=4000167a EFL=00200292 [--S-A--] CPL=0 II=0 A20=1 SMM=0 HLT=0
ES =0010 00000000 ffffffff 00cf9300 DPL=0 DS   [-WA]
CS =0008 00000000 ffffffff 00cf9a00 DPL=0 CS32 [-R-]
SS =0010 00000000 ffffffff 00cf9300 DPL=0 DS   [-WA]
DS =0010 00000000 ffffffff 00cf9300 DPL=0 DS   [-WA]
FS =0010 00000000 ffffffff 00cf9300 DPL=0 DS   [-WA]
GS =0010 00000000 ffffffff 00cf9300 DPL=0 DS   [-WA]
LDT=0000 00000000 0000ffff 00008200 DPL=0 LDT
TR =0000 00000000 0000ffff 00008b00 DPL=0 TSS32-busy
GDT=     00115148 00000017
IDT=     0011c1e0 000007ff
CR0=80000011 CR2=00000000 CR3=00132000 CR4=00000000
DR0=00000000 DR1=00000000 DR2=00000000 DR3=00000000 
DR6=ffff0ff0 DR7=00000400
CCS=0000000c CCD=bffeff58 CCO=SUBL
EFER=0000000000000000
   109: v=80 e=0000 i=1 cpl=0 IP=0008:4000166e pc=4000166e SP=0010:bffeff90 env->regs[R_EAX]=00000007
EAX=00000007 EBX=001039e9 ECX=5004100a EDX=5003f00c
ESI=50042000 EDI=00000005 EBP=bffefffc ESP=bffeff90
EIP=4000166e EFL=00200292 [--S-A--] CPL=0 II=0 A20=1 SMM=0 HLT=0
ES =0010 00000000 ffffffff 00cf9300 DPL=0 DS   [-WA]
CS =0008 00000000 ffffffff 00cf9a00 DPL=0 CS32 [-R-]
SS =0010 00000000 ffffffff 00cf9300 DPL=0 DS   [-WA]
DS =0010 00000000 ffffffff 00cf9300 DPL=0 DS   [-WA]
FS =0010 00000000 ffffffff 00cf9300 DPL=0 DS   [-WA]
GS =0010 00000000 ffffffff 00cf9300 DPL=0 DS   [-WA]
LDT=0000 00000000 0000ffff 00008200 DPL=0 LDT
TR =0000 00000000 0000ffff 00008b00 DPL=0 TSS32-busy
GDT=     00115148 00000017
IDT=     0011c1e0 000007ff
CR0=80000011 CR2=00000000 CR3=00132000 CR4=00000000
DR0=00000000 DR1=00000000 DR2=00000000 DR3=00000000 
DR6=ffff0ff0 DR7=00000400
CCS=0000000c CCD=bffeff98 CCO=SUBL
EFER=0000000000000000
   110: v=80 e=0000 i=1 cpl=0 IP=0008:4000166e pc=4000166e SP=0010:bffeff50 env->regs[R_EAX]=00000007
EAX=00000007 EBX=001039e9 ECX=50043000 EDX=50043000
ESI=50042000 EDI=00001000 EBP=bffeff8c ESP=bffeff50
EIP=4000166e EFL=00200292 [--S-A--] CPL=0 II=0 A20=1 SMM=0 HLT=0
ES =0010 00000000 ffffffff 00cf9300 DPL=0 DS   [-WA]
CS =0008 00000000 ffffffff 00cf9a00 DPL=0 CS32 [-R-]
SS =0010 00000000 ffffffff 00cf9300 DPL=0 DS   [-WA]
DS =0010 00000000 ffffffff 00cf9300 DPL=0 DS   [-WA]
FS =0010 00000000 ffffffff 00cf9300 DPL=0 DS   [-WA]
GS =0010 00000000 ffffffff 00cf9300 DPL=0 DS   [-WA]
LDT=0000 00000000 0000ffff 00008200 DPL=0 LDT
TR =0000 00000000 0000ffff 00008b00 DPL=0 TSS32-busy
GDT=     00115148 00000017
IDT=     0011c1e0 000007ff
CR0=80000011 CR2=00000000 CR3=00132000 CR4=00000000
DR0=00000000 DR1=00000000 DR2=00000000 DR3=00000000 
DR6=ffff0ff0 DR7=00000400
CCS=0000000c CCD=bffeff58 CCO=SUBL
EFER=0000000000000000
Servicing hardware INT=0x20
   111: v=20 e=0000 i=0 cpl=0 IP=0008:40001670 pc=40001670 SP=0010:bffeff50 env->regs[R_EAX]=50044000
EAX=50044000 EBX=001039e9 ECX=50043000 EDX=50043000
ESI=50042000 EDI=00001000 EBP=bffeff8c ESP=bffeff50
EIP=40001670 EFL=00200292 [--S-A--] CPL=0 II=0 A20=1 SMM=0 HLT=0
ES =0010 00000000 ffffffff 00cf9300 DPL=0 DS   [-WA]
CS =0008 00000000 ffffffff 00cf9a00 DPL=0 CS32 [-R-]
SS =0010 00000000 ffffffff 00cf9300 DPL=0 DS   [-WA]
DS =0010 00000000 ffffffff 00cf9300 DPL=0 DS   [-WA]
FS =0010 00000000 ffffffff 00cf9300 DPL=0 DS   [-WA]
GS =0010 00000000 ffffffff 00cf9300 DPL=0 DS   [-WA]
LDT=0000 00000000 0000ffff 00008200 DPL=0 LDT
TR =0000 00000000 0000ffff 00008b00 DPL=0 TSS32-busy
GDT=     00115148 00000017
IDT=     0011c1e0 000007ff
CR0=80000011 CR2=00000000 CR3=00132000 CR4=00000000
DR0=00000000 DR1=00000000 DR2=00000000 DR3=00000000 
DR6=ffff0ff0 DR7=00000400
CCS=00000090 CCD=bffeff24 CCO=EFLAGS
EFER=0000000000000000
   112: v=80 e=0000 i=1 cpl=0 IP=0008:4000161a pc=4000161a SP=0010:bffeff30 env->regs[R_EAX]=00000001
EAX=00000001 EBX=001039e9 ECX=50043003 EDX=00000012
ESI=50044000 EDI=00000005 EBP=bffeff4c ESP=bffeff30
EIP=4000161a EFL=00200282 [--S----] CPL=0 II=0 A20=1 SMM=0 HLT=0
ES =0010 00000000 ffffffff 00cf9300 DPL=0 DS   [-WA]
CS =0008 00000000 ffffffff 00cf9a00 DPL=0 CS32 [-R-]
SS =0010 00000000 ffffffff 00cf9300 DPL=0 DS   [-WA]
DS =0010 00000000 ffffffff 00cf9300 DPL=0 DS   [-WA]
FS =0010 00000000 ffffffff 00cf9300 DPL=0 DS   [-WA]
GS =0010 00000000 ffffffff 00cf9300 DPL=0 DS   [-WA]
LDT=0000 00000000 0000ffff 00008200 DPL=0 LDT
TR =0000 00000000 0000ffff 00008b00 DPL=0 TSS32-busy
GDT=     00115148 00000017
IDT=     0011c1e0 000007ff
CR0=80000011 CR2=00000000 CR3=00132000 CR4=00000000
DR0=00000000 DR1=00000000 DR2=00000000 DR3=00000000 
DR6=ffff0ff0 DR7=00000400
CCS=00000004 CCD=bffeff40 CCO=SUBL
EFER=0000000000000000
   113: v=80 e=0000 i=1 cpl=0 IP=0008:4000167a pc=4000167a SP=0010:bffeff50 env->regs[R_EAX]=00000008
EAX=00000008 EBX=001039e9 ECX=50043003 EDX=00000012
ESI=50044000 EDI=50044000 EBP=bffeff8c ESP=bffeff50
EIP=4000167a EFL=00200292 [--S-A--] CPL=0 II=0 A20=1 SMM=0 HLT=0
ES =0010 00000000 ffffffff 00cf9300 DPL=0 DS   [-WA]
CS =0008 00000000 ffffffff 00cf9a00 DPL=0 CS32 [-R-]
SS =0010 00000000 ffffffff 00cf9300 DPL=0 DS   [-WA]
DS =0010 00000000 ffffffff 00cf9300 DPL=0 DS   [-WA]
FS =0010 00000000 ffffffff 00cf9300 DPL=0 DS   [-WA]
GS =0010 00000000 ffffffff 00cf9300 DPL=0 DS   [-WA]
LDT=0000 00000000 0000ffff 00008200 DPL=0 LDT
TR =0000 00000000 0000ffff 00008b00 DPL=0 TSS32-busy
GDT=     00115148 00000017
IDT=     0011c1e0 000007ff
CR0=80000011 CR2=00000000 CR3=00132000 CR4=00000000
DR0=00000000 DR1=00000000 DR2=00000000 DR3=00000000 
DR6=ffff0ff0 DR7=00000400
CCS=0000000c CCD=bffeff58 CCO=SUBL
EFER=0000000000000000
   114: v=80 e=0000 i=1 cpl=0 IP=0008:4000166e pc=4000166e SP=0010:bffeff50 env->regs[R_EAX]=00000007
EAX=00000007 EBX=001039e9 ECX=00000000 EDX=00000000
ESI=50044000 EDI=00001000 EBP=bffeff8c ESP=bffeff50
EIP=4000166e EFL=00200292 [--S-A--] CPL=0 II=0 A20=1 SMM=0 HLT=0
ES =0010 00000000 ffffffff 00cf9300 DPL=0 DS   [-WA]
CS =0008 00000000 ffffffff 00cf9a00 DPL=0 CS32 [-R-]
SS =0010 00000000 ffffffff 00cf9300 DPL=0 DS   [-WA]
DS =0010 00000000 ffffffff 00cf9300 DPL=0 DS   [-WA]
FS =0010 00000000 ffffffff 00cf9300 DPL=0 DS   [-WA]
GS =0010 00000000 ffffffff 00cf9300 DPL=0 DS   [-WA]
LDT=0000 00000000 0000ffff 00008200 DPL=0 LDT
TR =0000 00000000 0000ffff 00008b00 DPL=0 TSS32-busy
GDT=     00115148 00000017
IDT=     0011c1e0 000007ff
CR0=80000011 CR2=00000000 CR3=00132000 CR4=00000000
DR0=00000000 DR1=00000000 DR2=00000000 DR3=00000000 
DR6=ffff0ff0 DR7=00000400
CCS=0000000c CCD=bffeff58 CCO=SUBL
EFER=0000000000000000
   115: v=80 e=0000 i=1 cpl=0 IP=0008:4000161a pc=4000161a SP=0010:bffeff30 env->regs[R_EAX]=00000001
EAX=00000001 EBX=001039e9 ECX=bffeffba EDX=0000000a
ESI=50045000 EDI=00000005 EBP=bffeff4c ESP=bffeff30
EIP=4000161a EFL=00200282 [--S----] CPL=0 II=0 A20=1 SMM=0 HLT=0
ES =0010 00000000 ffffffff 00cf9300 DPL=0 DS   [-WA]
CS =0008 00000000 ffffffff 00cf9a00 DPL=0 CS32 [-R-]
SS =0010 00000000 ffffffff 00cf9300 DPL=0 DS   [-WA]
DS =0010 00000000 ffffffff 00cf9300 DPL=0 DS   [-WA]
FS =0010 00000000 ffffffff 00cf9300 DPL=0 DS   [-WA]
GS =0010 00000000 ffffffff 00cf9300 DPL=0 DS   [-WA]
LDT=0000 00000000 0000ffff 00008200 DPL=0 LDT
TR =0000 00000000 0000ffff 00008b00 DPL=0 TSS32-busy
GDT=     00115148 00000017
IDT=     0011c1e0 000007ff
CR0=80000011 CR2=00000000 CR3=00132000 CR4=00000000
DR0=00000000 DR1=00000000 DR2=00000000 DR3=00000000 
DR6=ffff0ff0 DR7=00000400
CCS=00000004 CCD=bffeff40 CCO=SUBL
EFER=0000000000000000
   116: v=80 e=0000 i=1 cpl=0 IP=0008:4000167a pc=4000167a SP=0010:bffeff50 env->regs[R_EAX]=00000008
EAX=00000008 EBX=001039e9 ECX=bffeffba EDX=0000000a
ESI=50045000 EDI=50045000 EBP=bffeff8c ESP=bffeff50
EIP=4000167a EFL=00200292 [--S-A--] CPL=0 II=0 A20=1 SMM=0 HLT=0
ES =0010 00000000 ffffffff 00cf9300 DPL=0 DS   [-WA]
CS =0008 00000000 ffffffff 00cf9a00 DPL=0 CS32 [-R-]
SS =0010 00000000 ffffffff 00cf9300 DPL=0 DS   [-WA]
DS =0010 00000000 ffffffff 00cf9300 DPL=0 DS   [-WA]
FS =0010 00000000 ffffffff 00cf9300 DPL=0 DS   [-WA]
GS =0010 00000000 ffffffff 00cf9300 DPL=0 DS   [-WA]
LDT=0000 00000000 0000ffff 00008200 DPL=0 LDT
TR =0000 00000000 0000ffff 00008b00 DPL=0 TSS32-busy
GDT=     00115148 00000017
IDT=     0011c1e0 000007ff
CR0=80000011 CR2=00000000 CR3=00132000 CR4=00000000
DR0=00000000 DR1=00000000 DR2=00000000 DR3=00000000 
DR6=ffff0ff0 DR7=00000400
CCS=0000000c CCD=bffeff58 CCO=SUBL
EFER=0000000000000000
Servicing hardware INT=0x20
   117: v=20 e=0000 i=0 cpl=0 IP=0008:001012cd pc=001012cd SP=0010:bffefdfc env->regs[R_EAX]=00000158
EAX=00000158 EBX=001039e9 ECX=00000000 EDX=000001f7
ESI=50045000 EDI=50045000 EBP=bffefffc ESP=bffefdfc
EIP=001012cd EFL=00200296 [--S-AP-] CPL=0 II=0 A20=1 SMM=0 HLT=0
ES =0010 00000000 ffffffff 00cf9300 DPL=0 DS   [-WA]
CS =0008 00000000 ffffffff 00cf9a00 DPL=0 CS32 [-R-]
SS =0010 00000000 ffffffff 00cf9300 DPL=0 DS   [-WA]
DS =0010 00000000 ffffffff 00cf9300 DPL=0 DS   [-WA]
FS =0010 00000000 ffffffff 00cf9300 DPL=0 DS   [-WA]
GS =0010 00000000 ffffffff 00cf9300 DPL=0 DS   [-WA]
LDT=0000 00000000 0000ffff 00008200 DPL=0 LDT
TR =0000 00000000 0000ffff 00008b00 DPL=0 TSS32-busy
GDT=     00115148 00000017
IDT=     0011c1e0 000007ff
CR0=80000011 CR2=00000000 CR3=00132000 CR4=00000000
DR0=00000000 DR1=00000000 DR2=00000000 DR3=00000000 
DR6=ffff0ff0 DR7=00000400
CCS=00000094 CCD=bffefdfc CCO=EFLAGS
EFER=0000000000000000
Servicing hardware INT=0x20
   118: v=20 e=0000 i=0 cpl=0 IP=0008:001012b6 pc=001012b6 SP=0010:bffefc10 env->regs[R_EAX]=000000e0
EAX=000000e0 EBX=00000200 ECX=00000200 EDX=000001f6
ESI=50045000 EDI=50045000 EBP=bffefffc ESP=bffefc10
EIP=001012b6 EFL=00200282 [--S----] CPL=0 II=0 A20=1 SMM=0 HLT=0
ES =0010 00000000 ffffffff 00cf9300 DPL=0 DS   [-WA]
CS =0008 00000000 ffffffff 00cf9a00 DPL=0 CS32 [-R-]
SS =0010 00000000 ffffffff 00cf9300 DPL=0 DS   [-WA]
DS =0010 00000000 ffffffff 00cf9300 DPL=0 DS   [-WA]
FS =0010 00000000 ffffffff 00cf9300 DPL=0 DS   [-WA]
GS =0010 00000000 ffffffff 00cf9300 DPL=0 DS   [-WA]
LDT=0000 00000000 0000ffff 00008200 DPL=0 LDT
TR =0000 00000000 0000ffff 00008b00 DPL=0 TSS32-busy
GDT=     00115148 00000017
IDT=     0011c1e0 000007ff
CR0=80000011 CR2=00000000 CR3=00132000 CR4=00000000
DR0=00000000 DR1=00000000 DR2=00000000 DR3=00000000 
DR6=ffff0ff0 DR7=00000400
CCS=00000080 CCD=bffefc10 CCO=EFLAGS
EFER=0000000000000000
Servicing hardware INT=0x20
   119: v=20 e=0000 i=0 cpl=0 IP=0008:001065f5 pc=001065f5 SP=0010:bffefdfc env->regs[R_EAX]=0000858b
EAX=0000858b EBX=00159cf3 ECX=00000000 EDX=000001f0
ESI=50045000 EDI=50045000 EBP=bffefffc ESP=bffefdfc
EIP=001065f5 EFL=00200296 [--S-AP-] CPL=0 II=0 A20=1 SMM=0 HLT=0
ES =0010 00000000 ffffffff 00cf9300 DPL=0 DS   [-WA]
CS =0008 00000000 ffffffff 00cf9a00 DPL=0 CS32 [-R-]
SS =0010 00000000 ffffffff 00cf9300 DPL=0 DS   [-WA]
DS =0010 00000000 ffffffff 00cf9300 DPL=0 DS   [-WA]
FS =0010 00000000 ffffffff 00cf9300 DPL=0 DS   [-WA]
GS =0010 00000000 ffffffff 00cf9300 DPL=0 DS   [-WA]
LDT=0000 00000000 0000ffff 00008200 DPL=0 LDT
TR =0000 00000000 0000ffff 00008b00 DPL=0 TSS32-busy
GDT=     00115148 00000017
IDT=     0011c1e0 000007ff
CR0=80000011 CR2=00000000 CR3=00132000 CR4=00000000
DR0=00000000 DR1=00000000 DR2=00000000 DR3=00000000 
DR6=ffff0ff0 DR7=00000400
CCS=00000094 CCD=bffefdfc CCO=EFLAGS
EFER=0000000000000000
Servicing hardware INT=0x20
   120: v=20 e=0000 i=0 cpl=0 IP=0008:001012b6 pc=001012b6 SP=0010:bffefc10 env->regs[R_EAX]=000000e0
EAX=000000e0 EBX=00000200 ECX=00000200 EDX=000001f6
ESI=50045000 EDI=50045000 EBP=bffefffc ESP=bffefc10
EIP=001012b6 EFL=00200282 [--S----] CPL=0 II=0 A20=1 SMM=0 HLT=0
ES =0010 00000000 ffffffff 00cf9300 DPL=0 DS   [-WA]
CS =0008 00000000 ffffffff 00cf9a00 DPL=0 CS32 [-R-]
SS =0010 00000000 ffffffff 00cf9300 DPL=0 DS   [-WA]
DS =0010 00000000 ffffffff 00cf9300 DPL=0 DS   [-WA]
FS =0010 00000000 ffffffff 00cf9300 DPL=0 DS   [-WA]
GS =0010 00000000 ffffffff 00cf9300 DPL=0 DS   [-WA]
LDT=0000 00000000 0000ffff 00008200 DPL=0 LDT
TR =0000 00000000 0000ffff 00008b00 DPL=0 TSS32-busy
GDT=     00115148 00000017
IDT=     0011c1e0 000007ff
CR0=80000011 CR2=00000000 CR3=00132000 CR4=00000000
DR0=00000000 DR1=00000000 DR2=00000000 DR3=00000000 
DR6=ffff0ff0 DR7=00000400
CCS=00000080 CCD=bffefc10 CCO=EFLAGS
EFER=0000000000000000
Servicing hardware INT=0x20
   121: v=20 e=0000 i=0 cpl=0 IP=0008:001065f5 pc=001065f5 SP=0010:bffefbfc env->regs[R_EAX]=00000042
EAX=00000042 EBX=bffefd78 ECX=00000200 EDX=000001f0
ESI=50045000 EDI=50045000 EBP=bffefffc ESP=bffefbfc
EIP=001065f5 EFL=00200296 [--S-AP-] CPL=0 II=0 A20=1 SMM=0 HLT=0
ES =0010 00000000 ffffffff 00cf9300 DPL=0 DS   [-WA]
CS =0008 00000000 ffffffff 00cf9a00 DPL=0 CS32 [-R-]
SS =0010 00000000 ffffffff 00cf9300 DPL=0 DS   [-WA]
DS =0010 00000000 ffffffff 00cf9300 DPL=0 DS   [-WA]
FS =0010 00000000 ffffffff 00cf9300 DPL=0 DS   [-WA]
GS =0010 00000000 ffffffff 00cf9300 DPL=0 DS   [-WA]
LDT=0000 00000000 0000ffff 00008200 DPL=0 LDT
TR =0000 00000000 0000ffff 00008b00 DPL=0 TSS32-busy
GDT=     00115148 00000017
IDT=     0011c1e0 000007ff
CR0=80000011 CR2=00000000 CR3=00132000 CR4=00000000
DR0=00000000 DR1=00000000 DR2=00000000 DR3=00000000 
DR6=ffff0ff0 DR7=00000400
CCS=00000094 CCD=bffefbfc CCO=EFLAGS
EFER=0000000000000000
Servicing hardware INT=0x20
   122: v=20 e=0000 i=0 cpl=0 IP=0008:001065f5 pc=001065f5 SP=0010:bffefbfc env->regs[R_EAX]=0000008d
EAX=0000008d EBX=bffefca4 ECX=00000200 EDX=000001f0
ESI=50045000 EDI=50045000 EBP=bffefffc ESP=bffefbfc
EIP=001065f5 EFL=00200296 [--S-AP-] CPL=0 II=0 A20=1 SMM=0 HLT=0
ES =0010 00000000 ffffffff 00cf9300 DPL=0 DS   [-WA]
CS =0008 00000000 ffffffff 00cf9a00 DPL=0 CS32 [-R-]
SS =0010 00000000 ffffffff 00cf9300 DPL=0 DS   [-WA]
DS =0010 00000000 ffffffff 00cf9300 DPL=0 DS   [-WA]
FS =0010 00000000 ffffffff 00cf9300 DPL=0 DS   [-WA]
GS =0010 00000000 ffffffff 00cf9300 DPL=0 DS   [-WA]
LDT=0000 00000000 0000ffff 00008200 DPL=0 LDT
TR =0000 00000000 0000ffff 00008b00 DPL=0 TSS32-busy
GDT=     00115148 00000017
IDT=     0011c1e0 000007ff
CR0=80000011 CR2=00000000 CR3=00132000 CR4=00000000
DR0=00000000 DR1=00000000 DR2=00000000 DR3=00000000 
DR6=ffff0ff0 DR7=00000400
CCS=00000094 CCD=bffefbfc CCO=EFLAGS
EFER=0000000000000000
Servicing hardware INT=0x20
   123: v=20 e=0000 i=0 cpl=0 IP=0008:001065f5 pc=001065f5 SP=0010:bffefdfc env->regs[R_EAX]=00000000
EAX=00000000 EBX=00159b81 ECX=00000000 EDX=000001f0
ESI=50045000 EDI=50045000 EBP=bffefffc ESP=bffefdfc
EIP=001065f5 EFL=00200296 [--S-AP-] CPL=0 II=0 A20=1 SMM=0 HLT=0
ES =0010 00000000 ffffffff 00cf9300 DPL=0 DS   [-WA]
CS =0008 00000000 ffffffff 00cf9a00 DPL=0 CS32 [-R-]
SS =0010 00000000 ffffffff 00cf9300 DPL=0 DS   [-WA]
DS =0010 00000000 ffffffff 00cf9300 DPL=0 DS   [-WA]
FS =0010 00000000 ffffffff 00cf9300 DPL=0 DS   [-WA]
GS =0010 00000000 ffffffff 00cf9300 DPL=0 DS   [-WA]
LDT=0000 00000000 0000ffff 00008200 DPL=0 LDT
TR =0000 00000000 0000ffff 00008b00 DPL=0 TSS32-busy
GDT=     00115148 00000017
IDT=     0011c1e0 000007ff
CR0=80000011 CR2=00000000 CR3=00132000 CR4=00000000
DR0=00000000 DR1=00000000 DR2=00000000 DR3=00000000 
DR6=ffff0ff0 DR7=00000400
CCS=00000094 CCD=bffefdfc CCO=EFLAGS
EFER=0000000000000000
Servicing hardware INT=0x20
   124: v=20 e=0000 i=0 cpl=0 IP=0008:001012b6 pc=001012b6 SP=0010:bffefc10 env->regs[R_EAX]=000000e0
EAX=000000e0 EBX=00000200 ECX=00000200 EDX=000001f6
ESI=50045000 EDI=50045000 EBP=bffefffc ESP=bffefc10
EIP=001012b6 EFL=00200282 [--S----] CPL=0 II=0 A20=1 SMM=0 HLT=0
ES =0010 00000000 ffffffff 00cf9300 DPL=0 DS   [-WA]
CS =0008 00000000 ffffffff 00cf9a00 DPL=0 CS32 [-R-]
SS =0010 00000000 ffffffff 00cf9300 DPL=0 DS   [-WA]
DS =0010 00000000 ffffffff 00cf9300 DPL=0 DS   [-WA]
FS =0010 00000000 ffffffff 00cf9300 DPL=0 DS   [-WA]
GS =0010 00000000 ffffffff 00cf9300 DPL=0 DS   [-WA]
LDT=0000 00000000 0000ffff 00008200 DPL=0 LDT
TR =0000 00000000 0000ffff 00008b00 DPL=0 TSS32-busy
GDT=     00115148 00000017
IDT=     0011c1e0 000007ff
CR0=80000011 CR2=00000000 CR3=00132000 CR4=00000000
DR0=00000000 DR1=00000000 DR2=00000000 DR3=00000000 
DR6=ffff0ff0 DR7=00000400
CCS=00000080 CCD=bffefc10 CCO=EFLAGS
EFER=0000000000000000
Servicing hardware INT=0x20
   125: v=20 e=0000 i=0 cpl=0 IP=0008:001065f5 pc=001065f5 SP=0010:bffefbfc env->regs[R_EAX]=00000000
EAX=00000000 EBX=bffefe06 ECX=00000200 EDX=000001f0
ESI=50045000 EDI=50045000 EBP=bffefffc ESP=bffefbfc
EIP=001065f5 EFL=00200296 [--S-AP-] CPL=0 II=0 A20=1 SMM=0 HLT=0
ES =0010 00000000 ffffffff 00cf9300 DPL=0 DS   [-WA]
CS =0008 00000000 ffffffff 00cf9a00 DPL=0 CS32 [-R-]
SS =0010 00000000 ffffffff 00cf9300 DPL=0 DS   [-WA]
DS =0010 00000000 ffffffff 00cf9300 DPL=0 DS   [-WA]
FS =0010 00000000 ffffffff 00cf9300 DPL=0 DS   [-WA]
GS =0010 00000000 ffffffff 00cf9300 DPL=0 DS   [-WA]
LDT=0000 00000000 0000ffff 00008200 DPL=0 LDT
TR =0000 00000000 0000ffff 00008b00 DPL=0 TSS32-busy
GDT=     00115148 00000017
IDT=     0011c1e0 000007ff
CR0=80000011 CR2=00000000 CR3=00132000 CR4=00000000
DR0=00000000 DR1=00000000 DR2=00000000 DR3=00000000 
DR6=ffff0ff0 DR7=00000400
CCS=00000094 CCD=bffefbfc CCO=EFLAGS
EFER=0000000000000000
Servicing hardware INT=0x20
   126: v=20 e=0000 i=0 cpl=0 IP=0008:001012cd pc=001012cd SP=0010:bffefbfc env->regs[R_EAX]=00000158
EAX=00000158 EBX=00000200 ECX=00000200 EDX=000001f7
ESI=50045000 EDI=50045000 EBP=bffefffc ESP=bffefbfc
EIP=001012cd EFL=00200296 [--S-AP-] CPL=0 II=0 A20=1 SMM=0 HLT=0
ES =0010 00000000 ffffffff 00cf9300 DPL=0 DS   [-WA]
CS =0008 00000000 ffffffff 00cf9a00 DPL=0 CS32 [-R-]
SS =0010 00000000 ffffffff 00cf9300 DPL=0 DS   [-WA]
DS =0010 00000000 ffffffff 00cf9300 DPL=0 DS   [-WA]
FS =0010 00000000 ffffffff 00cf9300 DPL=0 DS   [-WA]
GS =0010 00000000 ffffffff 00cf9300 DPL=0 DS   [-WA]
LDT=0000 00000000 0000ffff 00008200 DPL=0 LDT
TR =0000 00000000 0000ffff 00008b00 DPL=0 TSS32-busy
GDT=     00115148 00000017
IDT=     0011c1e0 000007ff
CR0=80000011 CR2=00000000 CR3=00132000 CR4=00000000
DR0=00000000 DR1=00000000 DR2=00000000 DR3=00000000 
DR6=ffff0ff0 DR7=00000400
CCS=00000094 CCD=bffefbfc CCO=EFLAGS
EFER=0000000000000000
Servicing hardware INT=0x20
   127: v=20 e=0000 i=0 cpl=0 IP=0008:001012b6 pc=001012b6 SP=0010:bffefe10 env->regs[R_EAX]=000000e0
EAX=000000e0 EBX=001039e9 ECX=00000000 EDX=000001f6
ESI=50045000 EDI=50045000 EBP=bffefffc ESP=bffefe10
EIP=001012b6 EFL=00200282 [--S----] CPL=0 II=0 A20=1 SMM=0 HLT=0
ES =0010 00000000 ffffffff 00cf9300 DPL=0 DS   [-WA]
CS =0008 00000000 ffffffff 00cf9a00 DPL=0 CS32 [-R-]
SS =0010 00000000 ffffffff 00cf9300 DPL=0 DS   [-WA]
DS =0010 00000000 ffffffff 00cf9300 DPL=0 DS   [-WA]
FS =0010 00000000 ffffffff 00cf9300 DPL=0 DS   [-WA]
GS =0010 00000000 ffffffff 00cf9300 DPL=0 DS   [-WA]
LDT=0000 00000000 0000ffff 00008200 DPL=0 LDT
TR =0000 00000000 0000ffff 00008b00 DPL=0 TSS32-busy
GDT=     00115148 00000017
IDT=     0011c1e0 000007ff
CR0=80000011 CR2=00000000 CR3=00132000 CR4=00000000
DR0=00000000 DR1=00000000 DR2=00000000 DR3=00000000 
DR6=ffff0ff0 DR7=00000400
CCS=00000080 CCD=bffefe10 CCO=EFLAGS
EFER=0000000000000000
Servicing hardware INT=0x20
   128: v=20 e=0000 i=0 cpl=0 IP=0008:001012cd pc=001012cd SP=0010:bffefbfc env->regs[R_EAX]=00000158
EAX=00000158 EBX=00000200 ECX=00000200 EDX=000001f7
ESI=50045000 EDI=50045000 EBP=bffefffc ESP=bffefbfc
EIP=001012cd EFL=00200296 [--S-AP-] CPL=0 II=0 A20=1 SMM=0 HLT=0
ES =0010 00000000 ffffffff 00cf9300 DPL=0 DS   [-WA]
CS =0008 00000000 ffffffff 00cf9a00 DPL=0 CS32 [-R-]
SS =0010 00000000 ffffffff 00cf9300 DPL=0 DS   [-WA]
DS =0010 00000000 ffffffff 00cf9300 DPL=0 DS   [-WA]
FS =0010 00000000 ffffffff 00cf9300 DPL=0 DS   [-WA]
GS =0010 00000000 ffffffff 00cf9300 DPL=0 DS   [-WA]
LDT=0000 00000000 0000ffff 00008200 DPL=0 LDT
TR =0000 00000000 0000ffff 00008b00 DPL=0 TSS32-busy
GDT=     00115148 00000017
IDT=     0011c1e0 000007ff
CR0=80000011 CR2=00000000 CR3=00132000 CR4=00000000
DR0=00000000 DR1=00000000 DR2=00000000 DR3=00000000 
DR6=ffff0ff0 DR7=00000400
CCS=00000094 CCD=bffefbfc CCO=EFLAGS
EFER=0000000000000000
Servicing hardware INT=0x20
   129: v=20 e=0000 i=0 cpl=0 IP=0008:0010be6b pc=0010be6b SP=0010:bffefeb4 env->regs[R_EAX]=00008000
EAX=00008000 EBX=0014263b ECX=00000002 EDX=0000003f
ESI=0014263b EDI=0014267f EBP=bffefffc ESP=bffefeb4
EIP=0010be6b EFL=00200287 [--S--PC] CPL=0 II=0 A20=1 SMM=0 HLT=0
ES =0010 00000000 ffffffff 00cf9300 DPL=0 DS   [-WA]
CS =0008 00000000 ffffffff 00cf9a00 DPL=0 CS32 [-R-]
SS =0010 00000000 ffffffff 00cf9300 DPL=0 DS   [-WA]
DS =0010 00000000 ffffffff 00cf9300 DPL=0 DS   [-WA]
FS =0010 00000000 ffffffff 00cf9300 DPL=0 DS   [-WA]
GS =0010 00000000 ffffffff 00cf9300 DPL=0 DS   [-WA]
LDT=0000 00000000 0000ffff 00008200 DPL=0 LDT
TR =0000 00000000 0000ffff 00008b00 DPL=0 TSS32-busy
GDT=     00115148 00000017
IDT=     0011c1e0 000007ff
CR0=80000011 CR2=00000000 CR3=00132000 CR4=00000000
DR0=00000000 DR1=00000000 DR2=00000000 DR3=00000000 
DR6=ffff0ff0 DR7=00000400
CCS=00000085 CCD=ffff8af3 CCO=EFLAGS
EFER=0000000000000000
Servicing hardware INT=0x20
   130: v=20 e=0000 i=0 cpl=0 IP=0008:0010be77 pc=0010be77 SP=0010:bffefea4 env->regs[R_EAX]=00000001
EAX=00000001 EBX=0014263b ECX=00000004 EDX=0000000f
ESI=0014263b EDI=0014267f EBP=bffefffc ESP=bffefea4
EIP=0010be77 EFL=00200202 [-------] CPL=0 II=0 A20=1 SMM=0 HLT=0
ES =0010 00000000 ffffffff 00cf9300 DPL=0 DS   [-WA]
CS =0008 00000000 ffffffff 00cf9a00 DPL=0 CS32 [-R-]
SS =0010 00000000 ffffffff 00cf9300 DPL=0 DS   [-WA]
DS =0010 00000000 ffffffff 00cf9300 DPL=0 DS   [-WA]
FS =0010 00000000 ffffffff 00cf9300 DPL=0 DS   [-WA]
GS =0010 00000000 ffffffff 00cf9300 DPL=0 DS   [-WA]
LDT=0000 00000000 0000ffff 00008200 DPL=0 LDT
TR =0000 00000000 0000ffff 00008b00 DPL=0 TSS32-busy
GDT=     00115148 00000017
IDT=     0011c1e0 000007ff
CR0=80000011 CR2=00000000 CR3=00132000 CR4=00000000
DR0=00000000 DR1=00000000 DR2=00000000 DR3=00000000 
DR6=ffff0ff0 DR7=00000400
CCS=00000000 CCD=00000001 CCO=EFLAGS
EFER=0000000000000000
   131: v=80 e=0000 i=1 cpl=0 IP=0008:4000167a pc=4000167a SP=0010:bffeff90 env->regs[R_EAX]=00000008
EAX=00000008 EBX=001039e9 ECX=00117164 EDX=0014263b
ESI=50045000 EDI=50043000 EBP=bffefffc ESP=bffeff90
EIP=4000167a EFL=00200292 [--S-A--] CPL=0 II=0 A20=1 SMM=0 HLT=0
ES =0010 00000000 ffffffff 00cf9300 DPL=0 DS   [-WA]
CS =0008 00000000 ffffffff 00cf9a00 DPL=0 CS32 [-R-]
SS =0010 00000000 ffffffff 00cf9300 DPL=0 DS   [-WA]
DS =0010 00000000 ffffffff 00cf9300 DPL=0 DS   [-WA]
FS =0010 00000000 ffffffff 00cf9300 DPL=0 DS   [-WA]
GS =0010 00000000 ffffffff 00cf9300 DPL=0 DS   [-WA]
LDT=0000 00000000 0000ffff 00008200 DPL=0 LDT
TR =0000 00000000 0000ffff 00008b00 DPL=0 TSS32-busy
GDT=     00115148 00000017
IDT=     0011c1e0 000007ff
CR0=80000011 CR2=00000000 CR3=00132000 CR4=00000000
DR0=00000000 DR1=00000000 DR2=00000000 DR3=00000000 
DR6=ffff0ff0 DR7=00000400
CCS=0000000c CCD=bffeff98 CCO=SUBL
EFER=0000000000000000
Servicing hardware INT=0x20
   132: v=20 e=0000 i=0 cpl=0 IP=0008:4000167c pc=4000167c SP=0010:bffeff90 env->regs[R_EAX]=00000008
EAX=00000008 EBX=001039e9 ECX=00117164 EDX=0014263b
ESI=50045000 EDI=50043000 EBP=bffefffc ESP=bffeff90
EIP=4000167c EFL=00200292 [--S-A--] CPL=0 II=0 A20=1 SMM=0 HLT=0
ES =0010 00000000 ffffffff 00cf9300 DPL=0 DS   [-WA]
CS =0008 00000000 ffffffff 00cf9a00 DPL=0 CS32 [-R-]
SS =0010 00000000 ffffffff 00cf9300 DPL=0 DS   [-WA]
DS =0010 00000000 ffffffff 00cf9300 DPL=0 DS   [-WA]
FS =0010 00000000 ffffffff 00cf9300 DPL=0 DS   [-WA]
GS =0010 00000000 ffffffff 00cf9300 DPL=0 DS   [-WA]
LDT=0000 00000000 0000ffff 00008200 DPL=0 LDT
TR =0000 00000000 0000ffff 00008b00 DPL=0 TSS32-busy
GDT=     00115148 00000017
IDT=     0011c1e0 000007ff
CR0=80000011 CR2=00000000 CR3=00132000 CR4=00000000
DR0=00000000 DR1=00000000 DR2=00000000 DR3=00000000 
DR6=ffff0ff0 DR7=00000400
CCS=00000090 CCD=bffeff64 CCO=EFLAGS
EFER=0000000000000000
Servicing hardware INT=0x20
   133: v=20 e=0000 i=0 cpl=0 IP=0008:4000167c pc=4000167c SP=0010:bffeff90 env->regs[R_EAX]=00000008
EAX=00000008 EBX=001039e9 ECX=00117164 EDX=0014263b
ESI=50045000 EDI=50043000 EBP=bffefffc ESP=bffeff90
EIP=4000167c EFL=00210292 [--S-A--] CPL=0 II=0 A20=1 SMM=0 HLT=0
ES =0010 00000000 ffffffff 00cf9300 DPL=0 DS   [-WA]
CS =0008 00000000 ffffffff 00cf9a00 DPL=0 CS32 [-R-]
SS =0010 00000000 ffffffff 00cf9300 DPL=0 DS   [-WA]
DS =0010 00000000 ffffffff 00cf9300 DPL=0 DS   [-WA]
FS =0010 00000000 ffffffff 00cf9300 DPL=0 DS   [-WA]
GS =0010 00000000 ffffffff 00cf9300 DPL=0 DS   [-WA]
LDT=0000 00000000 0000ffff 00008200 DPL=0 LDT
TR =0000 00000000 0000ffff 00008b00 DPL=0 TSS32-busy
GDT=     00115148 00000017
IDT=     0011c1e0 000007ff
CR0=80000011 CR2=00000000 CR3=00132000 CR4=00000000
DR0=00000000 DR1=00000000 DR2=00000000 DR3=00000000 
DR6=ffff0ff0 DR7=00000400
CCS=00000090 CCD=0011c1c8 CCO=EFLAGS
EFER=0000000000000000
   134: v=80 e=0000 i=1 cpl=0 IP=0008:4000167a pc=4000167a SP=0010:bffeff90 env->regs[R_EAX]=00000008
EAX=00000008 EBX=001039e9 ECX=00117164 EDX=0014263b
ESI=50045000 EDI=50041000 EBP=bffefffc ESP=bffeff90
EIP=4000167a EFL=00200292 [--S-A--] CPL=0 II=0 A20=1 SMM=0 HLT=0
ES =0010 00000000 ffffffff 00cf9300 DPL=0 DS   [-WA]
CS =0008 00000000 ffffffff 00cf9a00 DPL=0 CS32 [-R-]
SS =0010 00000000 ffffffff 00cf9300 DPL=0 DS   [-WA]
DS =0010 00000000 ffffffff 00cf9300 DPL=0 DS   [-WA]
FS =0010 00000000 ffffffff 00cf9300 DPL=0 DS   [-WA]
GS =0010 00000000 ffffffff 00cf9300 DPL=0 DS   [-WA]
LDT=0000 00000000 0000ffff 00008200 DPL=0 LDT
TR =0000 00000000 0000ffff 00008b00 DPL=0 TSS32-busy
GDT=     00115148 00000017
IDT=     0011c1e0 000007ff
CR0=80000011 CR2=00000000 CR3=00132000 CR4=00000000
DR0=00000000 DR1=00000000 DR2=00000000 DR3=00000000 
DR6=ffff0ff0 DR7=00000400
CCS=0000000c CCD=bffeff98 CCO=SUBL
EFER=0000000000000000
   135: v=80 e=0000 i=1 cpl=0 IP=0008:4000167a pc=4000167a SP=0010:bffeff90 env->regs[R_EAX]=00000008
EAX=00000008 EBX=001039e9 ECX=00117164 EDX=5003f000
ESI=50045000 EDI=5003f000 EBP=bffefffc ESP=bffeff90
EIP=4000167a EFL=00200292 [--S-A--] CPL=0 II=0 A20=1 SMM=0 HLT=0
ES =0010 00000000 ffffffff 00cf9300 DPL=0 DS   [-WA]
CS =0008 00000000 ffffffff 00cf9a00 DPL=0 CS32 [-R-]
SS =0010 00000000 ffffffff 00cf9300 DPL=0 DS   [-WA]
DS =0010 00000000 ffffffff 00cf9300 DPL=0 DS   [-WA]
FS =0010 00000000 ffffffff 00cf9300 DPL=0 DS   [-WA]
GS =0010 00000000 ffffffff 00cf9300 DPL=0 DS   [-WA]
LDT=0000 00000000 0000ffff 00008200 DPL=0 LDT
TR =0000 00000000 0000ffff 00008b00 DPL=0 TSS32-busy
GDT=     00115148 00000017
IDT=     0011c1e0 000007ff
CR0=80000011 CR2=00000000 CR3=00132000 CR4=00000000
DR0=00000000 DR1=00000000 DR2=00000000 DR3=00000000 
DR6=ffff0ff0 DR7=00000400
CCS=0000000c CCD=bffeff98 CCO=SUBL
EFER=0000000000000000
   136: v=80 e=0000 i=1 cpl=0 IP=0008:4000163a pc=4000163a SP=0010:bffeff90 env->regs[R_EAX]=00000003
EAX=00000003 EBX=001039e9 ECX=00117164 EDX=5003f000
ESI=50045000 EDI=00000008 EBP=bffefffc ESP=bffeff90
EIP=4000163a EFL=00200292 [--S-A--] CPL=0 II=0 A20=1 SMM=0 HLT=0
ES =0010 00000000 ffffffff 00cf9300 DPL=0 DS   [-WA]
CS =0008 00000000 ffffffff 00cf9a00 DPL=0 CS32 [-R-]
SS =0010 00000000 ffffffff 00cf9300 DPL=0 DS   [-WA]
DS =0010 00000000 ffffffff 00cf9300 DPL=0 DS   [-WA]
FS =0010 00000000 ffffffff 00cf9300 DPL=0 DS   [-WA]
GS =0010 00000000 ffffffff 00cf9300 DPL=0 DS   [-WA]
LDT=0000 00000000 0000ffff 00008200 DPL=0 LDT
TR =0000 00000000 0000ffff 00008b00 DPL=0 TSS32-busy
GDT=     00115148 00000017
IDT=     0011c1e0 000007ff
CR0=80000011 CR2=00000000 CR3=00132000 CR4=00000000
DR0=00000000 DR1=00000000 DR2=00000000 DR3=00000000 
DR6=ffff0ff0 DR7=00000400
CCS=0000000c CCD=bffeff98 CCO=SUBL
EFER=0000000000000000
Servicing hardware INT=0x20
   137: v=20 e=0000 i=0 cpl=0 IP=0008:40000ffd pc=40000ffd SP=0010:bffeffa4 env->regs[R_EAX]=00000000
EAX=00000000 EBX=001039e9 ECX=00002d25 EDX=00002d24
ESI=50045000 EDI=00000008 EBP=bffefffc ESP=bffeffa4
EIP=40000ffd EFL=00200202 [-------] CPL=0 II=0 A20=1 SMM=0 HLT=0
ES =0010 00000000 ffffffff 00cf9300 DPL=0 DS   [-WA]
CS =0008 00000000 ffffffff 00cf9a00 DPL=0 CS32 [-R-]
SS =0010 00000000 ffffffff 00cf9300 DPL=0 DS   [-WA]
DS =0010 00000000 ffffffff 00cf9300 DPL=0 DS   [-WA]
FS =0010 00000000 ffffffff 00cf9300 DPL=0 DS   [-WA]
GS =0010 00000000 ffffffff 00cf9300 DPL=0 DS   [-WA]
LDT=0000 00000000 0000ffff 00008200 DPL=0 LDT
TR =0000 00000000 0000ffff 00008b00 DPL=0 TSS32-busy
GDT=     00115148 00000017
IDT=     0011c1e0 000007ff
CR0=80000011 CR2=00000000 CR3=00132000 CR4=00000000
DR0=00000000 DR1=00000000 DR2=00000000 DR3=00000000 
DR6=ffff0ff0 DR7=00000400
CCS=00000000 CCD=00002d25 CCO=EFLAGS
EFER=0000000000000000
Servicing hardware INT=0x20
   138: v=20 e=0000 i=0 cpl=0 IP=0008:40000ffd pc=40000ffd SP=0010:bffeffa4 env->regs[R_EAX]=00000000
EAX=00000000 EBX=001039e9 ECX=000081e7 EDX=000081e6
ESI=50045000 EDI=00000008 EBP=bffefffc ESP=bffeffa4
EIP=40000ffd EFL=00200206 [-----P-] CPL=0 II=0 A20=1 SMM=0 HLT=0
ES =0010 00000000 ffffffff 00cf9300 DPL=0 DS   [-WA]
CS =0008 00000000 ffffffff 00cf9a00 DPL=0 CS32 [-R-]
SS =0010 00000000 ffffffff 00cf9300 DPL=0 DS   [-WA]
DS =0010 00000000 ffffffff 00cf9300 DPL=0 DS   [-WA]
FS =0010 00000000 ffffffff 00cf9300 DPL=0 DS   [-WA]
GS =0010 00000000 ffffffff 00cf9300 DPL=0 DS   [-WA]
LDT=0000 00000000 0000ffff 00008200 DPL=0 LDT
TR =0000 00000000 0000ffff 00008b00 DPL=0 TSS32-busy
GDT=     00115148 00000017
IDT=     0011c1e0 000007ff
CR0=80000011 CR2=00000000 CR3=00132000 CR4=00000000
DR0=00000000 DR1=00000000 DR2=00000000 DR3=00000000 
DR6=ffff0ff0 DR7=00000400
CCS=00000004 CCD=000081e7 CCO=EFLAGS
EFER=0000000000000000
Servicing hardware INT=0x20
   139: v=20 e=0000 i=0 cpl=0 IP=0008:40000ffd pc=40000ffd SP=0010:bffeffa4 env->regs[R_EAX]=00000000
EAX=00000000 EBX=001039e9 ECX=0000d237 EDX=0000d236
ESI=50045000 EDI=00000008 EBP=bffefffc ESP=bffeffa4
EIP=40000ffd EFL=00200202 [-------] CPL=0 II=0 A20=1 SMM=0 HLT=0
ES =0010 00000000 ffffffff 00cf9300 DPL=0 DS   [-WA]
CS =0008 00000000 ffffffff 00cf9a00 DPL=0 CS32 [-R-]
SS =0010 00000000 ffffffff 00cf9300 DPL=0 DS   [-WA]
DS =0010 00000000 ffffffff 00cf9300 DPL=0 DS   [-WA]
FS =0010 00000000 ffffffff 00cf9300 DPL=0 DS   [-WA]
GS =0010 00000000 ffffffff 00cf9300 DPL=0 DS   [-WA]
LDT=0000 00000000 0000ffff 00008200 DPL=0 LDT
TR =0000 00000000 0000ffff 00008b00 DPL=0 TSS32-busy
GDT=     00115148 00000017
IDT=     0011c1e0 000007ff
CR0=80000011 CR2=00000000 CR3=00132000 CR4=00000000
DR0=00000000 DR1=00000000 DR2=00000000 DR3=00000000 
DR6=ffff0ff0 DR7=00000400
CCS=00000000 CCD=0000d237 CCO=EFLAGS
EFER=0000000000000000
Servicing hardware INT=0x20
   140: v=20 e=0000 i=0 cpl=0 IP=0008:40000ffd pc=40000ffd SP=0010:bffeffa4 env->regs[R_EAX]=00000000
EAX=00000000 EBX=001039e9 ECX=00012614 EDX=00012613
ESI=50045000 EDI=00000008 EBP=bffefffc ESP=bffeffa4
EIP=40000ffd EFL=00200206 [-----P-] CPL=0 II=0 A20=1 SMM=0 HLT=0
ES =0010 00000000 ffffffff 00cf9300 DPL=0 DS   [-WA]
CS =0008 00000000 ffffffff 00cf9a00 DPL=0 CS32 [-R-]
SS =0010 00000000 ffffffff 00cf9300 DPL=0 DS   [-WA]
DS =0010 00000000 ffffffff 00cf9300 DPL=0 DS   [-WA]
FS =0010 00000000 ffffffff 00cf9300 DPL=0 DS   [-WA]
GS =0010 00000000 ffffffff 00cf9300 DPL=0 DS   [-WA]
LDT=0000 00000000 0000ffff 00008200 DPL=0 LDT
TR =0000 00000000 0000ffff 00008b00 DPL=0 TSS32-busy
GDT=     00115148 00000017
IDT=     0011c1e0 000007ff
CR0=80000011 CR2=00000000 CR3=00132000 CR4=00000000
DR0=00000000 DR1=00000000 DR2=00000000 DR3=00000000 
DR6=ffff0ff0 DR7=00000400
CCS=00000004 CCD=00012614 CCO=EFLAGS
EFER=0000000000000000
Servicing hardware INT=0x20
   141: v=20 e=0000 i=0 cpl=0 IP=0008:40000ffd pc=40000ffd SP=0010:bffeffa4 env->regs[R_EAX]=00000000
EAX=00000000 EBX=001039e9 ECX=0001831b EDX=0001831a
ESI=50045000 EDI=00000008 EBP=bffefffc ESP=bffeffa4
EIP=40000ffd EFL=00200206 [-----P-] CPL=0 II=0 A20=1 SMM=0 HLT=0
ES =0010 00000000 ffffffff 00cf9300 DPL=0 DS   [-WA]
CS =0008 00000000 ffffffff 00cf9a00 DPL=0 CS32 [-R-]
SS =0010 00000000 ffffffff 00cf9300 DPL=0 DS   [-WA]
DS =0010 00000000 ffffffff 00cf9300 DPL=0 DS   [-WA]
FS =0010 00000000 ffffffff 00cf9300 DPL=0 DS   [-WA]
GS =0010 00000000 ffffffff 00cf9300 DPL=0 DS   [-WA]
LDT=0000 00000000 0000ffff 00008200 DPL=0 LDT
TR =0000 00000000 0000ffff 00008b00 DPL=0 TSS32-busy
GDT=     00115148 00000017
IDT=     0011c1e0 000007ff
CR0=80000011 CR2=00000000 CR3=00132000 CR4=00000000
DR0=00000000 DR1=00000000 DR2=00000000 DR3=00000000 
DR6=ffff0ff0 DR7=00000400
CCS=00000004 CCD=0001831b CCO=EFLAGS
EFER=0000000000000000
Servicing hardware INT=0x20
   142: v=20 e=0000 i=0 cpl=0 IP=0008:40000ffd pc=40000ffd SP=0010:bffeffa4 env->regs[R_EAX]=00000000
EAX=00000000 EBX=001039e9 ECX=0001e591 EDX=0001e590
ESI=50045000 EDI=00000008 EBP=bffefffc ESP=bffeffa4
EIP=40000ffd EFL=00200202 [-------] CPL=0 II=0 A20=1 SMM=0 HLT=0
ES =0010 00000000 ffffffff 00cf9300 DPL=0 DS   [-WA]
CS =0008 00000000 ffffffff 00cf9a00 DPL=0 CS32 [-R-]
SS =0010 00000000 ffffffff 00cf9300 DPL=0 DS   [-WA]
DS =0010 00000000 ffffffff 00cf9300 DPL=0 DS   [-WA]
FS =0010 00000000 ffffffff 00cf9300 DPL=0 DS   [-WA]
GS =0010 00000000 ffffffff 00cf9300 DPL=0 DS   [-WA]
LDT=0000 00000000 0000ffff 00008200 DPL=0 LDT
TR =0000 00000000 0000ffff 00008b00 DPL=0 TSS32-busy
GDT=     00115148 00000017
IDT=     0011c1e0 000007ff
CR0=80000011 CR2=00000000 CR3=00132000 CR4=00000000
DR0=00000000 DR1=00000000 DR2=00000000 DR3=00000000 
DR6=ffff0ff0 DR7=00000400
CCS=00000000 CCD=0001e591 CCO=EFLAGS
EFER=0000000000000000
Servicing hardware INT=0x20
   143: v=20 e=0000 i=0 cpl=0 IP=0008:40000ffd pc=40000ffd SP=0010:bffeffa4 env->regs[R_EAX]=00000000
EAX=00000000 EBX=001039e9 ECX=00024a9a EDX=00024a99
ESI=50045000 EDI=00000008 EBP=bffefffc ESP=bffeffa4
EIP=40000ffd EFL=00200206 [-----P-] CPL=0 II=0 A20=1 SMM=0 HLT=0
ES =0010 00000000 ffffffff 00cf9300 DPL=0 DS   [-WA]
CS =0008 00000000 ffffffff 00cf9a00 DPL=0 CS32 [-R-]
SS =0010 00000000 ffffffff 00cf9300 DPL=0 DS   [-WA]
DS =0010 00000000 ffffffff 00cf9300 DPL=0 DS   [-WA]
FS =0010 00000000 ffffffff 00cf9300 DPL=0 DS   [-WA]
GS =0010 00000000 ffffffff 00cf9300 DPL=0 DS   [-WA]
LDT=0000 00000000 0000ffff 00008200 DPL=0 LDT
TR =0000 00000000 0000ffff 00008b00 DPL=0 TSS32-busy
GDT=     00115148 00000017
IDT=     0011c1e0 000007ff
CR0=80000011 CR2=00000000 CR3=00132000 CR4=00000000
DR0=00000000 DR1=00000000 DR2=00000000 DR3=00000000 
DR6=ffff0ff0 DR7=00000400
CCS=00000004 CCD=00024a9a CCO=EFLAGS
EFER=0000000000000000
Servicing hardware INT=0x20
   144: v=20 e=0000 i=0 cpl=0 IP=0008:40000ffd pc=40000ffd SP=0010:bffeffa4 env->regs[R_EAX]=00000000
EAX=00000000 EBX=001039e9 ECX=0002ad70 EDX=0002ad6f
ESI=50045000 EDI=00000008 EBP=bffefffc ESP=bffeffa4
EIP=40000ffd EFL=00200212 [----A--] CPL=0 II=0 A20=1 SMM=0 HLT=0
ES =0010 00000000 ffffffff 00cf9300 DPL=0 DS   [-WA]
CS =0008 00000000 ffffffff 00cf9a00 DPL=0 CS32 [-R-]
SS =0010 00000000 ffffffff 00cf9300 DPL=0 DS   [-WA]
DS =0010 00000000 ffffffff 00cf9300 DPL=0 DS   [-WA]
FS =0010 00000000 ffffffff 00cf9300 DPL=0 DS   [-WA]
GS =0010 00000000 ffffffff 00cf9300 DPL=0 DS   [-WA]
LDT=0000 00000000 0000ffff 00008200 DPL=0 LDT
TR =0000 00000000 0000ffff 00008b00 DPL=0 TSS32-busy
GDT=     00115148 00000017
IDT=     0011c1e0 000007ff
CR0=80000011 CR2=00000000 CR3=00132000 CR4=00000000
DR0=00000000 DR1=00000000 DR2=00000000 DR3=00000000 
DR6=ffff0ff0 DR7=00000400
CCS=00000010 CCD=0002ad70 CCO=EFLAGS
EFER=0000000000000000
Servicing hardware INT=0x20
   145: v=20 e=0000 i=0 cpl=0 IP=0008:40000ffd pc=40000ffd SP=0010:bffeffa4 env->regs[R_EAX]=00000000
EAX=00000000 EBX=001039e9 ECX=0003107b EDX=0003107a
ESI=50045000 EDI=00000008 EBP=bffefffc ESP=bffeffa4
EIP=40000ffd EFL=00200206 [-----P-] CPL=0 II=0 A20=1 SMM=0 HLT=0
ES =0010 00000000 ffffffff 00cf9300 DPL=0 DS   [-WA]
CS =0008 00000000 ffffffff 00cf9a00 DPL=0 CS32 [-R-]
SS =0010 00000000 ffffffff 00cf9300 DPL=0 DS   [-WA]
DS =0010 00000000 ffffffff 00cf9300 DPL=0 DS   [-WA]
FS =0010 00000000 ffffffff 00cf9300 DPL=0 DS   [-WA]
GS =0010 00000000 ffffffff 00cf9300 DPL=0 DS   [-WA]
LDT=0000 00000000 0000ffff 00008200 DPL=0 LDT
TR =0000 00000000 0000ffff 00008b00 DPL=0 TSS32-busy
GDT=     00115148 00000017
IDT=     0011c1e0 000007ff
CR0=80000011 CR2=00000000 CR3=00132000 CR4=00000000
DR0=00000000 DR1=00000000 DR2=00000000 DR3=00000000 
DR6=ffff0ff0 DR7=00000400
CCS=00000004 CCD=0003107b CCO=EFLAGS
EFER=0000000000000000
Servicing hardware INT=0x20
   146: v=20 e=0000 i=0 cpl=0 IP=0008:40000ffd pc=40000ffd SP=0010:bffeffa4 env->regs[R_EAX]=00000000
EAX=00000000 EBX=001039e9 ECX=00037f34 EDX=00037f33
ESI=50045000 EDI=00000008 EBP=bffefffc ESP=bffeffa4
EIP=40000ffd EFL=00200202 [-------] CPL=0 II=0 A20=1 SMM=0 HLT=0
ES =0010 00000000 ffffffff 00cf9300 DPL=0 DS   [-WA]
CS =0008 00000000 ffffffff 00cf9a00 DPL=0 CS32 [-R-]
SS =0010 00000000 ffffffff 00cf9300 DPL=0 DS   [-WA]
DS =0010 00000000 ffffffff 00cf9300 DPL=0 DS   [-WA]
FS =0010 00000000 ffffffff 00cf9300 DPL=0 DS   [-WA]
GS =0010 00000000 ffffffff 00cf9300 DPL=0 DS   [-WA]
LDT=0000 00000000 0000ffff 00008200 DPL=0 LDT
TR =0000 00000000 0000ffff 00008b00 DPL=0 TSS32-busy
GDT=     00115148 00000017
IDT=     0011c1e0 000007ff
CR0=80000011 CR2=00000000 CR3=00132000 CR4=00000000
DR0=00000000 DR1=00000000 DR2=00000000 DR3=00000000 
DR6=ffff0ff0 DR7=00000400
CCS=00000000 CCD=00037f34 CCO=EFLAGS
EFER=0000000000000000
Servicing hardware INT=0x20
   147: v=20 e=0000 i=0 cpl=0 IP=0008:40000ffd pc=40000ffd SP=0010:bffeffa4 env->regs[R_EAX]=00000000
EAX=00000000 EBX=001039e9 ECX=0003f797 EDX=0003f796
ESI=50045000 EDI=00000008 EBP=bffefffc ESP=bffeffa4
EIP=40000ffd EFL=00200202 [-------] CPL=0 II=0 A20=1 SMM=0 HLT=0
ES =0010 00000000 ffffffff 00cf9300 DPL=0 DS   [-WA]
CS =0008 00000000 ffffffff 00cf9a00 DPL=0 CS32 [-R-]
SS =0010 00000000 ffffffff 00cf9300 DPL=0 DS   [-WA]
DS =0010 00000000 ffffffff 00cf9300 DPL=0 DS   [-WA]
FS =0010 00000000 ffffffff 00cf9300 DPL=0 DS   [-WA]
GS =0010 00000000 ffffffff 00cf9300 DPL=0 DS   [-WA]
LDT=0000 00000000 0000ffff 00008200 DPL=0 LDT
TR =0000 00000000 0000ffff 00008b00 DPL=0 TSS32-busy
GDT=     00115148 00000017
IDT=     0011c1e0 000007ff
CR0=80000011 CR2=00000000 CR3=00132000 CR4=00000000
DR0=00000000 DR1=00000000 DR2=00000000 DR3=00000000 
DR6=ffff0ff0 DR7=00000400
CCS=00000000 CCD=0003f797 CCO=EFLAGS
EFER=0000000000000000
Servicing hardware INT=0x20
   148: v=20 e=0000 i=0 cpl=0 IP=0008:40000ffd pc=40000ffd SP=0010:bffeffa4 env->regs[R_EAX]=00000000
EAX=00000000 EBX=001039e9 ECX=00047b98 EDX=00047b97
ESI=50045000 EDI=00000008 EBP=bffefffc ESP=bffeffa4
EIP=40000ffd EFL=00200202 [-------] CPL=0 II=0 A20=1 SMM=0 HLT=0
ES =0010 00000000 ffffffff 00cf9300 DPL=0 DS   [-WA]
CS =0008 00000000 ffffffff 00cf9a00 DPL=0 CS32 [-R-]
SS =0010 00000000 ffffffff 00cf9300 DPL=0 DS   [-WA]
DS =0010 00000000 ffffffff 00cf9300 DPL=0 DS   [-WA]
FS =0010 00000000 ffffffff 00cf9300 DPL=0 DS   [-WA]
GS =0010 00000000 ffffffff 00cf9300 DPL=0 DS   [-WA]
LDT=0000 00000000 0000ffff 00008200 DPL=0 LDT
TR =0000 00000000 0000ffff 00008b00 DPL=0 TSS32-busy
GDT=     00115148 00000017
IDT=     0011c1e0 000007ff
CR0=80000011 CR2=00000000 CR3=00132000 CR4=00000000
DR0=00000000 DR1=00000000 DR2=00000000 DR3=00000000 
DR6=ffff0ff0 DR7=00000400
CCS=00000000 CCD=00047b98 CCO=EFLAGS
EFER=0000000000000000
Servicing hardware INT=0x20
   149: v=20 e=0000 i=0 cpl=0 IP=0008:40000ffd pc=40000ffd SP=0010:bffeffa4 env->regs[R_EAX]=00000000
EAX=00000000 EBX=001039e9 ECX=00050afe EDX=00050afd
ESI=50045000 EDI=00000008 EBP=bffefffc ESP=bffeffa4
EIP=40000ffd EFL=00200202 [-------] CPL=0 II=0 A20=1 SMM=0 HLT=0
ES =0010 00000000 ffffffff 00cf9300 DPL=0 DS   [-WA]
CS =0008 00000000 ffffffff 00cf9a00 DPL=0 CS32 [-R-]
SS =0010 00000000 ffffffff 00cf9300 DPL=0 DS   [-WA]
DS =0010 00000000 ffffffff 00cf9300 DPL=0 DS   [-WA]
FS =0010 00000000 ffffffff 00cf9300 DPL=0 DS   [-WA]
GS =0010 00000000 ffffffff 00cf9300 DPL=0 DS   [-WA]
LDT=0000 00000000 0000ffff 00008200 DPL=0 LDT
TR =0000 00000000 0000ffff 00008b00 DPL=0 TSS32-busy
GDT=     00115148 00000017
IDT=     0011c1e0 000007ff
CR0=80000011 CR2=00000000 CR3=00132000 CR4=00000000
DR0=00000000 DR1=00000000 DR2=00000000 DR3=00000000 
DR6=ffff0ff0 DR7=00000400
CCS=00000000 CCD=00050afe CCO=EFLAGS
EFER=0000000000000000
Servicing hardware INT=0x20
   150: v=20 e=0000 i=0 cpl=0 IP=0008:40000ffd pc=40000ffd SP=0010:bffeffa4 env->regs[R_EAX]=00000000
EAX=00000000 EBX=001039e9 ECX=0005aaf6 EDX=0005aaf5
ESI=50045000 EDI=00000008 EBP=bffefffc ESP=bffeffa4
EIP=40000ffd EFL=00200206 [-----P-] CPL=0 II=0 A20=1 SMM=0 HLT=0
ES =0010 00000000 ffffffff 00cf9300 DPL=0 DS   [-WA]
CS =0008 00000000 ffffffff 00cf9a00 DPL=0 CS32 [-R-]
SS =0010 00000000 ffffffff 00cf9300 DPL=0 DS   [-WA]
DS =0010 00000000 ffffffff 00cf9300 DPL=0 DS   [-WA]
FS =0010 00000000 ffffffff 00cf9300 DPL=0 DS   [-WA]
GS =0010 00000000 ffffffff 00cf9300 DPL=0 DS   [-WA]
LDT=0000 00000000 0000ffff 00008200 DPL=0 LDT
TR =0000 00000000 0000ffff 00008b00 DPL=0 TSS32-busy
GDT=     00115148 00000017
IDT=     0011c1e0 000007ff
CR0=80000011 CR2=00000000 CR3=00132000 CR4=00000000
DR0=00000000 DR1=00000000 DR2=00000000 DR3=00000000 
DR6=ffff0ff0 DR7=00000400
CCS=00000004 CCD=0005aaf6 CCO=EFLAGS
EFER=0000000000000000
Servicing hardware INT=0x20
   151: v=20 e=0000 i=0 cpl=0 IP=0008:40000ffd pc=40000ffd SP=0010:bffeffa4 env->regs[R_EAX]=00000000
EAX=00000000 EBX=001039e9 ECX=00065c43 EDX=00065c42
ESI=50045000 EDI=00000008 EBP=bffefffc ESP=bffeffa4
EIP=40000ffd EFL=00200202 [-------] CPL=0 II=0 A20=1 SMM=0 HLT=0
ES =0010 00000000 ffffffff 00cf9300 DPL=0 DS   [-WA]
CS =0008 00000000 ffffffff 00cf9a00 DPL=0 CS32 [-R-]
SS =0010 00000000 ffffffff 00cf9300 DPL=0 DS   [-WA]
DS =0010 00000000 ffffffff 00cf9300 DPL=0 DS   [-WA]
FS =0010 00000000 ffffffff 00cf9300 DPL=0 DS   [-WA]
GS =0010 00000000 ffffffff 00cf9300 DPL=0 DS   [-WA]
LDT=0000 00000000 0000ffff 00008200 DPL=0 LDT
TR =0000 00000000 0000ffff 00008b00 DPL=0 TSS32-busy
GDT=     00115148 00000017
IDT=     0011c1e0 000007ff
CR0=80000011 CR2=00000000 CR3=00132000 CR4=00000000
DR0=00000000 DR1=00000000 DR2=00000000 DR3=00000000 
DR6=ffff0ff0 DR7=00000400
CCS=00000000 CCD=00065c43 CCO=EFLAGS
EFER=0000000000000000
Servicing hardware INT=0x20
   152: v=20 e=0000 i=0 cpl=0 IP=0008:40000ffd pc=40000ffd SP=0010:bffeffa4 env->regs[R_EAX]=00000000
EAX=00000000 EBX=001039e9 ECX=0007224d EDX=0007224c
ESI=50045000 EDI=00000008 EBP=bffefffc ESP=bffeffa4
EIP=40000ffd EFL=00200206 [-----P-] CPL=0 II=0 A20=1 SMM=0 HLT=0
ES =0010 00000000 ffffffff 00cf9300 DPL=0 DS   [-WA]
CS =0008 00000000 ffffffff 00cf9a00 DPL=0 CS32 [-R-]
SS =0010 00000000 ffffffff 00cf9300 DPL=0 DS   [-WA]
DS =0010 00000000 ffffffff 00cf9300 DPL=0 DS   [-WA]
FS =0010 00000000 ffffffff 00cf9300 DPL=0 DS   [-WA]
GS =0010 00000000 ffffffff 00cf9300 DPL=0 DS   [-WA]
LDT=0000 00000000 0000ffff 00008200 DPL=0 LDT
TR =0000 00000000 0000ffff 00008b00 DPL=0 TSS32-busy
GDT=     00115148 00000017
IDT=     0011c1e0 000007ff
CR0=80000011 CR2=00000000 CR3=00132000 CR4=00000000
DR0=00000000 DR1=00000000 DR2=00000000 DR3=00000000 
DR6=ffff0ff0 DR7=00000400
CCS=00000004 CCD=0007224d CCO=EFLAGS
EFER=0000000000000000
Servicing hardware INT=0x20
   153: v=20 e=0000 i=0 cpl=0 IP=0008:40000ffd pc=40000ffd SP=0010:bffeffa4 env->regs[R_EAX]=00000000
EAX=00000000 EBX=001039e9 ECX=0007ead5 EDX=0007ead4
ESI=50045000 EDI=00000008 EBP=bffefffc ESP=bffeffa4
EIP=40000ffd EFL=00200202 [-------] CPL=0 II=0 A20=1 SMM=0 HLT=0
ES =0010 00000000 ffffffff 00cf9300 DPL=0 DS   [-WA]
CS =0008 00000000 ffffffff 00cf9a00 DPL=0 CS32 [-R-]
SS =0010 00000000 ffffffff 00cf9300 DPL=0 DS   [-WA]
DS =0010 00000000 ffffffff 00cf9300 DPL=0 DS   [-WA]
FS =0010 00000000 ffffffff 00cf9300 DPL=0 DS   [-WA]
GS =0010 00000000 ffffffff 00cf9300 DPL=0 DS   [-WA]
LDT=0000 00000000 0000ffff 00008200 DPL=0 LDT
TR =0000 00000000 0000ffff 00008b00 DPL=0 TSS32-busy
GDT=     00115148 00000017
IDT=     0011c1e0 000007ff
CR0=80000011 CR2=00000000 CR3=00132000 CR4=00000000
DR0=00000000 DR1=00000000 DR2=00000000 DR3=00000000 
DR6=ffff0ff0 DR7=00000400
CCS=00000000 CCD=0007ead5 CCO=EFLAGS
EFER=0000000000000000
Servicing hardware INT=0x20
   154: v=20 e=0000 i=0 cpl=0 IP=0008:40000ffd pc=40000ffd SP=0010:bffeffa4 env->regs[R_EAX]=00000000
EAX=00000000 EBX=001039e9 ECX=0008b344 EDX=0008b343
ESI=50045000 EDI=00000008 EBP=bffefffc ESP=bffeffa4
EIP=40000ffd EFL=00200206 [-----P-] CPL=0 II=0 A20=1 SMM=0 HLT=0
ES =0010 00000000 ffffffff 00cf9300 DPL=0 DS   [-WA]
CS =0008 00000000 ffffffff 00cf9a00 DPL=0 CS32 [-R-]
SS =0010 00000000 ffffffff 00cf9300 DPL=0 DS   [-WA]
DS =0010 00000000 ffffffff 00cf9300 DPL=0 DS   [-WA]
FS =0010 00000000 ffffffff 00cf9300 DPL=0 DS   [-WA]
GS =0010 00000000 ffffffff 00cf9300 DPL=0 DS   [-WA]
LDT=0000 00000000 0000ffff 00008200 DPL=0 LDT
TR =0000 00000000 0000ffff 00008b00 DPL=0 TSS32-busy
GDT=     00115148 00000017
IDT=     0011c1e0 000007ff
CR0=80000011 CR2=00000000 CR3=00132000 CR4=00000000
DR0=00000000 DR1=00000000 DR2=00000000 DR3=00000000 
DR6=ffff0ff0 DR7=00000400
CCS=00000004 CCD=0008b344 CCO=EFLAGS
EFER=0000000000000000
Servicing hardware INT=0x20
   155: v=20 e=0000 i=0 cpl=0 IP=0008:40000ffd pc=40000ffd SP=0010:bffeffa4 env->regs[R_EAX]=00000000
EAX=00000000 EBX=001039e9 ECX=000975e2 EDX=000975e1
ESI=50045000 EDI=00000008 EBP=bffefffc ESP=bffeffa4
EIP=40000ffd EFL=00200206 [-----P-] CPL=0 II=0 A20=1 SMM=0 HLT=0
ES =0010 00000000 ffffffff 00cf9300 DPL=0 DS   [-WA]
CS =0008 00000000 ffffffff 00cf9a00 DPL=0 CS32 [-R-]
SS =0010 00000000 ffffffff 00cf9300 DPL=0 DS   [-WA]
DS =0010 00000000 ffffffff 00cf9300 DPL=0 DS   [-WA]
FS =0010 00000000 ffffffff 00cf9300 DPL=0 DS   [-WA]
GS =0010 00000000 ffffffff 00cf9300 DPL=0 DS   [-WA]
LDT=0000 00000000 0000ffff 00008200 DPL=0 LDT
TR =0000 00000000 0000ffff 00008b00 DPL=0 TSS32-busy
GDT=     00115148 00000017
IDT=     0011c1e0 000007ff
CR0=80000011 CR2=00000000 CR3=00132000 CR4=00000000
DR0=00000000 DR1=00000000 DR2=00000000 DR3=00000000 
DR6=ffff0ff0 DR7=00000400
CCS=00000004 CCD=000975e2 CCO=EFLAGS
EFER=0000000000000000
   156: v=80 e=0000 i=1 cpl=0 IP=0008:40003046 pc=40003046 SP=0010:bffeffa0 env->regs[R_EAX]=00000000
EAX=00000000 EBX=00000000 ECX=00000000 EDX=00000000
ESI=00000000 EDI=4000556c EBP=bffeffbc ESP=bffeffa0
EIP=40003046 EFL=00000246 [---Z-P-] CPL=0 II=0 A20=1 SMM=0 HLT=0
ES =0010 00000000 ffffffff 00cf9300 DPL=0 DS   [-WA]
CS =0008 00000000 ffffffff 00cf9a00 DPL=0 CS32 [-R-]
SS =0010 00000000 ffffffff 00cf9300 DPL=0 DS   [-WA]
DS =0010 00000000 ffffffff 00cf9300 DPL=0 DS   [-WA]
FS =0010 00000000 ffffffff 00cf9300 DPL=0 DS   [-WA]
GS =0010 00000000 ffffffff 00cf9300 DPL=0 DS   [-WA]
LDT=0000 00000000 0000ffff 00008200 DPL=0 LDT
TR =0000 00000000 0000ffff 00008b00 DPL=0 TSS32-busy
GDT=     00115148 00000017
IDT=     0011c1e0 000007ff
CR0=80000011 CR2=00000000 CR3=00133000 CR4=00000000
DR0=00000000 DR1=00000000 DR2=00000000 DR3=00000000 
DR6=ffff0ff0 DR7=00000400
CCS=00000044 CCD=bffeffa8 CCO=EFLAGS
EFER=0000000000000000
   157: v=80 e=0000 i=1 cpl=0 IP=0008:40003046 pc=40003046 SP=0010:bffeffa0 env->regs[R_EAX]=00000000
EAX=00000000 EBX=00000000 ECX=00000000 EDX=00000000
ESI=00000000 EDI=40005578 EBP=bffeffbc ESP=bffeffa0
EIP=40003046 EFL=00000246 [---Z-P-] CPL=0 II=0 A20=1 SMM=0 HLT=0
ES =0010 00000000 ffffffff 00cf9300 DPL=0 DS   [-WA]
CS =0008 00000000 ffffffff 00cf9a00 DPL=0 CS32 [-R-]
SS =0010 00000000 ffffffff 00cf9300 DPL=0 DS   [-WA]
DS =0010 00000000 ffffffff 00cf9300 DPL=0 DS   [-WA]
FS =0010 00000000 ffffffff 00cf9300 DPL=0 DS   [-WA]
GS =0010 00000000 ffffffff 00cf9300 DPL=0 DS   [-WA]
LDT=0000 00000000 0000ffff 00008200 DPL=0 LDT
TR =0000 00000000 0000ffff 00008b00 DPL=0 TSS32-busy
GDT=     00115148 00000017
IDT=     0011c1e0 000007ff
CR0=80000011 CR2=00000000 CR3=00133000 CR4=00000000
DR0=00000000 DR1=00000000 DR2=00000000 DR3=00000000 
DR6=ffff0ff0 DR7=00000400
CCS=00000044 CCD=bffeffa8 CCO=EFLAGS
EFER=0000000000000000
   158: v=80 e=0000 i=1 cpl=0 IP=0008:40003086 pc=40003086 SP=0010:bffeffb0 env->regs[R_EAX]=00000004
EAX=00000004 EBX=00000000 ECX=00000000 EDX=00000000
ESI=00000000 EDI=400053ca EBP=bffefffc ESP=bffeffb0
EIP=40003086 EFL=00000296 [--S-AP-] CPL=0 II=0 A20=1 SMM=0 HLT=0
ES =0010 00000000 ffffffff 00cf9300 DPL=0 DS   [-WA]
CS =0008 00000000 ffffffff 00cf9a00 DPL=0 CS32 [-R-]
SS =0010 00000000 ffffffff 00cf9300 DPL=0 DS   [-WA]
DS =0010 00000000 ffffffff 00cf9300 DPL=0 DS   [-WA]
FS =0010 00000000 ffffffff 00cf9300 DPL=0 DS   [-WA]
GS =0010 00000000 ffffffff 00cf9300 DPL=0 DS   [-WA]
LDT=0000 00000000 0000ffff 00008200 DPL=0 LDT
TR =0000 00000000 0000ffff 00008b00 DPL=0 TSS32-busy
GDT=     00115148 00000017
IDT=     0011c1e0 000007ff
CR0=80000011 CR2=00000000 CR3=00133000 CR4=00000000
DR0=00000000 DR1=00000000 DR2=00000000 DR3=00000000 
DR6=ffff0ff0 DR7=00000400
CCS=0000000c CCD=bffeffb8 CCO=SUBL
EFER=0000000000000000
   159: v=80 e=0000 i=1 cpl=0 IP=0008:40003046 pc=40003046 SP=0010:bffeff50 env->regs[R_EAX]=00000000
EAX=00000000 EBX=00000000 ECX=00000000 EDX=00000000
ESI=00000000 EDI=4000542a EBP=bffeffac ESP=bffeff50
EIP=40003046 EFL=00000246 [---Z-P-] CPL=0 II=0 A20=1 SMM=0 HLT=0
ES =0010 00000000 ffffffff 00cf9300 DPL=0 DS   [-WA]
CS =0008 00000000 ffffffff 00cf9a00 DPL=0 CS32 [-R-]
SS =0010 00000000 ffffffff 00cf9300 DPL=0 DS   [-WA]
DS =0010 00000000 ffffffff 00cf9300 DPL=0 DS   [-WA]
FS =0010 00000000 ffffffff 00cf9300 DPL=0 DS   [-WA]
GS =0010 00000000 ffffffff 00cf9300 DPL=0 DS   [-WA]
LDT=0000 00000000 0000ffff 00008200 DPL=0 LDT
TR =0000 00000000 0000ffff 00008b00 DPL=0 TSS32-busy
GDT=     00115148 00000017
IDT=     0011c1e0 000007ff
CR0=80000011 CR2=00000000 CR3=00133000 CR4=00000000
DR0=00000000 DR1=00000000 DR2=00000000 DR3=00000000 
DR6=ffff0ff0 DR7=00000400
CCS=00000044 CCD=bffeff58 CCO=EFLAGS
EFER=0000000000000000
   160: v=80 e=0000 i=1 cpl=0 IP=0008:400030ae pc=400030ae SP=0010:bffeff50 env->regs[R_EAX]=00000007
EAX=00000007 EBX=00000000 ECX=00000000 EDX=00000000
ESI=00000000 EDI=00010000 EBP=bffeffac ESP=bffeff50
EIP=400030ae EFL=00000292 [--S-A--] CPL=0 II=0 A20=1 SMM=0 HLT=0
ES =0010 00000000 ffffffff 00cf9300 DPL=0 DS   [-WA]
CS =0008 00000000 ffffffff 00cf9a00 DPL=0 CS32 [-R-]
SS =0010 00000000 ffffffff 00cf9300 DPL=0 DS   [-WA]
DS =0010 00000000 ffffffff 00cf9300 DPL=0 DS   [-WA]
FS =0010 00000000 ffffffff 00cf9300 DPL=0 DS   [-WA]
GS =0010 00000000 ffffffff 00cf9300 DPL=0 DS   [-WA]
LDT=0000 00000000 0000ffff 00008200 DPL=0 LDT
TR =0000 00000000 0000ffff 00008b00 DPL=0 TSS32-busy
GDT=     00115148 00000017
IDT=     0011c1e0 000007ff
CR0=80000011 CR2=00000000 CR3=00133000 CR4=00000000
DR0=00000000 DR1=00000000 DR2=00000000 DR3=00000000 
DR6=ffff0ff0 DR7=00000400
CCS=0000000c CCD=bffeff58 CCO=SUBL
EFER=0000000000000000
Servicing hardware INT=0x20
   161: v=20 e=0000 i=0 cpl=0 IP=0008:400030b0 pc=400030b0 SP=0010:bffeff50 env->regs[R_EAX]=50000000
EAX=50000000 EBX=00000000 ECX=00000000 EDX=00000000
ESI=00000000 EDI=00010000 EBP=bffeffac ESP=bffeff50
EIP=400030b0 EFL=00000292 [--S-A--] CPL=0 II=0 A20=1 SMM=0 HLT=0
ES =0010 00000000 ffffffff 00cf9300 DPL=0 DS   [-WA]
CS =0008 00000000 ffffffff 00cf9a00 DPL=0 CS32 [-R-]
SS =0010 00000000 ffffffff 00cf9300 DPL=0 DS   [-WA]
DS =0010 00000000 ffffffff 00cf9300 DPL=0 DS   [-WA]
FS =0010 00000000 ffffffff 00cf9300 DPL=0 DS   [-WA]
GS =0010 00000000 ffffffff 00cf9300 DPL=0 DS   [-WA]
LDT=0000 00000000 0000ffff 00008200 DPL=0 LDT
TR =0000 00000000 0000ffff 00008b00 DPL=0 TSS32-busy
GDT=     00115148 00000017
IDT=     0011c1e0 000007ff
CR0=80000011 CR2=00000000 CR3=00133000 CR4=00000000
DR0=00000000 DR1=00000000 DR2=00000000 DR3=00000000 
DR6=ffff0ff0 DR7=00000400
CCS=00000090 CCD=bffeff24 CCO=EFLAGS
EFER=0000000000000000
Servicing hardware INT=0x20
   162: v=20 e=0000 i=0 cpl=0 IP=0008:40003157 pc=40003157 SP=0010:bffeff3c env->regs[R_EAX]=500087be
EAX=500087be EBX=00000000 ECX=00000000 EDX=00000000
ESI=00000000 EDI=00010000 EBP=bffeff4c ESP=bffeff3c
EIP=40003157 EFL=00000206 [-----P-] CPL=0 II=0 A20=1 SMM=0 HLT=0
ES =0010 00000000 ffffffff 00cf9300 DPL=0 DS   [-WA]
CS =0008 00000000 ffffffff 00cf9a00 DPL=0 CS32 [-R-]
SS =0010 00000000 ffffffff 00cf9300 DPL=0 DS   [-WA]
DS =0010 00000000 ffffffff 00cf9300 DPL=0 DS   [-WA]
FS =0010 00000000 ffffffff 00cf9300 DPL=0 DS   [-WA]
GS =0010 00000000 ffffffff 00cf9300 DPL=0 DS   [-WA]
LDT=0000 00000000 0000ffff 00008200 DPL=0 LDT
TR =0000 00000000 0000ffff 00008b00 DPL=0 TSS32-busy
GDT=     00115148 00000017
IDT=     0011c1e0 000007ff
CR0=80000011 CR2=00000000 CR3=00133000 CR4=00000000
DR0=00000000 DR1=00000000 DR2=00000000 DR3=00000000 
DR6=ffff0ff0 DR7=00000400
CCS=00000004 CCD=00007841 CCO=EFLAGS
EFER=0000000000000000
   163: v=80 e=0000 i=1 cpl=0 IP=0008:4000306e pc=4000306e SP=0010:bffeff50 env->regs[R_EAX]=00000002
EAX=00000002 EBX=00000000 ECX=00000000 EDX=00010000
ESI=50000000 EDI=0000000c EBP=bffeffac ESP=bffeff50
EIP=4000306e EFL=00000286 [--S--P-] CPL=0 II=0 A20=1 SMM=0 HLT=0
ES =0010 00000000 ffffffff 00cf9300 DPL=0 DS   [-WA]
CS =0008 00000000 ffffffff 00cf9a00 DPL=0 CS32 [-R-]
SS =0010 00000000 ffffffff 00cf9300 DPL=0 DS   [-WA]
DS =0010 00000000 ffffffff 00cf9300 DPL=0 DS   [-WA]
FS =0010 00000000 ffffffff 00cf9300 DPL=0 DS   [-WA]
GS =0010 00000000 ffffffff 00cf9300 DPL=0 DS   [-WA]
LDT=0000 00000000 0000ffff 00008200 DPL=0 LDT
TR =0000 00000000 0000ffff 00008b00 DPL=0 TSS32-busy
GDT=     00115148 00000017
IDT=     0011c1e0 000007ff
CR0=80000011 CR2=00000000 CR3=00133000 CR4=00000000
DR0=00000000 DR1=00000000 DR2=00000000 DR3=00000000 
DR6=ffff0ff0 DR7=00000400
CCS=00000004 CCD=bffeff60 CCO=SUBL
EFER=0000000000000000
   164: v=80 e=0000 i=1 cpl=0 IP=0008:4000305a pc=4000305a SP=0010:bffeff30 env->regs[R_EAX]=00000001
EAX=00000001 EBX=00000000 ECX=00000000 EDX=0000001d
ESI=40005461 EDI=0000000b EBP=bffeff4c ESP=bffeff30
EIP=4000305a EFL=00000282 [--S----] CPL=0 II=0 A20=1 SMM=0 HLT=0
ES =0010 00000000 ffffffff 00cf9300 DPL=0 DS   [-WA]
CS =0008 00000000 ffffffff 00cf9a00 DPL=0 CS32 [-R-]
SS =0010 00000000 ffffffff 00cf9300 DPL=0 DS   [-WA]
DS =0010 00000000 ffffffff 00cf9300 DPL=0 DS   [-WA]
FS =0010 00000000 ffffffff 00cf9300 DPL=0 DS   [-WA]
GS =0010 00000000 ffffffff 00cf9300 DPL=0 DS   [-WA]
LDT=0000 00000000 0000ffff 00008200 DPL=0 LDT
TR =0000 00000000 0000ffff 00008b00 DPL=0 TSS32-busy
GDT=     00115148 00000017
IDT=     0011c1e0 000007ff
CR0=80000011 CR2=00000000 CR3=00133000 CR4=00000000
DR0=00000000 DR1=00000000 DR2=00000000 DR3=00000000 
DR6=ffff0ff0 DR7=00000400
CCS=00000004 CCD=bffeff40 CCO=SUBL
EFER=0000000000000000
   165: v=80 e=0000 i=1 cpl=0 IP=0008:400030ae pc=400030ae SP=0010:bffeff50 env->regs[R_EAX]=00000007
EAX=00000007 EBX=00000000 ECX=00000000 EDX=50000000
ESI=40005461 EDI=000000a0 EBP=bffeffac ESP=bffeff50
EIP=400030ae EFL=00000292 [--S-A--] CPL=0 II=0 A20=1 SMM=0 HLT=0
ES =0010 00000000 ffffffff 00cf9300 DPL=0 DS   [-WA]
CS =0008 00000000 ffffffff 00cf9a00 DPL=0 CS32 [-R-]
SS =0010 00000000 ffffffff 00cf9300 DPL=0 DS   [-WA]
DS =0010 00000000 ffffffff 00cf9300 DPL=0 DS   [-WA]
FS =0010 00000000 ffffffff 00cf9300 DPL=0 DS   [-WA]
GS =0010 00000000 ffffffff 00cf9300 DPL=0 DS   [-WA]
LDT=0000 00000000 0000ffff 00008200 DPL=0 LDT
TR =0000 00000000 0000ffff 00008b00 DPL=0 TSS32-busy
GDT=     00115148 00000017
IDT=     0011c1e0 000007ff
CR0=80000011 CR2=00000000 CR3=00133000 CR4=00000000
DR0=00000000 DR1=00000000 DR2=00000000 DR3=00000000 
DR6=ffff0ff0 DR7=00000400
CCS=0000000c CCD=bffeff58 CCO=SUBL
EFER=0000000000000000
   166: v=80 e=0000 i=1 cpl=0 IP=0008:400030ae pc=400030ae SP=0010:bffeff50 env->regs[R_EAX]=00000007
EAX=00000007 EBX=00000000 ECX=00000000 EDX=50000000
ESI=40005461 EDI=00000009 EBP=bffeffac ESP=bffeff50
EIP=400030ae EFL=00000292 [--S-A--] CPL=0 II=0 A20=1 SMM=0 HLT=0
ES =0010 00000000 ffffffff 00cf9300 DPL=0 DS   [-WA]
CS =0008 00000000 ffffffff 00cf9a00 DPL=0 CS32 [-R-]
SS =0010 00000000 ffffffff 00cf9300 DPL=0 DS   [-WA]
DS =0010 00000000 ffffffff 00cf9300 DPL=0 DS   [-WA]
FS =0010 00000000 ffffffff 00cf9300 DPL=0 DS   [-WA]
GS =0010 00000000 ffffffff 00cf9300 DPL=0 DS   [-WA]
LDT=0000 00000000 0000ffff 00008200 DPL=0 LDT
TR =0000 00000000 0000ffff 00008b00 DPL=0 TSS32-busy
GDT=     00115148 00000017
IDT=     0011c1e0 000007ff
CR0=80000011 CR2=00000000 CR3=00133000 CR4=00000000
DR0=00000000 DR1=00000000 DR2=00000000 DR3=00000000 
DR6=ffff0ff0 DR7=00000400
CCS=0000000c CCD=bffeff58 CCO=SUBL
EFER=0000000000000000
   167: v=80 e=0000 i=1 cpl=0 IP=0008:400030ae pc=400030ae SP=0010:bffeff50 env->regs[R_EAX]=00000007
EAX=00000007 EBX=00000000 ECX=50011000 EDX=50011000
ESI=40005461 EDI=00000080 EBP=bffeffac ESP=bffeff50
EIP=400030ae EFL=00000292 [--S-A--] CPL=0 II=0 A20=1 SMM=0 HLT=0
ES =0010 00000000 ffffffff 00cf9300 DPL=0 DS   [-WA]
CS =0008 00000000 ffffffff 00cf9a00 DPL=0 CS32 [-R-]
SS =0010 00000000 ffffffff 00cf9300 DPL=0 DS   [-WA]
DS =0010 00000000 ffffffff 00cf9300 DPL=0 DS   [-WA]
FS =0010 00000000 ffffffff 00cf9300 DPL=0 DS   [-WA]
GS =0010 00000000 ffffffff 00cf9300 DPL=0 DS   [-WA]
LDT=0000 00000000 0000ffff 00008200 DPL=0 LDT
TR =0000 00000000 0000ffff 00008b00 DPL=0 TSS32-busy
GDT=     00115148 00000017
IDT=     0011c1e0 000007ff
CR0=80000011 CR2=00000000 CR3=00133000 CR4=00000000
DR0=00000000 DR1=00000000 DR2=00000000 DR3=00000000 
DR6=ffff0ff0 DR7=00000400
CCS=0000000c CCD=bffeff58 CCO=SUBL
EFER=0000000000000000
Servicing hardware INT=0x20
   168: v=20 e=0000 i=0 cpl=0 IP=0008:400030b0 pc=400030b0 SP=0010:bffeff50 env->regs[R_EAX]=50012000
EAX=50012000 EBX=00000000 ECX=50011000 EDX=50011000
ESI=40005461 EDI=00000080 EBP=bffeffac ESP=bffeff50
EIP=400030b0 EFL=00000292 [--S-A--] CPL=0 II=0 A20=1 SMM=0 HLT=0
ES =0010 00000000 ffffffff 00cf9300 DPL=0 DS   [-WA]
CS =0008 00000000 ffffffff 00cf9a00 DPL=0 CS32 [-R-]
SS =0010 00000000 ffffffff 00cf9300 DPL=0 DS   [-WA]
DS =0010 00000000 ffffffff 00cf9300 DPL=0 DS   [-WA]
FS =0010 00000000 ffffffff 00cf9300 DPL=0 DS   [-WA]
GS =0010 00000000 ffffffff 00cf9300 DPL=0 DS   [-WA]
LDT=0000 00000000 0000ffff 00008200 DPL=0 LDT
TR =0000 00000000 0000ffff 00008b00 DPL=0 TSS32-busy
GDT=     00115148 00000017
IDT=     0011c1e0 000007ff
CR0=80000011 CR2=00000000 CR3=00133000 CR4=00000000
DR0=00000000 DR1=00000000 DR2=00000000 DR3=00000000 
DR6=ffff0ff0 DR7=00000400
CCS=00000090 CCD=bffeff24 CCO=EFLAGS
EFER=0000000000000000
   169: v=80 e=0000 i=1 cpl=0 IP=0008:400030ae pc=400030ae SP=0010:bffeff50 env->regs[R_EAX]=00000007
EAX=00000007 EBX=50012000 ECX=00000001 EDX=50010000
ESI=40005461 EDI=00000004 EBP=bffeffac ESP=bffeff50
EIP=400030ae EFL=00000292 [--S-A--] CPL=0 II=0 A20=1 SMM=0 HLT=0
ES =0010 00000000 ffffffff 00cf9300 DPL=0 DS   [-WA]
CS =0008 00000000 ffffffff 00cf9a00 DPL=0 CS32 [-R-]
SS =0010 00000000 ffffffff 00cf9300 DPL=0 DS   [-WA]
DS =0010 00000000 ffffffff 00cf9300 DPL=0 DS   [-WA]
FS =0010 00000000 ffffffff 00cf9300 DPL=0 DS   [-WA]
GS =0010 00000000 ffffffff 00cf9300 DPL=0 DS   [-WA]
LDT=0000 00000000 0000ffff 00008200 DPL=0 LDT
TR =0000 00000000 0000ffff 00008b00 DPL=0 TSS32-busy
GDT=     00115148 00000017
IDT=     0011c1e0 000007ff
CR0=80000011 CR2=00000000 CR3=00133000 CR4=00000000
DR0=00000000 DR1=00000000 DR2=00000000 DR3=00000000 
DR6=ffff0ff0 DR7=00000400
CCS=0000000c CCD=bffeff58 CCO=SUBL
EFER=0000000000000000
   170: v=80 e=0000 i=1 cpl=0 IP=0008:400030ae pc=400030ae SP=0010:bffeff50 env->regs[R_EAX]=00000007
EAX=00000007 EBX=50012000 ECX=50013000 EDX=5000000d
ESI=40005461 EDI=00000005 EBP=bffeffac ESP=bffeff50
EIP=400030ae EFL=00000292 [--S-A--] CPL=0 II=0 A20=1 SMM=0 HLT=0
ES =0010 00000000 ffffffff 00cf9300 DPL=0 DS   [-WA]
CS =0008 00000000 ffffffff 00cf9a00 DPL=0 CS32 [-R-]
SS =0010 00000000 ffffffff 00cf9300 DPL=0 DS   [-WA]
DS =0010 00000000 ffffffff 00cf9300 DPL=0 DS   [-WA]
FS =0010 00000000 ffffffff 00cf9300 DPL=0 DS   [-WA]
GS =0010 00000000 ffffffff 00cf9300 DPL=0 DS   [-WA]
LDT=0000 00000000 0000ffff 00008200 DPL=0 LDT
TR =0000 00000000 0000ffff 00008b00 DPL=0 TSS32-busy
GDT=     00115148 00000017
IDT=     0011c1e0 000007ff
CR0=80000011 CR2=00000000 CR3=00133000 CR4=00000000
DR0=00000000 DR1=00000000 DR2=00000000 DR3=00000000 
DR6=ffff0ff0 DR7=00000400
CCS=0000000c CCD=bffeff58 CCO=SUBL
EFER=0000000000000000
   171: v=80 e=0000 i=1 cpl=0 IP=0008:400030ae pc=400030ae SP=0010:bffeff50 env->regs[R_EAX]=00000007
EAX=00000007 EBX=50012000 ECX=00000002 EDX=50010000
ESI=40005461 EDI=00000004 EBP=bffeffac ESP=bffeff50
EIP=400030ae EFL=00000292 [--S-A--] CPL=0 II=0 A20=1 SMM=0 HLT=0
ES =0010 00000000 ffffffff 00cf9300 DPL=0 DS   [-WA]
CS =0008 00000000 ffffffff 00cf9a00 DPL=0 CS32 [-R-]
SS =0010 00000000 ffffffff 00cf9300 DPL=0 DS   [-WA]
DS =0010 00000000 ffffffff 00cf9300 DPL=0 DS   [-WA]
FS =0010 00000000 ffffffff 00cf9300 DPL=0 DS   [-WA]
GS =0010 00000000 ffffffff 00cf9300 DPL=0 DS   [-WA]
LDT=0000 00000000 0000ffff 00008200 DPL=0 LDT
TR =0000 00000000 0000ffff 00008b00 DPL=0 TSS32-busy
GDT=     00115148 00000017
IDT=     0011c1e0 000007ff
CR0=80000011 CR2=00000000 CR3=00133000 CR4=00000000
DR0=00000000 DR1=00000000 DR2=00000000 DR3=00000000 
DR6=ffff0ff0 DR7=00000400
CCS=0000000c CCD=bffeff58 CCO=SUBL
EFER=0000000000000000
   172: v=80 e=0000 i=1 cpl=0 IP=0008:400030ae pc=400030ae SP=0010:bffeff50 env->regs[R_EAX]=00000007
EAX=00000007 EBX=50012000 ECX=50015000 EDX=50000016
ESI=40005461 EDI=00000002 EBP=bffeffac ESP=bffeff50
EIP=400030ae EFL=00000292 [--S-A--] CPL=0 II=0 A20=1 SMM=0 HLT=0
ES =0010 00000000 ffffffff 00cf9300 DPL=0 DS   [-WA]
CS =0008 00000000 ffffffff 00cf9a00 DPL=0 CS32 [-R-]
SS =0010 00000000 ffffffff 00cf9300 DPL=0 DS   [-WA]
DS =0010 00000000 ffffffff 00cf9300 DPL=0 DS   [-WA]
FS =0010 00000000 ffffffff 00cf9300 DPL=0 DS   [-WA]
GS =0010 00000000 ffffffff 00cf9300 DPL=0 DS   [-WA]
LDT=0000 00000000 0000ffff 00008200 DPL=0 LDT
TR =0000 00000000 0000ffff 00008b00 DPL=0 TSS32-busy
GDT=     00115148 00000017
IDT=     0011c1e0 000007ff
CR0=80000011 CR2=00000000 CR3=00133000 CR4=00000000
DR0=00000000 DR1=00000000 DR2=00000000 DR3=00000000 
DR6=ffff0ff0 DR7=00000400
CCS=0000000c CCD=bffeff58 CCO=SUBL
EFER=0000000000000000
   173: v=80 e=0000 i=1 cpl=0 IP=0008:400030ae pc=400030ae SP=0010:bffeff50 env->regs[R_EAX]=00000007
EAX=00000007 EBX=50012000 ECX=00000003 EDX=50010000
ESI=40005461 EDI=00000004 EBP=bffeffac ESP=bffeff50
EIP=400030ae EFL=00000292 [--S-A--] CPL=0 II=0 A20=1 SMM=0 HLT=0
ES =0010 00000000 ffffffff 00cf9300 DPL=0 DS   [-WA]
CS =0008 00000000 ffffffff 00cf9a00 DPL=0 CS32 [-R-]
SS =0010 00000000 ffffffff 00cf9300 DPL=0 DS   [-WA]
DS =0010 00000000 ffffffff 00cf9300 DPL=0 DS   [-WA]
FS =0010 00000000 ffffffff 00cf9300 DPL=0 DS   [-WA]
GS =0010 00000000 ffffffff 00cf9300 DPL=0 DS   [-WA]
LDT=0000 00000000 0000ffff 00008200 DPL=0 LDT
TR =0000 00000000 0000ffff 00008b00 DPL=0 TSS32-busy
GDT=     00115148 00000017
IDT=     0011c1e0 000007ff
CR0=80000011 CR2=00000000 CR3=00133000 CR4=00000000
DR0=00000000 DR1=00000000 DR2=00000000 DR3=00000000 
DR6=ffff0ff0 DR7=00000400
CCS=0000000c CCD=bffeff58 CCO=SUBL
EFER=0000000000000000
   174: v=80 e=0000 i=1 cpl=0 IP=0008:400030ae pc=400030ae SP=0010:bffeff50 env->regs[R_EAX]=00000007
EAX=00000007 EBX=50012000 ECX=50017000 EDX=5000001c
ESI=40005461 EDI=00000002 EBP=bffeffac ESP=bffeff50
EIP=400030ae EFL=00000292 [--S-A--] CPL=0 II=0 A20=1 SMM=0 HLT=0
ES =0010 00000000 ffffffff 00cf9300 DPL=0 DS   [-WA]
CS =0008 00000000 ffffffff 00cf9a00 DPL=0 CS32 [-R-]
SS =0010 00000000 ffffffff 00cf9300 DPL=0 DS   [-WA]
DS =0010 00000000 ffffffff 00cf9300 DPL=0 DS   [-WA]
FS =0010 00000000 ffffffff 00cf9300 DPL=0 DS   [-WA]
GS =0010 00000000 ffffffff 00cf9300 DPL=0 DS   [-WA]
LDT=0000 00000000 0000ffff 00008200 DPL=0 LDT
TR =0000 00000000 0000ffff 00008b00 DPL=0 TSS32-busy
GDT=     00115148 00000017
IDT=     0011c1e0 000007ff
CR0=80000011 CR2=00000000 CR3=00133000 CR4=00000000
DR0=00000000 DR1=00000000 DR2=00000000 DR3=00000000 
DR6=ffff0ff0 DR7=00000400
CCS=0000000c CCD=bffeff58 CCO=SUBL
EFER=0000000000000000
Servicing hardware INT=0x20
   175: v=20 e=0000 i=0 cpl=0 IP=0008:400030b0 pc=400030b0 SP=0010:bffeff50 env->regs[R_EAX]=50018000
EAX=50018000 EBX=50012000 ECX=50017000 EDX=5000001c
ESI=40005461 EDI=00000002 EBP=bffeffac ESP=bffeff50
EIP=400030b0 EFL=00000292 [--S-A--] CPL=0 II=0 A20=1 SMM=0 HLT=0
ES =0010 00000000 ffffffff 00cf9300 DPL=0 DS   [-WA]
CS =0008 00000000 ffffffff 00cf9a00 DPL=0 CS32 [-R-]
SS =0010 00000000 ffffffff 00cf9300 DPL=0 DS   [-WA]
DS =0010 00000000 ffffffff 00cf9300 DPL=0 DS   [-WA]
FS =0010 00000000 ffffffff 00cf9300 DPL=0 DS   [-WA]
GS =0010 00000000 ffffffff 00cf9300 DPL=0 DS   [-WA]
LDT=0000 00000000 0000ffff 00008200 DPL=0 LDT
TR =0000 00000000 0000ffff 00008b00 DPL=0 TSS32-busy
GDT=     00115148 00000017
IDT=     0011c1e0 000007ff
CR0=80000011 CR2=00000000 CR3=00133000 CR4=00000000
DR0=00000000 DR1=00000000 DR2=00000000 DR3=00000000 
DR6=ffff0ff0 DR7=00000400
CCS=00000090 CCD=bffeff24 CCO=EFLAGS
EFER=0000000000000000
   176: v=80 e=0000 i=1 cpl=0 IP=0008:400030ae pc=400030ae SP=0010:bffeff50 env->regs[R_EAX]=00000007
EAX=00000007 EBX=50012000 ECX=50018000 EDX=50000020
ESI=40005461 EDI=00000008 EBP=bffeffac ESP=bffeff50
EIP=400030ae EFL=00000292 [--S-A--] CPL=0 II=0 A20=1 SMM=0 HLT=0
ES =0010 00000000 ffffffff 00cf9300 DPL=0 DS   [-WA]
CS =0008 00000000 ffffffff 00cf9a00 DPL=0 CS32 [-R-]
SS =0010 00000000 ffffffff 00cf9300 DPL=0 DS   [-WA]
DS =0010 00000000 ffffffff 00cf9300 DPL=0 DS   [-WA]
FS =0010 00000000 ffffffff 00cf9300 DPL=0 DS   [-WA]
GS =0010 00000000 ffffffff 00cf9300 DPL=0 DS   [-WA]
LDT=0000 00000000 0000ffff 00008200 DPL=0 LDT
TR =0000 00000000 0000ffff 00008b00 DPL=0 TSS32-busy
GDT=     00115148 00000017
IDT=     0011c1e0 000007ff
CR0=80000011 CR2=00000000 CR3=00133000 CR4=00000000
DR0=00000000 DR1=00000000 DR2=00000000 DR3=00000000 
DR6=ffff0ff0 DR7=00000400
CCS=0000000c CCD=bffeff58 CCO=SUBL
EFER=0000000000000000
   177: v=80 e=0000 i=1 cpl=0 IP=0008:400030ba pc=400030ba SP=0010:bffeff50 env->regs[R_EAX]=00000008
EAX=00000008 EBX=50012000 ECX=50019000 EDX=00105a9c
ESI=40005461 EDI=50019000 EBP=bffeffac ESP=bffeff50
EIP=400030ba EFL=00000292 [--S-A--] CPL=0 II=0 A20=1 SMM=0 HLT=0
ES =0010 00000000 ffffffff 00cf9300 DPL=0 DS   [-WA]
CS =0008 00000000 ffffffff 00cf9a00 DPL=0 CS32 [-R-]
SS =0010 00000000 ffffffff 00cf9300 DPL=0 DS   [-WA]
DS =0010 00000000 ffffffff 00cf9300 DPL=0 DS   [-WA]
FS =0010 00000000 ffffffff 00cf9300 DPL=0 DS   [-WA]
GS =0010 00000000 ffffffff 00cf9300 DPL=0 DS   [-WA]
LDT=0000 00000000 0000ffff 00008200 DPL=0 LDT
TR =0000 00000000 0000ffff 00008b00 DPL=0 TSS32-busy
GDT=     00115148 00000017
IDT=     0011c1e0 000007ff
CR0=80000011 CR2=00000000 CR3=00133000 CR4=00000000
DR0=00000000 DR1=00000000 DR2=00000000 DR3=00000000 
DR6=ffff0ff0 DR7=00000400
CCS=0000000c CCD=bffeff58 CCO=SUBL
EFER=0000000000000000
   178: v=80 e=0000 i=1 cpl=0 IP=0008:400030ae pc=400030ae SP=0010:bffeff50 env->regs[R_EAX]=00000007
EAX=00000007 EBX=50012000 ECX=50019000 EDX=50000028
ESI=40005461 EDI=0000000f EBP=bffeffac ESP=bffeff50
EIP=400030ae EFL=00000292 [--S-A--] CPL=0 II=0 A20=1 SMM=0 HLT=0
ES =0010 00000000 ffffffff 00cf9300 DPL=0 DS   [-WA]
CS =0008 00000000 ffffffff 00cf9a00 DPL=0 CS32 [-R-]
SS =0010 00000000 ffffffff 00cf9300 DPL=0 DS   [-WA]
DS =0010 00000000 ffffffff 00cf9300 DPL=0 DS   [-WA]
FS =0010 00000000 ffffffff 00cf9300 DPL=0 DS   [-WA]
GS =0010 00000000 ffffffff 00cf9300 DPL=0 DS   [-WA]
LDT=0000 00000000 0000ffff 00008200 DPL=0 LDT
TR =0000 00000000 0000ffff 00008b00 DPL=0 TSS32-busy
GDT=     00115148 00000017
IDT=     0011c1e0 000007ff
CR0=80000011 CR2=00000000 CR3=00133000 CR4=00000000
DR0=00000000 DR1=00000000 DR2=00000000 DR3=00000000 
DR6=ffff0ff0 DR7=00000400
CCS=0000000c CCD=bffeff58 CCO=SUBL
EFER=0000000000000000
   179: v=80 e=0000 i=1 cpl=0 IP=0008:400030ae pc=400030ae SP=0010:bffeff50 env->regs[R_EAX]=00000007
EAX=00000007 EBX=50012000 ECX=5001a000 EDX=5001a000
ESI=40005461 EDI=00000080 EBP=bffeffac ESP=bffeff50
EIP=400030ae EFL=00000292 [--S-A--] CPL=0 II=0 A20=1 SMM=0 HLT=0
ES =0010 00000000 ffffffff 00cf9300 DPL=0 DS   [-WA]
CS =0008 00000000 ffffffff 00cf9a00 DPL=0 CS32 [-R-]
SS =0010 00000000 ffffffff 00cf9300 DPL=0 DS   [-WA]
DS =0010 00000000 ffffffff 00cf9300 DPL=0 DS   [-WA]
FS =0010 00000000 ffffffff 00cf9300 DPL=0 DS   [-WA]
GS =0010 00000000 ffffffff 00cf9300 DPL=0 DS   [-WA]
LDT=0000 00000000 0000ffff 00008200 DPL=0 LDT
TR =0000 00000000 0000ffff 00008b00 DPL=0 TSS32-busy
GDT=     00115148 00000017
IDT=     0011c1e0 000007ff
CR0=80000011 CR2=00000000 CR3=00133000 CR4=00000000
DR0=00000000 DR1=00000000 DR2=00000000 DR3=00000000 
DR6=ffff0ff0 DR7=00000400
CCS=0000000c CCD=bffeff58 CCO=SUBL
EFER=0000000000000000
   180: v=80 e=0000 i=1 cpl=0 IP=0008:400030ae pc=400030ae SP=0010:bffeff50 env->regs[R_EAX]=00000007
EAX=00000007 EBX=50012000 ECX=5001a000 EDX=5000003a
ESI=40005461 EDI=00000008 EBP=bffeffac ESP=bffeff50
EIP=400030ae EFL=00000292 [--S-A--] CPL=0 II=0 A20=1 SMM=0 HLT=0
ES =0010 00000000 ffffffff 00cf9300 DPL=0 DS   [-WA]
CS =0008 00000000 ffffffff 00cf9a00 DPL=0 CS32 [-R-]
SS =0010 00000000 ffffffff 00cf9300 DPL=0 DS   [-WA]
DS =0010 00000000 ffffffff 00cf9300 DPL=0 DS   [-WA]
FS =0010 00000000 ffffffff 00cf9300 DPL=0 DS   [-WA]
GS =0010 00000000 ffffffff 00cf9300 DPL=0 DS   [-WA]
LDT=0000 00000000 0000ffff 00008200 DPL=0 LDT
TR =0000 00000000 0000ffff 00008b00 DPL=0 TSS32-busy
GDT=     00115148 00000017
IDT=     0011c1e0 000007ff
CR0=80000011 CR2=00000000 CR3=00133000 CR4=00000000
DR0=00000000 DR1=00000000 DR2=00000000 DR3=00000000 
DR6=ffff0ff0 DR7=00000400
CCS=0000000c CCD=bffeff58 CCO=SUBL
EFER=0000000000000000
   181: v=80 e=0000 i=1 cpl=0 IP=0008:400030ba pc=400030ba SP=0010:bffeff50 env->regs[R_EAX]=00000008
EAX=00000008 EBX=50012000 ECX=5001c000 EDX=00105b2a
ESI=40005461 EDI=5001c000 EBP=bffeffac ESP=bffeff50
EIP=400030ba EFL=00000292 [--S-A--] CPL=0 II=0 A20=1 SMM=0 HLT=0
ES =0010 00000000 ffffffff 00cf9300 DPL=0 DS   [-WA]
CS =0008 00000000 ffffffff 00cf9a00 DPL=0 CS32 [-R-]
SS =0010 00000000 ffffffff 00cf9300 DPL=0 DS   [-WA]
DS =0010 00000000 ffffffff 00cf9300 DPL=0 DS   [-WA]
FS =0010 00000000 ffffffff 00cf9300 DPL=0 DS   [-WA]
GS =0010 00000000 ffffffff 00cf9300 DPL=0 DS   [-WA]
LDT=0000 00000000 0000ffff 00008200 DPL=0 LDT
TR =0000 00000000 0000ffff 00008b00 DPL=0 TSS32-busy
GDT=     00115148 00000017
IDT=     0011c1e0 000007ff
CR0=80000011 CR2=00000000 CR3=00133000 CR4=00000000
DR0=00000000 DR1=00000000 DR2=00000000 DR3=00000000 
DR6=ffff0ff0 DR7=00000400
CCS=0000000c CCD=bffeff58 CCO=SUBL
EFER=0000000000000000
   182: v=80 e=0000 i=1 cpl=0 IP=0008:400030ae pc=400030ae SP=0010:bffeff50 env->regs[R_EAX]=00000007
EAX=00000007 EBX=50012000 ECX=5001c000 EDX=50000042
ESI=40005461 EDI=0000000e EBP=bffeffac ESP=bffeff50
EIP=400030ae EFL=00000292 [--S-A--] CPL=0 II=0 A20=1 SMM=0 HLT=0
ES =0010 00000000 ffffffff 00cf9300 DPL=0 DS   [-WA]
CS =0008 00000000 ffffffff 00cf9a00 DPL=0 CS32 [-R-]
SS =0010 00000000 ffffffff 00cf9300 DPL=0 DS   [-WA]
DS =0010 00000000 ffffffff 00cf9300 DPL=0 DS   [-WA]
FS =0010 00000000 ffffffff 00cf9300 DPL=0 DS   [-WA]
GS =0010 00000000 ffffffff 00cf9300 DPL=0 DS   [-WA]
LDT=0000 00000000 0000ffff 00008200 DPL=0 LDT
TR =0000 00000000 0000ffff 00008b00 DPL=0 TSS32-busy
GDT=     00115148 00000017
IDT=     0011c1e0 000007ff
CR0=80000011 CR2=00000000 CR3=00133000 CR4=00000000
DR0=00000000 DR1=00000000 DR2=00000000 DR3=00000000 
DR6=ffff0ff0 DR7=00000400
CCS=0000000c CCD=bffeff58 CCO=SUBL
EFER=0000000000000000
   183: v=80 e=0000 i=1 cpl=0 IP=0008:400030ae pc=400030ae SP=0010:bffeff50 env->regs[R_EAX]=00000007
EAX=00000007 EBX=50012000 ECX=5001d000 EDX=5001d000
ESI=40005461 EDI=00000080 EBP=bffeffac ESP=bffeff50
EIP=400030ae EFL=00000292 [--S-A--] CPL=0 II=0 A20=1 SMM=0 HLT=0
ES =0010 00000000 ffffffff 00cf9300 DPL=0 DS   [-WA]
CS =0008 00000000 ffffffff 00cf9a00 DPL=0 CS32 [-R-]
SS =0010 00000000 ffffffff 00cf9300 DPL=0 DS   [-WA]
DS =0010 00000000 ffffffff 00cf9300 DPL=0 DS   [-WA]
FS =0010 00000000 ffffffff 00cf9300 DPL=0 DS   [-WA]
GS =0010 00000000 ffffffff 00cf9300 DPL=0 DS   [-WA]
LDT=0000 00000000 0000ffff 00008200 DPL=0 LDT
TR =0000 00000000 0000ffff 00008b00 DPL=0 TSS32-busy
GDT=     00115148 00000017
IDT=     0011c1e0 000007ff
CR0=80000011 CR2=00000000 CR3=00133000 CR4=00000000
DR0=00000000 DR1=00000000 DR2=00000000 DR3=00000000 
DR6=ffff0ff0 DR7=00000400
CCS=0000000c CCD=bffeff58 CCO=SUBL
EFER=0000000000000000
Servicing hardware INT=0x20
   184: v=20 e=0000 i=0 cpl=0 IP=0008:400030b0 pc=400030b0 SP=0010:bffeff50 env->regs[R_EAX]=5001e000
EAX=5001e000 EBX=50012000 ECX=5001d000 EDX=5001d000
ESI=40005461 EDI=00000080 EBP=bffeffac ESP=bffeff50
EIP=400030b0 EFL=00000292 [--S-A--] CPL=0 II=0 A20=1 SMM=0 HLT=0
ES =0010 00000000 ffffffff 00cf9300 DPL=0 DS   [-WA]
CS =0008 00000000 ffffffff 00cf9a00 DPL=0 CS32 [-R-]
SS =0010 00000000 ffffffff 00cf9300 DPL=0 DS   [-WA]
DS =0010 00000000 ffffffff 00cf9300 DPL=0 DS   [-WA]
FS =0010 00000000 ffffffff 00cf9300 DPL=0 DS   [-WA]
GS =0010 00000000 ffffffff 00cf9300 DPL=0 DS   [-WA]
LDT=0000 00000000 0000ffff 00008200 DPL=0 LDT
TR =0000 00000000 0000ffff 00008b00 DPL=0 TSS32-busy
GDT=     00115148 00000017
IDT=     0011c1e0 000007ff
CR0=80000011 CR2=00000000 CR3=00133000 CR4=00000000
DR0=00000000 DR1=00000000 DR2=00000000 DR3=00000000 
DR6=ffff0ff0 DR7=00000400
CCS=00000090 CCD=bffeff24 CCO=EFLAGS
EFER=0000000000000000
   185: v=80 e=0000 i=1 cpl=0 IP=0008:400030ae pc=400030ae SP=0010:bffeff50 env->regs[R_EAX]=00000007
EAX=00000007 EBX=50012000 ECX=5001d000 EDX=50000053
ESI=40005461 EDI=00000008 EBP=bffeffac ESP=bffeff50
EIP=400030ae EFL=00000292 [--S-A--] CPL=0 II=0 A20=1 SMM=0 HLT=0
ES =0010 00000000 ffffffff 00cf9300 DPL=0 DS   [-WA]
CS =0008 00000000 ffffffff 00cf9a00 DPL=0 CS32 [-R-]
SS =0010 00000000 ffffffff 00cf9300 DPL=0 DS   [-WA]
DS =0010 00000000 ffffffff 00cf9300 DPL=0 DS   [-WA]
FS =0010 00000000 ffffffff 00cf9300 DPL=0 DS   [-WA]
GS =0010 00000000 ffffffff 00cf9300 DPL=0 DS   [-WA]
LDT=0000 00000000 0000ffff 00008200 DPL=0 LDT
TR =0000 00000000 0000ffff 00008b00 DPL=0 TSS32-busy
GDT=     00115148 00000017
IDT=     0011c1e0 000007ff
CR0=80000011 CR2=00000000 CR3=00133000 CR4=00000000
DR0=00000000 DR1=00000000 DR2=00000000 DR3=00000000 
DR6=ffff0ff0 DR7=00000400
CCS=0000000c CCD=bffeff58 CCO=SUBL
EFER=0000000000000000
   186: v=80 e=0000 i=1 cpl=0 IP=0008:400030ba pc=400030ba SP=0010:bffeff50 env->regs[R_EAX]=00000008
EAX=00000008 EBX=50012000 ECX=5001f000 EDX=00105ad0
ESI=40005461 EDI=5001f000 EBP=bffeffac ESP=bffeff50
EIP=400030ba EFL=00000292 [--S-A--] CPL=0 II=0 A20=1 SMM=0 HLT=0
ES =0010 00000000 ffffffff 00cf9300 DPL=0 DS   [-WA]
CS =0008 00000000 ffffffff 00cf9a00 DPL=0 CS32 [-R-]
SS =0010 00000000 ffffffff 00cf9300 DPL=0 DS   [-WA]
DS =0010 00000000 ffffffff 00cf9300 DPL=0 DS   [-WA]
FS =0010 00000000 ffffffff 00cf9300 DPL=0 DS   [-WA]
GS =0010 00000000 ffffffff 00cf9300 DPL=0 DS   [-WA]
LDT=0000 00000000 0000ffff 00008200 DPL=0 LDT
TR =0000 00000000 0000ffff 00008b00 DPL=0 TSS32-busy
GDT=     00115148 00000017
IDT=     0011c1e0 000007ff
CR0=80000011 CR2=00000000 CR3=00133000 CR4=00000000
DR0=00000000 DR1=00000000 DR2=00000000 DR3=00000000 
DR6=ffff0ff0 DR7=00000400
CCS=0000000c CCD=bffeff58 CCO=SUBL
EFER=0000000000000000
   187: v=80 e=0000 i=1 cpl=0 IP=0008:400030ae pc=400030ae SP=0010:bffeff50 env->regs[R_EAX]=00000007
EAX=00000007 EBX=50012000 ECX=5001f000 EDX=5000005b
ESI=40005461 EDI=00000010 EBP=bffeffac ESP=bffeff50
EIP=400030ae EFL=00000292 [--S-A--] CPL=0 II=0 A20=1 SMM=0 HLT=0
ES =0010 00000000 ffffffff 00cf9300 DPL=0 DS   [-WA]
CS =0008 00000000 ffffffff 00cf9a00 DPL=0 CS32 [-R-]
SS =0010 00000000 ffffffff 00cf9300 DPL=0 DS   [-WA]
DS =0010 00000000 ffffffff 00cf9300 DPL=0 DS   [-WA]
FS =0010 00000000 ffffffff 00cf9300 DPL=0 DS   [-WA]
GS =0010 00000000 ffffffff 00cf9300 DPL=0 DS   [-WA]
LDT=0000 00000000 0000ffff 00008200 DPL=0 LDT
TR =0000 00000000 0000ffff 00008b00 DPL=0 TSS32-busy
GDT=     00115148 00000017
IDT=     0011c1e0 000007ff
CR0=80000011 CR2=00000000 CR3=00133000 CR4=00000000
DR0=00000000 DR1=00000000 DR2=00000000 DR3=00000000 
DR6=ffff0ff0 DR7=00000400
CCS=0000000c CCD=bffeff58 CCO=SUBL
EFER=0000000000000000
   188: v=80 e=0000 i=1 cpl=0 IP=0008:400030ae pc=400030ae SP=0010:bffeff50 env->regs[R_EAX]=00000007
EAX=00000007 EBX=50012000 ECX=50020000 EDX=50020000
ESI=40005461 EDI=00000080 EBP=bffeffac ESP=bffeff50
EIP=400030ae EFL=00000292 [--S-A--] CPL=0 II=0 A20=1 SMM=0 HLT=0
ES =0010 00000000 ffffffff 00cf9300 DPL=0 DS   [-WA]
CS =0008 00000000 ffffffff 00cf9a00 DPL=0 CS32 [-R-]
SS =0010 00000000 ffffffff 00cf9300 DPL=0 DS   [-WA]
DS =0010 00000000 ffffffff 00cf9300 DPL=0 DS   [-WA]
FS =0010 00000000 ffffffff 00cf9300 DPL=0 DS   [-WA]
GS =0010 00000000 ffffffff 00cf9300 DPL=0 DS   [-WA]
LDT=0000 00000000 0000ffff 00008200 DPL=0 LDT
TR =0000 00000000 0000ffff 00008b00 DPL=0 TSS32-busy
GDT=     00115148 00000017
IDT=     0011c1e0 000007ff
CR0=80000011 CR2=00000000 CR3=00133000 CR4=00000000
DR0=00000000 DR1=00000000 DR2=00000000 DR3=00000000 
DR6=ffff0ff0 DR7=00000400
CCS=0000000c CCD=bffeff58 CCO=SUBL
EFER=0000000000000000
   189: v=80 e=0000 i=1 cpl=0 IP=0008:400030ae pc=400030ae SP=0010:bffeff50 env->regs[R_EAX]=00000007
EAX=00000007 EBX=50012000 ECX=50020000 EDX=5000006e
ESI=40005461 EDI=00000008 EBP=bffeffac ESP=bffeff50
EIP=400030ae EFL=00000292 [--S-A--] CPL=0 II=0 A20=1 SMM=0 HLT=0
ES =0010 00000000 ffffffff 00cf9300 DPL=0 DS   [-WA]
CS =0008 00000000 ffffffff 00cf9a00 DPL=0 CS32 [-R-]
SS =0010 00000000 ffffffff 00cf9300 DPL=0 DS   [-WA]
DS =0010 00000000 ffffffff 00cf9300 DPL=0 DS   [-WA]
FS =0010 00000000 ffffffff 00cf9300 DPL=0 DS   [-WA]
GS =0010 00000000 ffffffff 00cf9300 DPL=0 DS   [-WA]
LDT=0000 00000000 0000ffff 00008200 DPL=0 LDT
TR =0000 00000000 0000ffff 00008b00 DPL=0 TSS32-busy
GDT=     00115148 00000017
IDT=     0011c1e0 000007ff
CR0=80000011 CR2=00000000 CR3=00133000 CR4=00000000
DR0=00000000 DR1=00000000 DR2=00000000 DR3=00000000 
DR6=ffff0ff0 DR7=00000400
CCS=0000000c CCD=bffeff58 CCO=SUBL
EFER=0000000000000000
   190: v=80 e=0000 i=1 cpl=0 IP=0008:400030ba pc=400030ba SP=0010:bffeff50 env->regs[R_EAX]=00000008
EAX=00000008 EBX=50012000 ECX=50022000 EDX=00105b0c
ESI=40005461 EDI=50022000 EBP=bffeffac ESP=bffeff50
EIP=400030ba EFL=00000292 [--S-A--] CPL=0 II=0 A20=1 SMM=0 HLT=0
ES =0010 00000000 ffffffff 00cf9300 DPL=0 DS   [-WA]
CS =0008 00000000 ffffffff 00cf9a00 DPL=0 CS32 [-R-]
SS =0010 00000000 ffffffff 00cf9300 DPL=0 DS   [-WA]
DS =0010 00000000 ffffffff 00cf9300 DPL=0 DS   [-WA]
FS =0010 00000000 ffffffff 00cf9300 DPL=0 DS   [-WA]
GS =0010 00000000 ffffffff 00cf9300 DPL=0 DS   [-WA]
LDT=0000 00000000 0000ffff 00008200 DPL=0 LDT
TR =0000 00000000 0000ffff 00008b00 DPL=0 TSS32-busy
GDT=     00115148 00000017
IDT=     0011c1e0 000007ff
CR0=80000011 CR2=00000000 CR3=00133000 CR4=00000000
DR0=00000000 DR1=00000000 DR2=00000000 DR3=00000000 
DR6=ffff0ff0 DR7=00000400
CCS=0000000c CCD=bffeff58 CCO=SUBL
EFER=0000000000000000
   191: v=80 e=0000 i=1 cpl=0 IP=0008:400030ae pc=400030ae SP=0010:bffeff50 env->regs[R_EAX]=00000007
EAX=00000007 EBX=50012000 ECX=50022000 EDX=50000076
ESI=40005461 EDI=0000000f EBP=bffeffac ESP=bffeff50
EIP=400030ae EFL=00000292 [--S-A--] CPL=0 II=0 A20=1 SMM=0 HLT=0
ES =0010 00000000 ffffffff 00cf9300 DPL=0 DS   [-WA]
CS =0008 00000000 ffffffff 00cf9a00 DPL=0 CS32 [-R-]
SS =0010 00000000 ffffffff 00cf9300 DPL=0 DS   [-WA]
DS =0010 00000000 ffffffff 00cf9300 DPL=0 DS   [-WA]
FS =0010 00000000 ffffffff 00cf9300 DPL=0 DS   [-WA]
GS =0010 00000000 ffffffff 00cf9300 DPL=0 DS   [-WA]
LDT=0000 00000000 0000ffff 00008200 DPL=0 LDT
TR =0000 00000000 0000ffff 00008b00 DPL=0 TSS32-busy
GDT=     00115148 00000017
IDT=     0011c1e0 000007ff
CR0=80000011 CR2=00000000 CR3=00133000 CR4=00000000
DR0=00000000 DR1=00000000 DR2=00000000 DR3=00000000 
DR6=ffff0ff0 DR7=00000400
CCS=0000000c CCD=bffeff58 CCO=SUBL
EFER=0000000000000000
   192: v=80 e=0000 i=1 cpl=0 IP=0008:400030ae pc=400030ae SP=0010:bffeff50 env->regs[R_EAX]=00000007
EAX=00000007 EBX=50012000 ECX=50023000 EDX=50023000
ESI=40005461 EDI=00000080 EBP=bffeffac ESP=bffeff50
EIP=400030ae EFL=00000292 [--S-A--] CPL=0 II=0 A20=1 SMM=0 HLT=0
ES =0010 00000000 ffffffff 00cf9300 DPL=0 DS   [-WA]
CS =0008 00000000 ffffffff 00cf9a00 DPL=0 CS32 [-R-]
SS =0010 00000000 ffffffff 00cf9300 DPL=0 DS   [-WA]
DS =0010 00000000 ffffffff 00cf9300 DPL=0 DS   [-WA]
FS =0010 00000000 ffffffff 00cf9300 DPL=0 DS   [-WA]
GS =0010 00000000 ffffffff 00cf9300 DPL=0 DS   [-WA]
LDT=0000 00000000 0000ffff 00008200 DPL=0 LDT
TR =0000 00000000 0000ffff 00008b00 DPL=0 TSS32-busy
GDT=     00115148 00000017
IDT=     0011c1e0 000007ff
CR0=80000011 CR2=00000000 CR3=00133000 CR4=00000000
DR0=00000000 DR1=00000000 DR2=00000000 DR3=00000000 
DR6=ffff0ff0 DR7=00000400
CCS=0000000c CCD=bffeff58 CCO=SUBL
EFER=0000000000000000
   193: v=80 e=0000 i=1 cpl=0 IP=0008:400030ae pc=400030ae SP=0010:bffeff50 env->regs[R_EAX]=00000007
EAX=00000007 EBX=50012000 ECX=50023000 EDX=50000088
ESI=40005461 EDI=00000008 EBP=bffeffac ESP=bffeff50
EIP=400030ae EFL=00000292 [--S-A--] CPL=0 II=0 A20=1 SMM=0 HLT=0
ES =0010 00000000 ffffffff 00cf9300 DPL=0 DS   [-WA]
CS =0008 00000000 ffffffff 00cf9a00 DPL=0 CS32 [-R-]
SS =0010 00000000 ffffffff 00cf9300 DPL=0 DS   [-WA]
DS =0010 00000000 ffffffff 00cf9300 DPL=0 DS   [-WA]
FS =0010 00000000 ffffffff 00cf9300 DPL=0 DS   [-WA]
GS =0010 00000000 ffffffff 00cf9300 DPL=0 DS   [-WA]
LDT=0000 00000000 0000ffff 00008200 DPL=0 LDT
TR =0000 00000000 0000ffff 00008b00 DPL=0 TSS32-busy
GDT=     00115148 00000017
IDT=     0011c1e0 000007ff
CR0=80000011 CR2=00000000 CR3=00133000 CR4=00000000
DR0=00000000 DR1=00000000 DR2=00000000 DR3=00000000 
DR6=ffff0ff0 DR7=00000400
CCS=0000000c CCD=bffeff58 CCO=SUBL
EFER=0000000000000000
Servicing hardware INT=0x20
   194: v=20 e=0000 i=0 cpl=0 IP=0008:400030b0 pc=400030b0 SP=0010:bffeff50 env->regs[R_EAX]=50025000
EAX=50025000 EBX=50012000 ECX=50023000 EDX=50000088
ESI=40005461 EDI=00000008 EBP=bffeffac ESP=bffeff50
EIP=400030b0 EFL=00000292 [--S-A--] CPL=0 II=0 A20=1 SMM=0 HLT=0
ES =0010 00000000 ffffffff 00cf9300 DPL=0 DS   [-WA]
CS =0008 00000000 ffffffff 00cf9a00 DPL=0 CS32 [-R-]
SS =0010 00000000 ffffffff 00cf9300 DPL=0 DS   [-WA]
DS =0010 00000000 ffffffff 00cf9300 DPL=0 DS   [-WA]
FS =0010 00000000 ffffffff 00cf9300 DPL=0 DS   [-WA]
GS =0010 00000000 ffffffff 00cf9300 DPL=0 DS   [-WA]
LDT=0000 00000000 0000ffff 00008200 DPL=0 LDT
TR =0000 00000000 0000ffff 00008b00 DPL=0 TSS32-busy
GDT=     00115148 00000017
IDT=     0011c1e0 000007ff
CR0=80000011 CR2=00000000 CR3=00133000 CR4=00000000
DR0=00000000 DR1=00000000 DR2=00000000 DR3=00000000 
DR6=ffff0ff0 DR7=00000400
CCS=00000090 CCD=bffeff24 CCO=EFLAGS
EFER=0000000000000000
   195: v=80 e=0000 i=1 cpl=0 IP=0008:400030ba pc=400030ba SP=0010:bffeff50 env->regs[R_EAX]=00000008
EAX=00000008 EBX=50012000 ECX=50025000 EDX=00105aee
ESI=40005461 EDI=50025000 EBP=bffeffac ESP=bffeff50
EIP=400030ba EFL=00000292 [--S-A--] CPL=0 II=0 A20=1 SMM=0 HLT=0
ES =0010 00000000 ffffffff 00cf9300 DPL=0 DS   [-WA]
CS =0008 00000000 ffffffff 00cf9a00 DPL=0 CS32 [-R-]
SS =0010 00000000 ffffffff 00cf9300 DPL=0 DS   [-WA]
DS =0010 00000000 ffffffff 00cf9300 DPL=0 DS   [-WA]
FS =0010 00000000 ffffffff 00cf9300 DPL=0 DS   [-WA]
GS =0010 00000000 ffffffff 00cf9300 DPL=0 DS   [-WA]
LDT=0000 00000000 0000ffff 00008200 DPL=0 LDT
TR =0000 00000000 0000ffff 00008b00 DPL=0 TSS32-busy
GDT=     00115148 00000017
IDT=     0011c1e0 000007ff
CR0=80000011 CR2=00000000 CR3=00133000 CR4=00000000
DR0=00000000 DR1=00000000 DR2=00000000 DR3=00000000 
DR6=ffff0ff0 DR7=00000400
CCS=0000000c CCD=bffeff58 CCO=SUBL
EFER=0000000000000000
   196: v=80 e=0000 i=1 cpl=0 IP=0008:400030ae pc=400030ae SP=0010:bffeff50 env->regs[R_EAX]=00000007
EAX=00000007 EBX=50012000 ECX=50025000 EDX=50000090
ESI=40005461 EDI=0000000c EBP=bffeffac ESP=bffeff50
EIP=400030ae EFL=00000292 [--S-A--] CPL=0 II=0 A20=1 SMM=0 HLT=0
ES =0010 00000000 ffffffff 00cf9300 DPL=0 DS   [-WA]
CS =0008 00000000 ffffffff 00cf9a00 DPL=0 CS32 [-R-]
SS =0010 00000000 ffffffff 00cf9300 DPL=0 DS   [-WA]
DS =0010 00000000 ffffffff 00cf9300 DPL=0 DS   [-WA]
FS =0010 00000000 ffffffff 00cf9300 DPL=0 DS   [-WA]
GS =0010 00000000 ffffffff 00cf9300 DPL=0 DS   [-WA]
LDT=0000 00000000 0000ffff 00008200 DPL=0 LDT
TR =0000 00000000 0000ffff 00008b00 DPL=0 TSS32-busy
GDT=     00115148 00000017
IDT=     0011c1e0 000007ff
CR0=80000011 CR2=00000000 CR3=00133000 CR4=00000000
DR0=00000000 DR1=00000000 DR2=00000000 DR3=00000000 
DR6=ffff0ff0 DR7=00000400
CCS=0000000c CCD=bffeff58 CCO=SUBL
EFER=0000000000000000
   197: v=80 e=0000 i=1 cpl=0 IP=0008:400030ae pc=400030ae SP=0010:bffeff50 env->regs[R_EAX]=00000007
EAX=00000007 EBX=50012000 ECX=50026000 EDX=50026000
ESI=40005461 EDI=00000080 EBP=bffeffac ESP=bffeff50
EIP=400030ae EFL=00000292 [--S-A--] CPL=0 II=0 A20=1 SMM=0 HLT=0
ES =0010 00000000 ffffffff 00cf9300 DPL=0 DS   [-WA]
CS =0008 00000000 ffffffff 00cf9a00 DPL=0 CS32 [-R-]
SS =0010 00000000 ffffffff 00cf9300 DPL=0 DS   [-WA]
DS =0010 00000000 ffffffff 00cf9300 DPL=0 DS   [-WA]
FS =0010 00000000 ffffffff 00cf9300 DPL=0 DS   [-WA]
GS =0010 00000000 ffffffff 00cf9300 DPL=0 DS   [-WA]
LDT=0000 00000000 0000ffff 00008200 DPL=0 LDT
TR =0000 00000000 0000ffff 00008b00 DPL=0 TSS32-busy
GDT=     00115148 00000017
IDT=     0011c1e0 000007ff
CR0=80000011 CR2=00000000 CR3=00133000 CR4=00000000
DR0=00000000 DR1=00000000 DR2=00000000 DR3=00000000 
DR6=ffff0ff0 DR7=00000400
CCS=0000000c CCD=bffeff58 CCO=SUBL
EFER=0000000000000000
   198: v=80 e=0000 i=1 cpl=0 IP=0008:400030ae pc=400030ae SP=0010:bffeff50 env->regs[R_EAX]=00000007
EAX=00000007 EBX=50027000 ECX=00000001 EDX=50010050
ESI=40005461 EDI=00000004 EBP=bffeffac ESP=bffeff50
EIP=400030ae EFL=00000292 [--S-A--] CPL=0 II=0 A20=1 SMM=0 HLT=0
ES =0010 00000000 ffffffff 00cf9300 DPL=0 DS   [-WA]
CS =0008 00000000 ffffffff 00cf9a00 DPL=0 CS32 [-R-]
SS =0010 00000000 ffffffff 00cf9300 DPL=0 DS   [-WA]
DS =0010 00000000 ffffffff 00cf9300 DPL=0 DS   [-WA]
FS =0010 00000000 ffffffff 00cf9300 DPL=0 DS   [-WA]
GS =0010 00000000 ffffffff 00cf9300 DPL=0 DS   [-WA]
LDT=0000 00000000 0000ffff 00008200 DPL=0 LDT
TR =0000 00000000 0000ffff 00008b00 DPL=0 TSS32-busy
GDT=     00115148 00000017
IDT=     0011c1e0 000007ff
CR0=80000011 CR2=00000000 CR3=00133000 CR4=00000000
DR0=00000000 DR1=00000000 DR2=00000000 DR3=00000000 
DR6=ffff0ff0 DR7=00000400
CCS=0000000c CCD=bffeff58 CCO=SUBL
EFER=0000000000000000
   199: v=80 e=0000 i=1 cpl=0 IP=0008:400030ae pc=400030ae SP=0010:bffeff50 env->regs[R_EAX]=00000007
EAX=00000007 EBX=50027000 ECX=50028000 EDX=500000a0
ESI=40005461 EDI=00000003 EBP=bffeffac ESP=bffeff50
EIP=400030ae EFL=00000292 [--S-A--] CPL=0 II=0 A20=1 SMM=0 HLT=0
ES =0010 00000000 ffffffff 00cf9300 DPL=0 DS   [-WA]
CS =0008 00000000 ffffffff 00cf9a00 DPL=0 CS32 [-R-]
SS =0010 00000000 ffffffff 00cf9300 DPL=0 DS   [-WA]
DS =0010 00000000 ffffffff 00cf9300 DPL=0 DS   [-WA]
FS =0010 00000000 ffffffff 00cf9300 DPL=0 DS   [-WA]
GS =0010 00000000 ffffffff 00cf9300 DPL=0 DS   [-WA]
LDT=0000 00000000 0000ffff 00008200 DPL=0 LDT
TR =0000 00000000 0000ffff 00008b00 DPL=0 TSS32-busy
GDT=     00115148 00000017
IDT=     0011c1e0 000007ff
CR0=80000011 CR2=00000000 CR3=00133000 CR4=00000000
DR0=00000000 DR1=00000000 DR2=00000000 DR3=00000000 
DR6=ffff0ff0 DR7=00000400
CCS=0000000c CCD=bffeff58 CCO=SUBL
EFER=0000000000000000
   200: v=80 e=0000 i=1 cpl=0 IP=0008:400030ae pc=400030ae SP=0010:bffeff50 env->regs[R_EAX]=00000007
EAX=00000007 EBX=50027000 ECX=00000002 EDX=50010050
ESI=40005461 EDI=00000004 EBP=bffeffac ESP=bffeff50
EIP=400030ae EFL=00000292 [--S-A--] CPL=0 II=0 A20=1 SMM=0 HLT=0
ES =0010 00000000 ffffffff 00cf9300 DPL=0 DS   [-WA]
CS =0008 00000000 ffffffff 00cf9a00 DPL=0 CS32 [-R-]
SS =0010 00000000 ffffffff 00cf9300 DPL=0 DS   [-WA]
DS =0010 00000000 ffffffff 00cf9300 DPL=0 DS   [-WA]
FS =0010 00000000 ffffffff 00cf9300 DPL=0 DS   [-WA]
GS =0010 00000000 ffffffff 00cf9300 DPL=0 DS   [-WA]
LDT=0000 00000000 0000ffff 00008200 DPL=0 LDT
TR =0000 00000000 0000ffff 00008b00 DPL=0 TSS32-busy
GDT=     00115148 00000017
IDT=     0011c1e0 000007ff
CR0=80000011 CR2=00000000 CR3=00133000 CR4=00000000
DR0=00000000 DR1=00000000 DR2=00000000 DR3=00000000 
DR6=ffff0ff0 DR7=00000400
CCS=0000000c CCD=bffeff58 CCO=SUBL
EFER=0000000000000000
   201: v=80 e=0000 i=1 cpl=0 IP=0008:400030ae pc=400030ae SP=0010:bffeff50 env->regs[R_EAX]=00000007
EAX=00000007 EBX=50027000 ECX=5002a000 EDX=500000a7
ESI=40005461 EDI=00000009 EBP=bffeffac ESP=bffeff50
EIP=400030ae EFL=00000292 [--S-A--] CPL=0 II=0 A20=1 SMM=0 HLT=0
ES =0010 00000000 ffffffff 00cf9300 DPL=0 DS   [-WA]
CS =0008 00000000 ffffffff 00cf9a00 DPL=0 CS32 [-R-]
SS =0010 00000000 ffffffff 00cf9300 DPL=0 DS   [-WA]
DS =0010 00000000 ffffffff 00cf9300 DPL=0 DS   [-WA]
FS =0010 00000000 ffffffff 00cf9300 DPL=0 DS   [-WA]
GS =0010 00000000 ffffffff 00cf9300 DPL=0 DS   [-WA]
LDT=0000 00000000 0000ffff 00008200 DPL=0 LDT
TR =0000 00000000 0000ffff 00008b00 DPL=0 TSS32-busy
GDT=     00115148 00000017
IDT=     0011c1e0 000007ff
CR0=80000011 CR2=00000000 CR3=00133000 CR4=00000000
DR0=00000000 DR1=00000000 DR2=00000000 DR3=00000000 
DR6=ffff0ff0 DR7=00000400
CCS=0000000c CCD=bffeff58 CCO=SUBL
EFER=0000000000000000
   202: v=80 e=0000 i=1 cpl=0 IP=0008:400030ae pc=400030ae SP=0010:bffeff50 env->regs[R_EAX]=00000007
EAX=00000007 EBX=50027000 ECX=00000003 EDX=50010050
ESI=40005461 EDI=00000003 EBP=bffeffac ESP=bffeff50
EIP=400030ae EFL=00000292 [--S-A--] CPL=0 II=0 A20=1 SMM=0 HLT=0
ES =0010 00000000 ffffffff 00cf9300 DPL=0 DS   [-WA]
CS =0008 00000000 ffffffff 00cf9a00 DPL=0 CS32 [-R-]
SS =0010 00000000 ffffffff 00cf9300 DPL=0 DS   [-WA]
DS =0010 00000000 ffffffff 00cf9300 DPL=0 DS   [-WA]
FS =0010 00000000 ffffffff 00cf9300 DPL=0 DS   [-WA]
GS =0010 00000000 ffffffff 00cf9300 DPL=0 DS   [-WA]
LDT=0000 00000000 0000ffff 00008200 DPL=0 LDT
TR =0000 00000000 0000ffff 00008b00 DPL=0 TSS32-busy
GDT=     00115148 00000017
IDT=     0011c1e0 000007ff
CR0=80000011 CR2=00000000 CR3=00133000 CR4=00000000
DR0=00000000 DR1=00000000 DR2=00000000 DR3=00000000 
DR6=ffff0ff0 DR7=00000400
CCS=0000000c CCD=bffeff58 CCO=SUBL
EFER=0000000000000000
Servicing hardware INT=0x20
   203: v=20 e=0000 i=0 cpl=0 IP=0008:400030b0 pc=400030b0 SP=0010:bffeff50 env->regs[R_EAX]=5002c000
EAX=5002c000 EBX=50027000 ECX=00000003 EDX=50010050
ESI=40005461 EDI=00000003 EBP=bffeffac ESP=bffeff50
EIP=400030b0 EFL=00000292 [--S-A--] CPL=0 II=0 A20=1 SMM=0 HLT=0
ES =0010 00000000 ffffffff 00cf9300 DPL=0 DS   [-WA]
CS =0008 00000000 ffffffff 00cf9a00 DPL=0 CS32 [-R-]
SS =0010 00000000 ffffffff 00cf9300 DPL=0 DS   [-WA]
DS =0010 00000000 ffffffff 00cf9300 DPL=0 DS   [-WA]
FS =0010 00000000 ffffffff 00cf9300 DPL=0 DS   [-WA]
GS =0010 00000000 ffffffff 00cf9300 DPL=0 DS   [-WA]
LDT=0000 00000000 0000ffff 00008200 DPL=0 LDT
TR =0000 00000000 0000ffff 00008b00 DPL=0 TSS32-busy
GDT=     00115148 00000017
IDT=     0011c1e0 000007ff
CR0=80000011 CR2=00000000 CR3=00133000 CR4=00000000
DR0=00000000 DR1=00000000 DR2=00000000 DR3=00000000 
DR6=ffff0ff0 DR7=00000400
CCS=00000090 CCD=bffeff24 CCO=EFLAGS
EFER=0000000000000000
   204: v=80 e=0000 i=1 cpl=0 IP=0008:400030ae pc=400030ae SP=0010:bffeff50 env->regs[R_EAX]=00000007
EAX=00000007 EBX=50027000 ECX=5002c000 EDX=500000b3
ESI=40005461 EDI=00000021 EBP=bffeffac ESP=bffeff50
EIP=400030ae EFL=00000292 [--S-A--] CPL=0 II=0 A20=1 SMM=0 HLT=0
ES =0010 00000000 ffffffff 00cf9300 DPL=0 DS   [-WA]
CS =0008 00000000 ffffffff 00cf9a00 DPL=0 CS32 [-R-]
SS =0010 00000000 ffffffff 00cf9300 DPL=0 DS   [-WA]
DS =0010 00000000 ffffffff 00cf9300 DPL=0 DS   [-WA]
FS =0010 00000000 ffffffff 00cf9300 DPL=0 DS   [-WA]
GS =0010 00000000 ffffffff 00cf9300 DPL=0 DS   [-WA]
LDT=0000 00000000 0000ffff 00008200 DPL=0 LDT
TR =0000 00000000 0000ffff 00008b00 DPL=0 TSS32-busy
GDT=     00115148 00000017
IDT=     0011c1e0 000007ff
CR0=80000011 CR2=00000000 CR3=00133000 CR4=00000000
DR0=00000000 DR1=00000000 DR2=00000000 DR3=00000000 
DR6=ffff0ff0 DR7=00000400
CCS=0000000c CCD=bffeff58 CCO=SUBL
EFER=0000000000000000
   205: v=80 e=0000 i=1 cpl=0 IP=0008:400030ae pc=400030ae SP=0010:bffeff50 env->regs[R_EAX]=00000007
EAX=00000007 EBX=50027000 ECX=5002d000 EDX=500000d6
ESI=40005461 EDI=00000008 EBP=bffeffac ESP=bffeff50
EIP=400030ae EFL=00000292 [--S-A--] CPL=0 II=0 A20=1 SMM=0 HLT=0
ES =0010 00000000 ffffffff 00cf9300 DPL=0 DS   [-WA]
CS =0008 00000000 ffffffff 00cf9a00 DPL=0 CS32 [-R-]
SS =0010 00000000 ffffffff 00cf9300 DPL=0 DS   [-WA]
DS =0010 00000000 ffffffff 00cf9300 DPL=0 DS   [-WA]
FS =0010 00000000 ffffffff 00cf9300 DPL=0 DS   [-WA]
GS =0010 00000000 ffffffff 00cf9300 DPL=0 DS   [-WA]
LDT=0000 00000000 0000ffff 00008200 DPL=0 LDT
TR =0000 00000000 0000ffff 00008b00 DPL=0 TSS32-busy
GDT=     00115148 00000017
IDT=     0011c1e0 000007ff
CR0=80000011 CR2=00000000 CR3=00133000 CR4=00000000
DR0=00000000 DR1=00000000 DR2=00000000 DR3=00000000 
DR6=ffff0ff0 DR7=00000400
CCS=0000000c CCD=bffeff58 CCO=SUBL
EFER=0000000000000000
   206: v=80 e=0000 i=1 cpl=0 IP=0008:400030ba pc=400030ba SP=0010:bffeff50 env->regs[R_EAX]=00000008
EAX=00000008 EBX=50027000 ECX=5002e000 EDX=00104f4c
ESI=40005461 EDI=5002e000 EBP=bffeffac ESP=bffeff50
EIP=400030ba EFL=00000292 [--S-A--] CPL=0 II=0 A20=1 SMM=0 HLT=0
ES =0010 00000000 ffffffff 00cf9300 DPL=0 DS   [-WA]
CS =0008 00000000 ffffffff 00cf9a00 DPL=0 CS32 [-R-]
SS =0010 00000000 ffffffff 00cf9300 DPL=0 DS   [-WA]
DS =0010 00000000 ffffffff 00cf9300 DPL=0 DS   [-WA]
FS =0010 00000000 ffffffff 00cf9300 DPL=0 DS   [-WA]
GS =0010 00000000 ffffffff 00cf9300 DPL=0 DS   [-WA]
LDT=0000 00000000 0000ffff 00008200 DPL=0 LDT
TR =0000 00000000 0000ffff 00008b00 DPL=0 TSS32-busy
GDT=     00115148 00000017
IDT=     0011c1e0 000007ff
CR0=80000011 CR2=00000000 CR3=00133000 CR4=00000000
DR0=00000000 DR1=00000000 DR2=00000000 DR3=00000000 
DR6=ffff0ff0 DR7=00000400
CCS=0000000c CCD=bffeff58 CCO=SUBL
EFER=0000000000000000
   207: v=80 e=0000 i=1 cpl=0 IP=0008:400030ae pc=400030ae SP=0010:bffeff50 env->regs[R_EAX]=00000007
EAX=00000007 EBX=50027000 ECX=5002e000 EDX=500000de
ESI=40005461 EDI=0000000b EBP=bffeffac ESP=bffeff50
EIP=400030ae EFL=00000292 [--S-A--] CPL=0 II=0 A20=1 SMM=0 HLT=0
ES =0010 00000000 ffffffff 00cf9300 DPL=0 DS   [-WA]
CS =0008 00000000 ffffffff 00cf9a00 DPL=0 CS32 [-R-]
SS =0010 00000000 ffffffff 00cf9300 DPL=0 DS   [-WA]
DS =0010 00000000 ffffffff 00cf9300 DPL=0 DS   [-WA]
FS =0010 00000000 ffffffff 00cf9300 DPL=0 DS   [-WA]
GS =0010 00000000 ffffffff 00cf9300 DPL=0 DS   [-WA]
LDT=0000 00000000 0000ffff 00008200 DPL=0 LDT
TR =0000 00000000 0000ffff 00008b00 DPL=0 TSS32-busy
GDT=     00115148 00000017
IDT=     0011c1e0 000007ff
CR0=80000011 CR2=00000000 CR3=00133000 CR4=00000000
DR0=00000000 DR1=00000000 DR2=00000000 DR3=00000000 
DR6=ffff0ff0 DR7=00000400
CCS=0000000c CCD=bffeff58 CCO=SUBL
EFER=0000000000000000
   208: v=80 e=0000 i=1 cpl=0 IP=0008:400030ae pc=400030ae SP=0010:bffeff50 env->regs[R_EAX]=00000007
EAX=00000007 EBX=50027000 ECX=5002f000 EDX=5002f000
ESI=40005461 EDI=00000080 EBP=bffeffac ESP=bffeff50
EIP=400030ae EFL=00000292 [--S-A--] CPL=0 II=0 A20=1 SMM=0 HLT=0
ES =0010 00000000 ffffffff 00cf9300 DPL=0 DS   [-WA]
CS =0008 00000000 ffffffff 00cf9a00 DPL=0 CS32 [-R-]
SS =0010 00000000 ffffffff 00cf9300 DPL=0 DS   [-WA]
DS =0010 00000000 ffffffff 00cf9300 DPL=0 DS   [-WA]
FS =0010 00000000 ffffffff 00cf9300 DPL=0 DS   [-WA]
GS =0010 00000000 ffffffff 00cf9300 DPL=0 DS   [-WA]
LDT=0000 00000000 0000ffff 00008200 DPL=0 LDT
TR =0000 00000000 0000ffff 00008b00 DPL=0 TSS32-busy
GDT=     00115148 00000017
IDT=     0011c1e0 000007ff
CR0=80000011 CR2=00000000 CR3=00133000 CR4=00000000
DR0=00000000 DR1=00000000 DR2=00000000 DR3=00000000 
DR6=ffff0ff0 DR7=00000400
CCS=0000000c CCD=bffeff58 CCO=SUBL
EFER=0000000000000000
   209: v=80 e=0000 i=1 cpl=0 IP=0008:400030ae pc=400030ae SP=0010:bffeff50 env->regs[R_EAX]=00000007
EAX=00000007 EBX=50030000 ECX=00000001 EDX=50010060
ESI=40005461 EDI=00000004 EBP=bffeffac ESP=bffeff50
EIP=400030ae EFL=00000292 [--S-A--] CPL=0 II=0 A20=1 SMM=0 HLT=0
ES =0010 00000000 ffffffff 00cf9300 DPL=0 DS   [-WA]
CS =0008 00000000 ffffffff 00cf9a00 DPL=0 CS32 [-R-]
SS =0010 00000000 ffffffff 00cf9300 DPL=0 DS   [-WA]
DS =0010 00000000 ffffffff 00cf9300 DPL=0 DS   [-WA]
FS =0010 00000000 ffffffff 00cf9300 DPL=0 DS   [-WA]
GS =0010 00000000 ffffffff 00cf9300 DPL=0 DS   [-WA]
LDT=0000 00000000 0000ffff 00008200 DPL=0 LDT
TR =0000 00000000 0000ffff 00008b00 DPL=0 TSS32-busy
GDT=     00115148 00000017
IDT=     0011c1e0 000007ff
CR0=80000011 CR2=00000000 CR3=00133000 CR4=00000000
DR0=00000000 DR1=00000000 DR2=00000000 DR3=00000000 
DR6=ffff0ff0 DR7=00000400
CCS=0000000c CCD=bffeff58 CCO=SUBL
EFER=0000000000000000
   210: v=80 e=0000 i=1 cpl=0 IP=0008:400030ae pc=400030ae SP=0010:bffeff50 env->regs[R_EAX]=00000007
EAX=00000007 EBX=50030000 ECX=50031000 EDX=500000ed
ESI=40005461 EDI=00000005 EBP=bffeffac ESP=bffeff50
EIP=400030ae EFL=00000292 [--S-A--] CPL=0 II=0 A20=1 SMM=0 HLT=0
ES =0010 00000000 ffffffff 00cf9300 DPL=0 DS   [-WA]
CS =0008 00000000 ffffffff 00cf9a00 DPL=0 CS32 [-R-]
SS =0010 00000000 ffffffff 00cf9300 DPL=0 DS   [-WA]
DS =0010 00000000 ffffffff 00cf9300 DPL=0 DS   [-WA]
FS =0010 00000000 ffffffff 00cf9300 DPL=0 DS   [-WA]
GS =0010 00000000 ffffffff 00cf9300 DPL=0 DS   [-WA]
LDT=0000 00000000 0000ffff 00008200 DPL=0 LDT
TR =0000 00000000 0000ffff 00008b00 DPL=0 TSS32-busy
GDT=     00115148 00000017
IDT=     0011c1e0 000007ff
CR0=80000011 CR2=00000000 CR3=00133000 CR4=00000000
DR0=00000000 DR1=00000000 DR2=00000000 DR3=00000000 
DR6=ffff0ff0 DR7=00000400
CCS=0000000c CCD=bffeff58 CCO=SUBL
EFER=0000000000000000
Servicing hardware INT=0x20
   211: v=20 e=0000 i=0 cpl=0 IP=0008:400030b0 pc=400030b0 SP=0010:bffeff50 env->regs[R_EAX]=50032000
EAX=50032000 EBX=50030000 ECX=50031000 EDX=500000ed
ESI=40005461 EDI=00000005 EBP=bffeffac ESP=bffeff50
EIP=400030b0 EFL=00000292 [--S-A--] CPL=0 II=0 A20=1 SMM=0 HLT=0
ES =0010 00000000 ffffffff 00cf9300 DPL=0 DS   [-WA]
CS =0008 00000000 ffffffff 00cf9a00 DPL=0 CS32 [-R-]
SS =0010 00000000 ffffffff 00cf9300 DPL=0 DS   [-WA]
DS =0010 00000000 ffffffff 00cf9300 DPL=0 DS   [-WA]
FS =0010 00000000 ffffffff 00cf9300 DPL=0 DS   [-WA]
GS =0010 00000000 ffffffff 00cf9300 DPL=0 DS   [-WA]
LDT=0000 00000000 0000ffff 00008200 DPL=0 LDT
TR =0000 00000000 0000ffff 00008b00 DPL=0 TSS32-busy
GDT=     00115148 00000017
IDT=     0011c1e0 000007ff
CR0=80000011 CR2=00000000 CR3=00133000 CR4=00000000
DR0=00000000 DR1=00000000 DR2=00000000 DR3=00000000 
DR6=ffff0ff0 DR7=00000400
CCS=00000090 CCD=bffeff24 CCO=EFLAGS
EFER=0000000000000000
   212: v=80 e=0000 i=1 cpl=0 IP=0008:400030ae pc=400030ae SP=0010:bffeff50 env->regs[R_EAX]=00000007
EAX=00000007 EBX=50030000 ECX=50032000 EDX=500000f4
ESI=40005461 EDI=00000008 EBP=bffeffac ESP=bffeff50
EIP=400030ae EFL=00000292 [--S-A--] CPL=0 II=0 A20=1 SMM=0 HLT=0
ES =0010 00000000 ffffffff 00cf9300 DPL=0 DS   [-WA]
CS =0008 00000000 ffffffff 00cf9a00 DPL=0 CS32 [-R-]
SS =0010 00000000 ffffffff 00cf9300 DPL=0 DS   [-WA]
DS =0010 00000000 ffffffff 00cf9300 DPL=0 DS   [-WA]
FS =0010 00000000 ffffffff 00cf9300 DPL=0 DS   [-WA]
GS =0010 00000000 ffffffff 00cf9300 DPL=0 DS   [-WA]
LDT=0000 00000000 0000ffff 00008200 DPL=0 LDT
TR =0000 00000000 0000ffff 00008b00 DPL=0 TSS32-busy
GDT=     00115148 00000017
IDT=     0011c1e0 000007ff
CR0=80000011 CR2=00000000 CR3=00133000 CR4=00000000
DR0=00000000 DR1=00000000 DR2=00000000 DR3=00000000 
DR6=ffff0ff0 DR7=00000400
CCS=0000000c CCD=bffeff58 CCO=SUBL
EFER=0000000000000000
   213: v=80 e=0000 i=1 cpl=0 IP=0008:400030ba pc=400030ba SP=0010:bffeff50 env->regs[R_EAX]=00000008
EAX=00000008 EBX=50030000 ECX=50033000 EDX=00104faf
ESI=40005461 EDI=50033000 EBP=bffeffac ESP=bffeff50
EIP=400030ba EFL=00000292 [--S-A--] CPL=0 II=0 A20=1 SMM=0 HLT=0
ES =0010 00000000 ffffffff 00cf9300 DPL=0 DS   [-WA]
CS =0008 00000000 ffffffff 00cf9a00 DPL=0 CS32 [-R-]
SS =0010 00000000 ffffffff 00cf9300 DPL=0 DS   [-WA]
DS =0010 00000000 ffffffff 00cf9300 DPL=0 DS   [-WA]
FS =0010 00000000 ffffffff 00cf9300 DPL=0 DS   [-WA]
GS =0010 00000000 ffffffff 00cf9300 DPL=0 DS   [-WA]
LDT=0000 00000000 0000ffff 00008200 DPL=0 LDT
TR =0000 00000000 0000ffff 00008b00 DPL=0 TSS32-busy
GDT=     00115148 00000017
IDT=     0011c1e0 000007ff
CR0=80000011 CR2=00000000 CR3=00133000 CR4=00000000
DR0=00000000 DR1=00000000 DR2=00000000 DR3=00000000 
DR6=ffff0ff0 DR7=00000400
CCS=0000000c CCD=bffeff58 CCO=SUBL
EFER=0000000000000000
   214: v=80 e=0000 i=1 cpl=0 IP=0008:400030ae pc=400030ae SP=0010:bffeff50 env->regs[R_EAX]=00000007
EAX=00000007 EBX=50030000 ECX=50033000 EDX=500000fc
ESI=40005461 EDI=0000000f EBP=bffeffac ESP=bffeff50
EIP=400030ae EFL=00000292 [--S-A--] CPL=0 II=0 A20=1 SMM=0 HLT=0
ES =0010 00000000 ffffffff 00cf9300 DPL=0 DS   [-WA]
CS =0008 00000000 ffffffff 00cf9a00 DPL=0 CS32 [-R-]
SS =0010 00000000 ffffffff 00cf9300 DPL=0 DS   [-WA]
DS =0010 00000000 ffffffff 00cf9300 DPL=0 DS   [-WA]
FS =0010 00000000 ffffffff 00cf9300 DPL=0 DS   [-WA]
GS =0010 00000000 ffffffff 00cf9300 DPL=0 DS   [-WA]
LDT=0000 00000000 0000ffff 00008200 DPL=0 LDT
TR =0000 00000000 0000ffff 00008b00 DPL=0 TSS32-busy
GDT=     00115148 00000017
IDT=     0011c1e0 000007ff
CR0=80000011 CR2=00000000 CR3=00133000 CR4=00000000
DR0=00000000 DR1=00000000 DR2=00000000 DR3=00000000 
DR6=ffff0ff0 DR7=00000400
CCS=0000000c CCD=bffeff58 CCO=SUBL
EFER=0000000000000000
   215: v=80 e=0000 i=1 cpl=0 IP=0008:400030ae pc=400030ae SP=0010:bffeff50 env->regs[R_EAX]=00000007
EAX=00000007 EBX=50030000 ECX=50034000 EDX=50034000
ESI=40005461 EDI=00000080 EBP=bffeffac ESP=bffeff50
EIP=400030ae EFL=00000292 [--S-A--] CPL=0 II=0 A20=1 SMM=0 HLT=0
ES =0010 00000000 ffffffff 00cf9300 DPL=0 DS   [-WA]
CS =0008 00000000 ffffffff 00cf9a00 DPL=0 CS32 [-R-]
SS =0010 00000000 ffffffff 00cf9300 DPL=0 DS   [-WA]
DS =0010 00000000 ffffffff 00cf9300 DPL=0 DS   [-WA]
FS =0010 00000000 ffffffff 00cf9300 DPL=0 DS   [-WA]
GS =0010 00000000 ffffffff 00cf9300 DPL=0 DS   [-WA]
LDT=0000 00000000 0000ffff 00008200 DPL=0 LDT
TR =0000 00000000 0000ffff 00008b00 DPL=0 TSS32-busy
GDT=     00115148 00000017
IDT=     0011c1e0 000007ff
CR0=80000011 CR2=00000000 CR3=00133000 CR4=00000000
DR0=00000000 DR1=00000000 DR2=00000000 DR3=00000000 
DR6=ffff0ff0 DR7=00000400
CCS=0000000c CCD=bffeff58 CCO=SUBL
EFER=0000000000000000
   216: v=80 e=0000 i=1 cpl=0 IP=0008:400030ae pc=400030ae SP=0010:bffeff50 env->regs[R_EAX]=00000007
EAX=00000007 EBX=50030000 ECX=50034000 EDX=5000010e
ESI=40005461 EDI=00000008 EBP=bffeffac ESP=bffeff50
EIP=400030ae EFL=00000292 [--S-A--] CPL=0 II=0 A20=1 SMM=0 HLT=0
ES =0010 00000000 ffffffff 00cf9300 DPL=0 DS   [-WA]
CS =0008 00000000 ffffffff 00cf9a00 DPL=0 CS32 [-R-]
SS =0010 00000000 ffffffff 00cf9300 DPL=0 DS   [-WA]
DS =0010 00000000 ffffffff 00cf9300 DPL=0 DS   [-WA]
FS =0010 00000000 ffffffff 00cf9300 DPL=0 DS   [-WA]
GS =0010 00000000 ffffffff 00cf9300 DPL=0 DS   [-WA]
LDT=0000 00000000 0000ffff 00008200 DPL=0 LDT
TR =0000 00000000 0000ffff 00008b00 DPL=0 TSS32-busy
GDT=     00115148 00000017
IDT=     0011c1e0 000007ff
CR0=80000011 CR2=00000000 CR3=00133000 CR4=00000000
DR0=00000000 DR1=00000000 DR2=00000000 DR3=00000000 
DR6=ffff0ff0 DR7=00000400
CCS=0000000c CCD=bffeff58 CCO=SUBL
EFER=0000000000000000
   217: v=80 e=0000 i=1 cpl=0 IP=0008:400030ba pc=400030ba SP=0010:bffeff50 env->regs[R_EAX]=00000008
EAX=00000008 EBX=50030000 ECX=50036000 EDX=00104fc0
ESI=40005461 EDI=50036000 EBP=bffeffac ESP=bffeff50
EIP=400030ba EFL=00000292 [--S-A--] CPL=0 II=0 A20=1 SMM=0 HLT=0
ES =0010 00000000 ffffffff 00cf9300 DPL=0 DS   [-WA]
CS =0008 00000000 ffffffff 00cf9a00 DPL=0 CS32 [-R-]
SS =0010 00000000 ffffffff 00cf9300 DPL=0 DS   [-WA]
DS =0010 00000000 ffffffff 00cf9300 DPL=0 DS   [-WA]
FS =0010 00000000 ffffffff 00cf9300 DPL=0 DS   [-WA]
GS =0010 00000000 ffffffff 00cf9300 DPL=0 DS   [-WA]
LDT=0000 00000000 0000ffff 00008200 DPL=0 LDT
TR =0000 00000000 0000ffff 00008b00 DPL=0 TSS32-busy
GDT=     00115148 00000017
IDT=     0011c1e0 000007ff
CR0=80000011 CR2=00000000 CR3=00133000 CR4=00000000
DR0=00000000 DR1=00000000 DR2=00000000 DR3=00000000 
DR6=ffff0ff0 DR7=00000400
CCS=0000000c CCD=bffeff58 CCO=SUBL
EFER=0000000000000000
   218: v=80 e=0000 i=1 cpl=0 IP=0008:400030ae pc=400030ae SP=0010:bffeff50 env->regs[R_EAX]=00000007
EAX=00000007 EBX=50030000 ECX=50036000 EDX=50000116
ESI=40005461 EDI=0000000f EBP=bffeffac ESP=bffeff50
EIP=400030ae EFL=00000292 [--S-A--] CPL=0 II=0 A20=1 SMM=0 HLT=0
ES =0010 00000000 ffffffff 00cf9300 DPL=0 DS   [-WA]
CS =0008 00000000 ffffffff 00cf9a00 DPL=0 CS32 [-R-]
SS =0010 00000000 ffffffff 00cf9300 DPL=0 DS   [-WA]
DS =0010 00000000 ffffffff 00cf9300 DPL=0 DS   [-WA]
FS =0010 00000000 ffffffff 00cf9300 DPL=0 DS   [-WA]
GS =0010 00000000 ffffffff 00cf9300 DPL=0 DS   [-WA]
LDT=0000 00000000 0000ffff 00008200 DPL=0 LDT
TR =0000 00000000 0000ffff 00008b00 DPL=0 TSS32-busy
GDT=     00115148 00000017
IDT=     0011c1e0 000007ff
CR0=80000011 CR2=00000000 CR3=00133000 CR4=00000000
DR0=00000000 DR1=00000000 DR2=00000000 DR3=00000000 
DR6=ffff0ff0 DR7=00000400
CCS=0000000c CCD=bffeff58 CCO=SUBL
EFER=0000000000000000
   219: v=80 e=0000 i=1 cpl=0 IP=0008:400030ae pc=400030ae SP=0010:bffeff50 env->regs[R_EAX]=00000007
EAX=00000007 EBX=50030000 ECX=50037000 EDX=50037000
ESI=40005461 EDI=00000080 EBP=bffeffac ESP=bffeff50
EIP=400030ae EFL=00000292 [--S-A--] CPL=0 II=0 A20=1 SMM=0 HLT=0
ES =0010 00000000 ffffffff 00cf9300 DPL=0 DS   [-WA]
CS =0008 00000000 ffffffff 00cf9a00 DPL=0 CS32 [-R-]
SS =0010 00000000 ffffffff 00cf9300 DPL=0 DS   [-WA]
DS =0010 00000000 ffffffff 00cf9300 DPL=0 DS   [-WA]
FS =0010 00000000 ffffffff 00cf9300 DPL=0 DS   [-WA]
GS =0010 00000000 ffffffff 00cf9300 DPL=0 DS   [-WA]
LDT=0000 00000000 0000ffff 00008200 DPL=0 LDT
TR =0000 00000000 0000ffff 00008b00 DPL=0 TSS32-busy
GDT=     00115148 00000017
IDT=     0011c1e0 000007ff
CR0=80000011 CR2=00000000 CR3=00133000 CR4=00000000
DR0=00000000 DR1=00000000 DR2=00000000 DR3=00000000 
DR6=ffff0ff0 DR7=00000400
CCS=0000000c CCD=bffeff58 CCO=SUBL
EFER=0000000000000000
Servicing hardware INT=0x20
   220: v=20 e=0000 i=0 cpl=0 IP=0008:400030b0 pc=400030b0 SP=0010:bffeff50 env->regs[R_EAX]=50038000
EAX=50038000 EBX=50030000 ECX=50037000 EDX=50037000
ESI=40005461 EDI=00000080 EBP=bffeffac ESP=bffeff50
EIP=400030b0 EFL=00000292 [--S-A--] CPL=0 II=0 A20=1 SMM=0 HLT=0
ES =0010 00000000 ffffffff 00cf9300 DPL=0 DS   [-WA]
CS =0008 00000000 ffffffff 00cf9a00 DPL=0 CS32 [-R-]
SS =0010 00000000 ffffffff 00cf9300 DPL=0 DS   [-WA]
DS =0010 00000000 ffffffff 00cf9300 DPL=0 DS   [-WA]
FS =0010 00000000 ffffffff 00cf9300 DPL=0 DS   [-WA]
GS =0010 00000000 ffffffff 00cf9300 DPL=0 DS   [-WA]
LDT=0000 00000000 0000ffff 00008200 DPL=0 LDT
TR =0000 00000000 0000ffff 00008b00 DPL=0 TSS32-busy
GDT=     00115148 00000017
IDT=     0011c1e0 000007ff
CR0=80000011 CR2=00000000 CR3=00133000 CR4=00000000
DR0=00000000 DR1=00000000 DR2=00000000 DR3=00000000 
DR6=ffff0ff0 DR7=00000400
CCS=00000090 CCD=bffeff24 CCO=EFLAGS
EFER=0000000000000000
   221: v=80 e=0000 i=1 cpl=0 IP=0008:400030ae pc=400030ae SP=0010:bffeff50 env->regs[R_EAX]=00000007
EAX=00000007 EBX=50038000 ECX=00000001 EDX=50010080
ESI=40005461 EDI=00000004 EBP=bffeffac ESP=bffeff50
EIP=400030ae EFL=00000292 [--S-A--] CPL=0 II=0 A20=1 SMM=0 HLT=0
ES =0010 00000000 ffffffff 00cf9300 DPL=0 DS   [-WA]
CS =0008 00000000 ffffffff 00cf9a00 DPL=0 CS32 [-R-]
SS =0010 00000000 ffffffff 00cf9300 DPL=0 DS   [-WA]
DS =0010 00000000 ffffffff 00cf9300 DPL=0 DS   [-WA]
FS =0010 00000000 ffffffff 00cf9300 DPL=0 DS   [-WA]
GS =0010 00000000 ffffffff 00cf9300 DPL=0 DS   [-WA]
LDT=0000 00000000 0000ffff 00008200 DPL=0 LDT
TR =0000 00000000 0000ffff 00008b00 DPL=0 TSS32-busy
GDT=     00115148 00000017
IDT=     0011c1e0 000007ff
CR0=80000011 CR2=00000000 CR3=00133000 CR4=00000000
DR0=00000000 DR1=00000000 DR2=00000000 DR3=00000000 
DR6=ffff0ff0 DR7=00000400
CCS=0000000c CCD=bffeff58 CCO=SUBL
EFER=0000000000000000
   222: v=80 e=0000 i=1 cpl=0 IP=0008:400030ae pc=400030ae SP=0010:bffeff50 env->regs[R_EAX]=00000007
EAX=00000007 EBX=50038000 ECX=50039000 EDX=50000129
ESI=40005461 EDI=00000005 EBP=bffeffac ESP=bffeff50
EIP=400030ae EFL=00000292 [--S-A--] CPL=0 II=0 A20=1 SMM=0 HLT=0
ES =0010 00000000 ffffffff 00cf9300 DPL=0 DS   [-WA]
CS =0008 00000000 ffffffff 00cf9a00 DPL=0 CS32 [-R-]
SS =0010 00000000 ffffffff 00cf9300 DPL=0 DS   [-WA]
DS =0010 00000000 ffffffff 00cf9300 DPL=0 DS   [-WA]
FS =0010 00000000 ffffffff 00cf9300 DPL=0 DS   [-WA]
GS =0010 00000000 ffffffff 00cf9300 DPL=0 DS   [-WA]
LDT=0000 00000000 0000ffff 00008200 DPL=0 LDT
TR =0000 00000000 0000ffff 00008b00 DPL=0 TSS32-busy
GDT=     00115148 00000017
IDT=     0011c1e0 000007ff
CR0=80000011 CR2=00000000 CR3=00133000 CR4=00000000
DR0=00000000 DR1=00000000 DR2=00000000 DR3=00000000 
DR6=ffff0ff0 DR7=00000400
CCS=0000000c CCD=bffeff58 CCO=SUBL
EFER=0000000000000000
   223: v=80 e=0000 i=1 cpl=0 IP=0008:400030ae pc=400030ae SP=0010:bffeff50 env->regs[R_EAX]=00000007
EAX=00000007 EBX=50038000 ECX=5003a000 EDX=50000130
ESI=40005461 EDI=00000008 EBP=bffeffac ESP=bffeff50
EIP=400030ae EFL=00000292 [--S-A--] CPL=0 II=0 A20=1 SMM=0 HLT=0
ES =0010 00000000 ffffffff 00cf9300 DPL=0 DS   [-WA]
CS =0008 00000000 ffffffff 00cf9a00 DPL=0 CS32 [-R-]
SS =0010 00000000 ffffffff 00cf9300 DPL=0 DS   [-WA]
DS =0010 00000000 ffffffff 00cf9300 DPL=0 DS   [-WA]
FS =0010 00000000 ffffffff 00cf9300 DPL=0 DS   [-WA]
GS =0010 00000000 ffffffff 00cf9300 DPL=0 DS   [-WA]
LDT=0000 00000000 0000ffff 00008200 DPL=0 LDT
TR =0000 00000000 0000ffff 00008b00 DPL=0 TSS32-busy
GDT=     00115148 00000017
IDT=     0011c1e0 000007ff
CR0=80000011 CR2=00000000 CR3=00133000 CR4=00000000
DR0=00000000 DR1=00000000 DR2=00000000 DR3=00000000 
DR6=ffff0ff0 DR7=00000400
CCS=0000000c CCD=bffeff58 CCO=SUBL
EFER=0000000000000000
   224: v=80 e=0000 i=1 cpl=0 IP=0008:400030ba pc=400030ba SP=0010:bffeff50 env->regs[R_EAX]=00000008
EAX=00000008 EBX=50038000 ECX=5003b000 EDX=00104fc6
ESI=40005461 EDI=5003b000 EBP=bffeffac ESP=bffeff50
EIP=400030ba EFL=00000292 [--S-A--] CPL=0 II=0 A20=1 SMM=0 HLT=0
ES =0010 00000000 ffffffff 00cf9300 DPL=0 DS   [-WA]
CS =0008 00000000 ffffffff 00cf9a00 DPL=0 CS32 [-R-]
SS =0010 00000000 ffffffff 00cf9300 DPL=0 DS   [-WA]
DS =0010 00000000 ffffffff 00cf9300 DPL=0 DS   [-WA]
FS =0010 00000000 ffffffff 00cf9300 DPL=0 DS   [-WA]
GS =0010 00000000 ffffffff 00cf9300 DPL=0 DS   [-WA]
LDT=0000 00000000 0000ffff 00008200 DPL=0 LDT
TR =0000 00000000 0000ffff 00008b00 DPL=0 TSS32-busy
GDT=     00115148 00000017
IDT=     0011c1e0 000007ff
CR0=80000011 CR2=00000000 CR3=00133000 CR4=00000000
DR0=00000000 DR1=00000000 DR2=00000000 DR3=00000000 
DR6=ffff0ff0 DR7=00000400
CCS=0000000c CCD=bffeff58 CCO=SUBL
EFER=0000000000000000
   225: v=80 e=0000 i=1 cpl=0 IP=0008:400030ae pc=400030ae SP=0010:bffeff50 env->regs[R_EAX]=00000007
EAX=00000007 EBX=50038000 ECX=5003b000 EDX=50000138
ESI=40005461 EDI=00000007 EBP=bffeffac ESP=bffeff50
EIP=400030ae EFL=00000292 [--S-A--] CPL=0 II=0 A20=1 SMM=0 HLT=0
ES =0010 00000000 ffffffff 00cf9300 DPL=0 DS   [-WA]
CS =0008 00000000 ffffffff 00cf9a00 DPL=0 CS32 [-R-]
SS =0010 00000000 ffffffff 00cf9300 DPL=0 DS   [-WA]
DS =0010 00000000 ffffffff 00cf9300 DPL=0 DS   [-WA]
FS =0010 00000000 ffffffff 00cf9300 DPL=0 DS   [-WA]
GS =0010 00000000 ffffffff 00cf9300 DPL=0 DS   [-WA]
LDT=0000 00000000 0000ffff 00008200 DPL=0 LDT
TR =0000 00000000 0000ffff 00008b00 DPL=0 TSS32-busy
GDT=     00115148 00000017
IDT=     0011c1e0 000007ff
CR0=80000011 CR2=00000000 CR3=00133000 CR4=00000000
DR0=00000000 DR1=00000000 DR2=00000000 DR3=00000000 
DR6=ffff0ff0 DR7=00000400
CCS=0000000c CCD=bffeff58 CCO=SUBL
EFER=0000000000000000
   226: v=80 e=0000 i=1 cpl=0 IP=0008:400030ae pc=400030ae SP=0010:bffeff50 env->regs[R_EAX]=00000007
EAX=00000007 EBX=50038000 ECX=5003c000 EDX=5003c000
ESI=40005461 EDI=00000080 EBP=bffeffac ESP=bffeff50
EIP=400030ae EFL=00000292 [--S-A--] CPL=0 II=0 A20=1 SMM=0 HLT=0
ES =0010 00000000 ffffffff 00cf9300 DPL=0 DS   [-WA]
CS =0008 00000000 ffffffff 00cf9a00 DPL=0 CS32 [-R-]
SS =0010 00000000 ffffffff 00cf9300 DPL=0 DS   [-WA]
DS =0010 00000000 ffffffff 00cf9300 DPL=0 DS   [-WA]
FS =0010 00000000 ffffffff 00cf9300 DPL=0 DS   [-WA]
GS =0010 00000000 ffffffff 00cf9300 DPL=0 DS   [-WA]
LDT=0000 00000000 0000ffff 00008200 DPL=0 LDT
TR =0000 00000000 0000ffff 00008b00 DPL=0 TSS32-busy
GDT=     00115148 00000017
IDT=     0011c1e0 000007ff
CR0=80000011 CR2=00000000 CR3=00133000 CR4=00000000
DR0=00000000 DR1=00000000 DR2=00000000 DR3=00000000 
DR6=ffff0ff0 DR7=00000400
CCS=0000000c CCD=bffeff58 CCO=SUBL
EFER=0000000000000000
Servicing hardware INT=0x20
   227: v=20 e=0000 i=0 cpl=0 IP=0008:400030b0 pc=400030b0 SP=0010:bffeff50 env->regs[R_EAX]=5003d000
EAX=5003d000 EBX=50038000 ECX=5003c000 EDX=5003c000
ESI=40005461 EDI=00000080 EBP=bffeffac ESP=bffeff50
EIP=400030b0 EFL=00000292 [--S-A--] CPL=0 II=0 A20=1 SMM=0 HLT=0
ES =0010 00000000 ffffffff 00cf9300 DPL=0 DS   [-WA]
CS =0008 00000000 ffffffff 00cf9a00 DPL=0 CS32 [-R-]
SS =0010 00000000 ffffffff 00cf9300 DPL=0 DS   [-WA]
DS =0010 00000000 ffffffff 00cf9300 DPL=0 DS   [-WA]
FS =0010 00000000 ffffffff 00cf9300 DPL=0 DS   [-WA]
GS =0010 00000000 ffffffff 00cf9300 DPL=0 DS   [-WA]
LDT=0000 00000000 0000ffff 00008200 DPL=0 LDT
TR =0000 00000000 0000ffff 00008b00 DPL=0 TSS32-busy
GDT=     00115148 00000017
IDT=     0011c1e0 000007ff
CR0=80000011 CR2=00000000 CR3=00133000 CR4=00000000
DR0=00000000 DR1=00000000 DR2=00000000 DR3=00000000 
DR6=ffff0ff0 DR7=00000400
CCS=00000090 CCD=bffeff24 CCO=EFLAGS
EFER=0000000000000000
   228: v=80 e=0000 i=1 cpl=0 IP=0008:400030ae pc=400030ae SP=0010:bffeff50 env->regs[R_EAX]=00000007
EAX=00000007 EBX=50038000 ECX=5003c000 EDX=50000142
ESI=40005461 EDI=00000008 EBP=bffeffac ESP=bffeff50
EIP=400030ae EFL=00000292 [--S-A--] CPL=0 II=0 A20=1 SMM=0 HLT=0
ES =0010 00000000 ffffffff 00cf9300 DPL=0 DS   [-WA]
CS =0008 00000000 ffffffff 00cf9a00 DPL=0 CS32 [-R-]
SS =0010 00000000 ffffffff 00cf9300 DPL=0 DS   [-WA]
DS =0010 00000000 ffffffff 00cf9300 DPL=0 DS   [-WA]
FS =0010 00000000 ffffffff 00cf9300 DPL=0 DS   [-WA]
GS =0010 00000000 ffffffff 00cf9300 DPL=0 DS   [-WA]
LDT=0000 00000000 0000ffff 00008200 DPL=0 LDT
TR =0000 00000000 0000ffff 00008b00 DPL=0 TSS32-busy
GDT=     00115148 00000017
IDT=     0011c1e0 000007ff
CR0=80000011 CR2=00000000 CR3=00133000 CR4=00000000
DR0=00000000 DR1=00000000 DR2=00000000 DR3=00000000 
DR6=ffff0ff0 DR7=00000400
CCS=0000000c CCD=bffeff58 CCO=SUBL
EFER=0000000000000000
   229: v=80 e=0000 i=1 cpl=0 IP=0008:400030ba pc=400030ba SP=0010:bffeff50 env->regs[R_EAX]=00000008
EAX=00000008 EBX=50038000 ECX=5003e000 EDX=00104fd5
ESI=40005461 EDI=5003e000 EBP=bffeffac ESP=bffeff50
EIP=400030ba EFL=00000292 [--S-A--] CPL=0 II=0 A20=1 SMM=0 HLT=0
ES =0010 00000000 ffffffff 00cf9300 DPL=0 DS   [-WA]
CS =0008 00000000 ffffffff 00cf9a00 DPL=0 CS32 [-R-]
SS =0010 00000000 ffffffff 00cf9300 DPL=0 DS   [-WA]
DS =0010 00000000 ffffffff 00cf9300 DPL=0 DS   [-WA]
FS =0010 00000000 ffffffff 00cf9300 DPL=0 DS   [-WA]
GS =0010 00000000 ffffffff 00cf9300 DPL=0 DS   [-WA]
LDT=0000 00000000 0000ffff 00008200 DPL=0 LDT
TR =0000 00000000 0000ffff 00008b00 DPL=0 TSS32-busy
GDT=     00115148 00000017
IDT=     0011c1e0 000007ff
CR0=80000011 CR2=00000000 CR3=00133000 CR4=00000000
DR0=00000000 DR1=00000000 DR2=00000000 DR3=00000000 
DR6=ffff0ff0 DR7=00000400
CCS=0000000c CCD=bffeff58 CCO=SUBL
EFER=0000000000000000
   230: v=80 e=0000 i=1 cpl=0 IP=0008:4000307a pc=4000307a SP=0010:bffeff50 env->regs[R_EAX]=00000003
EAX=00000003 EBX=50038000 ECX=5003e000 EDX=00104fd5
ESI=40005461 EDI=0000000c EBP=bffeffac ESP=bffeff50
EIP=4000307a EFL=00000292 [--S-A--] CPL=0 II=0 A20=1 SMM=0 HLT=0
ES =0010 00000000 ffffffff 00cf9300 DPL=0 DS   [-WA]
CS =0008 00000000 ffffffff 00cf9a00 DPL=0 CS32 [-R-]
SS =0010 00000000 ffffffff 00cf9300 DPL=0 DS   [-WA]
DS =0010 00000000 ffffffff 00cf9300 DPL=0 DS   [-WA]
FS =0010 00000000 ffffffff 00cf9300 DPL=0 DS   [-WA]
GS =0010 00000000 ffffffff 00cf9300 DPL=0 DS   [-WA]
LDT=0000 00000000 0000ffff 00008200 DPL=0 LDT
TR =0000 00000000 0000ffff 00008b00 DPL=0 TSS32-busy
GDT=     00115148 00000017
IDT=     0011c1e0 000007ff
CR0=80000011 CR2=00000000 CR3=00133000 CR4=00000000
DR0=00000000 DR1=00000000 DR2=00000000 DR3=00000000 
DR6=ffff0ff0 DR7=00000400
CCS=0000000c CCD=bffeff58 CCO=SUBL
EFER=0000000000000000
   231: v=80 e=0000 i=1 cpl=0 IP=0008:400030ba pc=400030ba SP=0010:bffeff50 env->regs[R_EAX]=00000008
EAX=00000008 EBX=50038000 ECX=5003e000 EDX=00104fd5
ESI=40005461 EDI=5000014a EBP=bffeffac ESP=bffeff50
EIP=400030ba EFL=00000292 [--S-A--] CPL=0 II=0 A20=1 SMM=0 HLT=0
ES =0010 00000000 ffffffff 00cf9300 DPL=0 DS   [-WA]
CS =0008 00000000 ffffffff 00cf9a00 DPL=0 CS32 [-R-]
SS =0010 00000000 ffffffff 00cf9300 DPL=0 DS   [-WA]
DS =0010 00000000 ffffffff 00cf9300 DPL=0 DS   [-WA]
FS =0010 00000000 ffffffff 00cf9300 DPL=0 DS   [-WA]
GS =0010 00000000 ffffffff 00cf9300 DPL=0 DS   [-WA]
LDT=0000 00000000 0000ffff 00008200 DPL=0 LDT
TR =0000 00000000 0000ffff 00008b00 DPL=0 TSS32-busy
GDT=     00115148 00000017
IDT=     0011c1e0 000007ff
CR0=80000011 CR2=00000000 CR3=00133000 CR4=00000000
DR0=00000000 DR1=00000000 DR2=00000000 DR3=00000000 
DR6=ffff0ff0 DR7=00000400
CCS=0000000c CCD=bffeff58 CCO=SUBL
EFER=0000000000000000
   232: v=80 e=0000 i=1 cpl=0 IP=0008:4000305a pc=4000305a SP=0010:bffeff30 env->regs[R_EAX]=00000001
EAX=00000001 EBX=50038000 ECX=5003e000 EDX=00000014
ESI=4000547f EDI=0000000b EBP=bffeff4c ESP=bffeff30
EIP=4000305a EFL=00000282 [--S----] CPL=0 II=0 A20=1 SMM=0 HLT=0
ES =0010 00000000 ffffffff 00cf9300 DPL=0 DS   [-WA]
CS =0008 00000000 ffffffff 00cf9a00 DPL=0 CS32 [-R-]
SS =0010 00000000 ffffffff 00cf9300 DPL=0 DS   [-WA]
DS =0010 00000000 ffffffff 00cf9300 DPL=0 DS   [-WA]
FS =0010 00000000 ffffffff 00cf9300 DPL=0 DS   [-WA]
GS =0010 00000000 ffffffff 00cf9300 DPL=0 DS   [-WA]
LDT=0000 00000000 0000ffff 00008200 DPL=0 LDT
TR =0000 00000000 0000ffff 00008b00 DPL=0 TSS32-busy
GDT=     00115148 00000017
IDT=     0011c1e0 000007ff
CR0=80000011 CR2=00000000 CR3=00133000 CR4=00000000
DR0=00000000 DR1=00000000 DR2=00000000 DR3=00000000 
DR6=ffff0ff0 DR7=00000400
CCS=00000080 CCD=bffeff40 CCO=EFLAGS
EFER=0000000000000000
   233: v=80 e=0000 i=1 cpl=0 IP=0008:40003046 pc=40003046 SP=0010:bffeffb0 env->regs[R_EAX]=00000000
EAX=00000000 EBX=00000000 ECX=001422b5 EDX=00000002
ESI=4000547f EDI=400053fe EBP=bffefffc ESP=bffeffb0
EIP=40003046 EFL=00000246 [---Z-P-] CPL=0 II=0 A20=1 SMM=0 HLT=0
ES =0010 00000000 ffffffff 00cf9300 DPL=0 DS   [-WA]
CS =0008 00000000 ffffffff 00cf9a00 DPL=0 CS32 [-R-]
SS =0010 00000000 ffffffff 00cf9300 DPL=0 DS   [-WA]
DS =0010 00000000 ffffffff 00cf9300 DPL=0 DS   [-WA]
FS =0010 00000000 ffffffff 00cf9300 DPL=0 DS   [-WA]
GS =0010 00000000 ffffffff 00cf9300 DPL=0 DS   [-WA]
LDT=0000 00000000 0000ffff 00008200 DPL=0 LDT
TR =0000 00000000 0000ffff 00008b00 DPL=0 TSS32-busy
GDT=     00115148 00000017
IDT=     0011c1e0 000007ff
CR0=80000011 CR2=00000000 CR3=00133000 CR4=00000000
DR0=00000000 DR1=00000000 DR2=00000000 DR3=00000000 
DR6=ffff0ff0 DR7=00000400
CCS=00000044 CCD=bffeffb8 CCO=EFLAGS
EFER=0000000000000000
Servicing hardware INT=0x20
   234: v=20 e=0000 i=0 cpl=0 IP=0008:40003048 pc=40003048 SP=0010:bffeffb0 env->regs[R_EAX]=0000000d
EAX=0000000d EBX=00000000 ECX=001422b5 EDX=00000002
ESI=4000547f EDI=400053fe EBP=bffefffc ESP=bffeffb0
EIP=40003048 EFL=00000246 [---Z-P-] CPL=0 II=0 A20=1 SMM=0 HLT=0
ES =0010 00000000 ffffffff 00cf9300 DPL=0 DS   [-WA]
CS =0008 00000000 ffffffff 00cf9a00 DPL=0 CS32 [-R-]
SS =0010 00000000 ffffffff 00cf9300 DPL=0 DS   [-WA]
DS =0010 00000000 ffffffff 00cf9300 DPL=0 DS   [-WA]
FS =0010 00000000 ffffffff 00cf9300 DPL=0 DS   [-WA]
GS =0010 00000000 ffffffff 00cf9300 DPL=0 DS   [-WA]
LDT=0000 00000000 0000ffff 00008200 DPL=0 LDT
TR =0000 00000000 0000ffff 00008b00 DPL=0 TSS32-busy
GDT=     00115148 00000017
IDT=     0011c1e0 000007ff
CR0=80000011 CR2=00000000 CR3=00133000 CR4=00000000
DR0=00000000 DR1=00000000 DR2=00000000 DR3=00000000 
DR6=ffff0ff0 DR7=00000400
CCS=00000044 CCD=bffeff84 CCO=EFLAGS
EFER=0000000000000000
   235: v=80 e=0000 i=1 cpl=0 IP=0008:400030ae pc=400030ae SP=0010:bffeffb0 env->regs[R_EAX]=00000007
EAX=00000007 EBX=00000000 ECX=001422b5 EDX=00000002
ESI=4000547f EDI=000003e8 EBP=bffefffc ESP=bffeffb0
EIP=400030ae EFL=00000296 [--S-AP-] CPL=0 II=0 A20=1 SMM=0 HLT=0
ES =0010 00000000 ffffffff 00cf9300 DPL=0 DS   [-WA]
CS =0008 00000000 ffffffff 00cf9a00 DPL=0 CS32 [-R-]
SS =0010 00000000 ffffffff 00cf9300 DPL=0 DS   [-WA]
DS =0010 00000000 ffffffff 00cf9300 DPL=0 DS   [-WA]
FS =0010 00000000 ffffffff 00cf9300 DPL=0 DS   [-WA]
GS =0010 00000000 ffffffff 00cf9300 DPL=0 DS   [-WA]
LDT=0000 00000000 0000ffff 00008200 DPL=0 LDT
TR =0000 00000000 0000ffff 00008b00 DPL=0 TSS32-busy
GDT=     00115148 00000017
IDT=     0011c1e0 000007ff
CR0=80000011 CR2=00000000 CR3=00133000 CR4=00000000
DR0=00000000 DR1=00000000 DR2=00000000 DR3=00000000 
DR6=ffff0ff0 DR7=00000400
CCS=0000000c CCD=bffeffb8 CCO=SUBL
EFER=0000000000000000
   236: v=80 e=0000 i=1 cpl=0 IP=0008:4000306e pc=4000306e SP=0010:bffeffb0 env->regs[R_EAX]=00000002
EAX=00000002 EBX=00000000 ECX=001422b5 EDX=000003e8
ESI=5003f000 EDI=0000000d EBP=bffefffc ESP=bffeffb0
EIP=4000306e EFL=00000286 [--S--P-] CPL=0 II=0 A20=1 SMM=0 HLT=0
ES =0010 00000000 ffffffff 00cf9300 DPL=0 DS   [-WA]
CS =0008 00000000 ffffffff 00cf9a00 DPL=0 CS32 [-R-]
SS =0010 00000000 ffffffff 00cf9300 DPL=0 DS   [-WA]
DS =0010 00000000 ffffffff 00cf9300 DPL=0 DS   [-WA]
FS =0010 00000000 ffffffff 00cf9300 DPL=0 DS   [-WA]
GS =0010 00000000 ffffffff 00cf9300 DPL=0 DS   [-WA]
LDT=0000 00000000 0000ffff 00008200 DPL=0 LDT
TR =0000 00000000 0000ffff 00008b00 DPL=0 TSS32-busy
GDT=     00115148 00000017
IDT=     0011c1e0 000007ff
CR0=80000011 CR2=00000000 CR3=00133000 CR4=00000000
DR0=00000000 DR1=00000000 DR2=00000000 DR3=00000000 
DR6=ffff0ff0 DR7=00000400
CCS=00000004 CCD=bffeffc0 CCO=SUBL
EFER=0000000000000000
   237: v=80 e=0000 i=1 cpl=0 IP=0008:400030ae pc=400030ae SP=0010:bffeff20 env->regs[R_EAX]=00000007
EAX=00000007 EBX=00000000 ECX=001422b5 EDX=0000000c
ESI=5003f000 EDI=0000003c EBP=bffeff3c ESP=bffeff20
EIP=400030ae EFL=00000296 [--S-AP-] CPL=0 II=0 A20=1 SMM=0 HLT=0
ES =0010 00000000 ffffffff 00cf9300 DPL=0 DS   [-WA]
CS =0008 00000000 ffffffff 00cf9a00 DPL=0 CS32 [-R-]
SS =0010 00000000 ffffffff 00cf9300 DPL=0 DS   [-WA]
DS =0010 00000000 ffffffff 00cf9300 DPL=0 DS   [-WA]
FS =0010 00000000 ffffffff 00cf9300 DPL=0 DS   [-WA]
GS =0010 00000000 ffffffff 00cf9300 DPL=0 DS   [-WA]
LDT=0000 00000000 0000ffff 00008200 DPL=0 LDT
TR =0000 00000000 0000ffff 00008b00 DPL=0 TSS32-busy
GDT=     00115148 00000017
IDT=     0011c1e0 000007ff
CR0=80000011 CR2=00000000 CR3=00133000 CR4=00000000
DR0=00000000 DR1=00000000 DR2=00000000 DR3=00000000 
DR6=ffff0ff0 DR7=00000400
CCS=0000000c CCD=bffeff28 CCO=SUBL
EFER=0000000000000000
   238: v=80 e=0000 i=1 cpl=0 IP=0008:400030ae pc=400030ae SP=0010:bffefec0 env->regs[R_EAX]=00000007
EAX=00000007 EBX=00000000 ECX=001422b5 EDX=bffeff68
ESI=5003f000 EDI=0000000c EBP=bffeff3c ESP=bffefec0
EIP=400030ae EFL=00000292 [--S-A--] CPL=0 II=0 A20=1 SMM=0 HLT=0
ES =0010 00000000 ffffffff 00cf9300 DPL=0 DS   [-WA]
CS =0008 00000000 ffffffff 00cf9a00 DPL=0 CS32 [-R-]
SS =0010 00000000 ffffffff 00cf9300 DPL=0 DS   [-WA]
DS =0010 00000000 ffffffff 00cf9300 DPL=0 DS   [-WA]
FS =0010 00000000 ffffffff 00cf9300 DPL=0 DS   [-WA]
GS =0010 00000000 ffffffff 00cf9300 DPL=0 DS   [-WA]
LDT=0000 00000000 0000ffff 00008200 DPL=0 LDT
TR =0000 00000000 0000ffff 00008b00 DPL=0 TSS32-busy
GDT=     00115148 00000017
IDT=     0011c1e0 000007ff
CR0=80000011 CR2=00000000 CR3=00133000 CR4=00000000
DR0=00000000 DR1=00000000 DR2=00000000 DR3=00000000 
DR6=ffff0ff0 DR7=00000400
CCS=0000000c CCD=bffefec8 CCO=SUBL
EFER=0000000000000000
Servicing hardware INT=0x20
   239: v=20 e=0000 i=0 cpl=0 IP=0008:400030b0 pc=400030b0 SP=0010:bffefec0 env->regs[R_EAX]=50041000
EAX=50041000 EBX=00000000 ECX=001422b5 EDX=bffeff68
ESI=5003f000 EDI=0000000c EBP=bffeff3c ESP=bffefec0
EIP=400030b0 EFL=00000292 [--S-A--] CPL=0 II=0 A20=1 SMM=0 HLT=0
ES =0010 00000000 ffffffff 00cf9300 DPL=0 DS   [-WA]
CS =0008 00000000 ffffffff 00cf9a00 DPL=0 CS32 [-R-]
SS =0010 00000000 ffffffff 00cf9300 DPL=0 DS   [-WA]
DS =0010 00000000 ffffffff 00cf9300 DPL=0 DS   [-WA]
FS =0010 00000000 ffffffff 00cf9300 DPL=0 DS   [-WA]
GS =0010 00000000 ffffffff 00cf9300 DPL=0 DS   [-WA]
LDT=0000 00000000 0000ffff 00008200 DPL=0 LDT
TR =0000 00000000 0000ffff 00008b00 DPL=0 TSS32-busy
GDT=     00115148 00000017
IDT=     0011c1e0 000007ff
CR0=80000011 CR2=00000000 CR3=00133000 CR4=00000000
DR0=00000000 DR1=00000000 DR2=00000000 DR3=00000000 
DR6=ffff0ff0 DR7=00000400
CCS=00000090 CCD=bffefe94 CCO=EFLAGS
EFER=0000000000000000
   240: v=80 e=0000 i=1 cpl=0 IP=0008:400030ae pc=400030ae SP=0010:bffefec0 env->regs[R_EAX]=00000007
EAX=00000007 EBX=50041000 ECX=50040000 EDX=5003f002
ESI=5003f000 EDI=0000000c EBP=bffeff3c ESP=bffefec0
EIP=400030ae EFL=00000292 [--S-A--] CPL=0 II=0 A20=1 SMM=0 HLT=0
ES =0010 00000000 ffffffff 00cf9300 DPL=0 DS   [-WA]
CS =0008 00000000 ffffffff 00cf9a00 DPL=0 CS32 [-R-]
SS =0010 00000000 ffffffff 00cf9300 DPL=0 DS   [-WA]
DS =0010 00000000 ffffffff 00cf9300 DPL=0 DS   [-WA]
FS =0010 00000000 ffffffff 00cf9300 DPL=0 DS   [-WA]
GS =0010 00000000 ffffffff 00cf9300 DPL=0 DS   [-WA]
LDT=0000 00000000 0000ffff 00008200 DPL=0 LDT
TR =0000 00000000 0000ffff 00008b00 DPL=0 TSS32-busy
GDT=     00115148 00000017
IDT=     0011c1e0 000007ff
CR0=80000011 CR2=00000000 CR3=00133000 CR4=00000000
DR0=00000000 DR1=00000000 DR2=00000000 DR3=00000000 
DR6=ffff0ff0 DR7=00000400
CCS=0000000c CCD=bffefec8 CCO=SUBL
EFER=0000000000000000
   241: v=80 e=0000 i=1 cpl=0 IP=0008:400030ae pc=400030ae SP=0010:bffefec0 env->regs[R_EAX]=00000007
EAX=00000007 EBX=50042000 ECX=5004000c EDX=00000002
ESI=5003f000 EDI=0000000c EBP=bffeff3c ESP=bffefec0
EIP=400030ae EFL=00000292 [--S-A--] CPL=0 II=0 A20=1 SMM=0 HLT=0
ES =0010 00000000 ffffffff 00cf9300 DPL=0 DS   [-WA]
CS =0008 00000000 ffffffff 00cf9a00 DPL=0 CS32 [-R-]
SS =0010 00000000 ffffffff 00cf9300 DPL=0 DS   [-WA]
DS =0010 00000000 ffffffff 00cf9300 DPL=0 DS   [-WA]
FS =0010 00000000 ffffffff 00cf9300 DPL=0 DS   [-WA]
GS =0010 00000000 ffffffff 00cf9300 DPL=0 DS   [-WA]
LDT=0000 00000000 0000ffff 00008200 DPL=0 LDT
TR =0000 00000000 0000ffff 00008b00 DPL=0 TSS32-busy
GDT=     00115148 00000017
IDT=     0011c1e0 000007ff
CR0=80000011 CR2=00000000 CR3=00133000 CR4=00000000
DR0=00000000 DR1=00000000 DR2=00000000 DR3=00000000 
DR6=ffff0ff0 DR7=00000400
CCS=0000000c CCD=bffefec8 CCO=SUBL
EFER=0000000000000000
   242: v=80 e=0000 i=1 cpl=0 IP=0008:400030ae pc=400030ae SP=0010:bffefec0 env->regs[R_EAX]=00000007
EAX=00000007 EBX=50043000 ECX=50040018 EDX=5003f00f
ESI=5003f000 EDI=0000000c EBP=bffeff3c ESP=bffefec0
EIP=400030ae EFL=00000292 [--S-A--] CPL=0 II=0 A20=1 SMM=0 HLT=0
ES =0010 00000000 ffffffff 00cf9300 DPL=0 DS   [-WA]
CS =0008 00000000 ffffffff 00cf9a00 DPL=0 CS32 [-R-]
SS =0010 00000000 ffffffff 00cf9300 DPL=0 DS   [-WA]
DS =0010 00000000 ffffffff 00cf9300 DPL=0 DS   [-WA]
FS =0010 00000000 ffffffff 00cf9300 DPL=0 DS   [-WA]
GS =0010 00000000 ffffffff 00cf9300 DPL=0 DS   [-WA]
LDT=0000 00000000 0000ffff 00008200 DPL=0 LDT
TR =0000 00000000 0000ffff 00008b00 DPL=0 TSS32-busy
GDT=     00115148 00000017
IDT=     0011c1e0 000007ff
CR0=80000011 CR2=00000000 CR3=00133000 CR4=00000000
DR0=00000000 DR1=00000000 DR2=00000000 DR3=00000000 
DR6=ffff0ff0 DR7=00000400
CCS=0000000c CCD=bffefec8 CCO=SUBL
EFER=0000000000000000
   243: v=80 e=0000 i=1 cpl=0 IP=0008:400030ae pc=400030ae SP=0010:bffefec0 env->regs[R_EAX]=00000007
EAX=00000007 EBX=50044000 ECX=50040024 EDX=00000004
ESI=5003f000 EDI=0000000c EBP=bffeff3c ESP=bffefec0
EIP=400030ae EFL=00000292 [--S-A--] CPL=0 II=0 A20=1 SMM=0 HLT=0
ES =0010 00000000 ffffffff 00cf9300 DPL=0 DS   [-WA]
CS =0008 00000000 ffffffff 00cf9a00 DPL=0 CS32 [-R-]
SS =0010 00000000 ffffffff 00cf9300 DPL=0 DS   [-WA]
DS =0010 00000000 ffffffff 00cf9300 DPL=0 DS   [-WA]
FS =0010 00000000 ffffffff 00cf9300 DPL=0 DS   [-WA]
GS =0010 00000000 ffffffff 00cf9300 DPL=0 DS   [-WA]
LDT=0000 00000000 0000ffff 00008200 DPL=0 LDT
TR =0000 00000000 0000ffff 00008b00 DPL=0 TSS32-busy
GDT=     00115148 00000017
IDT=     0011c1e0 000007ff
CR0=80000011 CR2=00000000 CR3=00133000 CR4=00000000
DR0=00000000 DR1=00000000 DR2=00000000 DR3=00000000 
DR6=ffff0ff0 DR7=00000400
CCS=0000000c CCD=bffefec8 CCO=SUBL
EFER=0000000000000000
Servicing hardware INT=0x20
   244: v=20 e=0000 i=0 cpl=0 IP=0008:400030b0 pc=400030b0 SP=0010:bffefec0 env->regs[R_EAX]=50045000
EAX=50045000 EBX=50044000 ECX=50040024 EDX=00000004
ESI=5003f000 EDI=0000000c EBP=bffeff3c ESP=bffefec0
EIP=400030b0 EFL=00000292 [--S-A--] CPL=0 II=0 A20=1 SMM=0 HLT=0
ES =0010 00000000 ffffffff 00cf9300 DPL=0 DS   [-WA]
CS =0008 00000000 ffffffff 00cf9a00 DPL=0 CS32 [-R-]
SS =0010 00000000 ffffffff 00cf9300 DPL=0 DS   [-WA]
DS =0010 00000000 ffffffff 00cf9300 DPL=0 DS   [-WA]
FS =0010 00000000 ffffffff 00cf9300 DPL=0 DS   [-WA]
GS =0010 00000000 ffffffff 00cf9300 DPL=0 DS   [-WA]
LDT=0000 00000000 0000ffff 00008200 DPL=0 LDT
TR =0000 00000000 0000ffff 00008b00 DPL=0 TSS32-busy
GDT=     00115148 00000017
IDT=     0011c1e0 000007ff
CR0=80000011 CR2=00000000 CR3=00133000 CR4=00000000
DR0=00000000 DR1=00000000 DR2=00000000 DR3=00000000 
DR6=ffff0ff0 DR7=00000400
CCS=00000090 CCD=bffefe94 CCO=EFLAGS
EFER=0000000000000000
   245: v=80 e=0000 i=1 cpl=0 IP=0008:400030ae pc=400030ae SP=0010:bffefec0 env->regs[R_EAX]=00000007
EAX=00000007 EBX=50045000 ECX=50040030 EDX=5003f012
ESI=5003f000 EDI=0000000c EBP=bffeff3c ESP=bffefec0
EIP=400030ae EFL=00000292 [--S-A--] CPL=0 II=0 A20=1 SMM=0 HLT=0
ES =0010 00000000 ffffffff 00cf9300 DPL=0 DS   [-WA]
CS =0008 00000000 ffffffff 00cf9a00 DPL=0 CS32 [-R-]
SS =0010 00000000 ffffffff 00cf9300 DPL=0 DS   [-WA]
DS =0010 00000000 ffffffff 00cf9300 DPL=0 DS   [-WA]
FS =0010 00000000 ffffffff 00cf9300 DPL=0 DS   [-WA]
GS =0010 00000000 ffffffff 00cf9300 DPL=0 DS   [-WA]
LDT=0000 00000000 0000ffff 00008200 DPL=0 LDT
TR =0000 00000000 0000ffff 00008b00 DPL=0 TSS32-busy
GDT=     00115148 00000017
IDT=     0011c1e0 000007ff
CR0=80000011 CR2=00000000 CR3=00133000 CR4=00000000
DR0=00000000 DR1=00000000 DR2=00000000 DR3=00000000 
DR6=ffff0ff0 DR7=00000400
CCS=0000000c CCD=bffefec8 CCO=SUBL
EFER=0000000000000000
   246: v=80 e=0000 i=1 cpl=0 IP=0008:400030ae pc=400030ae SP=0010:bffefe90 env->regs[R_EAX]=00000007
EAX=00000007 EBX=50046000 ECX=00000004 EDX=00000005
ESI=5003f000 EDI=00000078 EBP=bffefebc ESP=bffefe90
EIP=400030ae EFL=00000292 [--S-A--] CPL=0 II=0 A20=1 SMM=0 HLT=0
ES =0010 00000000 ffffffff 00cf9300 DPL=0 DS   [-WA]
CS =0008 00000000 ffffffff 00cf9a00 DPL=0 CS32 [-R-]
SS =0010 00000000 ffffffff 00cf9300 DPL=0 DS   [-WA]
DS =0010 00000000 ffffffff 00cf9300 DPL=0 DS   [-WA]
FS =0010 00000000 ffffffff 00cf9300 DPL=0 DS   [-WA]
GS =0010 00000000 ffffffff 00cf9300 DPL=0 DS   [-WA]
LDT=0000 00000000 0000ffff 00008200 DPL=0 LDT
TR =0000 00000000 0000ffff 00008b00 DPL=0 TSS32-busy
GDT=     00115148 00000017
IDT=     0011c1e0 000007ff
CR0=80000011 CR2=00000000 CR3=00133000 CR4=00000000
DR0=00000000 DR1=00000000 DR2=00000000 DR3=00000000 
DR6=ffff0ff0 DR7=00000400
CCS=0000000c CCD=bffefe98 CCO=SUBL
EFER=0000000000000000
   247: v=80 e=0000 i=1 cpl=0 IP=0008:400030ba pc=400030ba SP=0010:bffefe90 env->regs[R_EAX]=00000008
EAX=00000008 EBX=50046000 ECX=50047000 EDX=5004703b
ESI=5003f000 EDI=50040000 EBP=bffefebc ESP=bffefe90
EIP=400030ba EFL=00000292 [--S-A--] CPL=0 II=0 A20=1 SMM=0 HLT=0
ES =0010 00000000 ffffffff 00cf9300 DPL=0 DS   [-WA]
CS =0008 00000000 ffffffff 00cf9a00 DPL=0 CS32 [-R-]
SS =0010 00000000 ffffffff 00cf9300 DPL=0 DS   [-WA]
DS =0010 00000000 ffffffff 00cf9300 DPL=0 DS   [-WA]
FS =0010 00000000 ffffffff 00cf9300 DPL=0 DS   [-WA]
GS =0010 00000000 ffffffff 00cf9300 DPL=0 DS   [-WA]
LDT=0000 00000000 0000ffff 00008200 DPL=0 LDT
TR =0000 00000000 0000ffff 00008b00 DPL=0 TSS32-busy
GDT=     00115148 00000017
IDT=     0011c1e0 000007ff
CR0=80000011 CR2=00000000 CR3=00133000 CR4=00000000
DR0=00000000 DR1=00000000 DR2=00000000 DR3=00000000 
DR6=ffff0ff0 DR7=00000400
CCS=0000000c CCD=bffefe98 CCO=SUBL
EFER=0000000000000000
   248: v=80 e=0000 i=1 cpl=0 IP=0008:400030ae pc=400030ae SP=0010:bffefec0 env->regs[R_EAX]=00000007
EAX=00000007 EBX=50046000 ECX=5004703c EDX=5003f014
ESI=5003f000 EDI=0000000c EBP=bffeff3c ESP=bffefec0
EIP=400030ae EFL=00000292 [--S-A--] CPL=0 II=0 A20=1 SMM=0 HLT=0
ES =0010 00000000 ffffffff 00cf9300 DPL=0 DS   [-WA]
CS =0008 00000000 ffffffff 00cf9a00 DPL=0 CS32 [-R-]
SS =0010 00000000 ffffffff 00cf9300 DPL=0 DS   [-WA]
DS =0010 00000000 ffffffff 00cf9300 DPL=0 DS   [-WA]
FS =0010 00000000 ffffffff 00cf9300 DPL=0 DS   [-WA]
GS =0010 00000000 ffffffff 00cf9300 DPL=0 DS   [-WA]
LDT=0000 00000000 0000ffff 00008200 DPL=0 LDT
TR =0000 00000000 0000ffff 00008b00 DPL=0 TSS32-busy
GDT=     00115148 00000017
IDT=     0011c1e0 000007ff
CR0=80000011 CR2=00000000 CR3=00133000 CR4=00000000
DR0=00000000 DR1=00000000 DR2=00000000 DR3=00000000 
DR6=ffff0ff0 DR7=00000400
CCS=0000000c CCD=bffefec8 CCO=SUBL
EFER=0000000000000000
   249: v=80 e=0000 i=1 cpl=0 IP=0008:400030ae pc=400030ae SP=0010:bffefec0 env->regs[R_EAX]=00000007
EAX=00000007 EBX=50048000 ECX=50047048 EDX=5003f016
ESI=5003f000 EDI=0000000c EBP=bffeff3c ESP=bffefec0
EIP=400030ae EFL=00000292 [--S-A--] CPL=0 II=0 A20=1 SMM=0 HLT=0
ES =0010 00000000 ffffffff 00cf9300 DPL=0 DS   [-WA]
CS =0008 00000000 ffffffff 00cf9a00 DPL=0 CS32 [-R-]
SS =0010 00000000 ffffffff 00cf9300 DPL=0 DS   [-WA]
DS =0010 00000000 ffffffff 00cf9300 DPL=0 DS   [-WA]
FS =0010 00000000 ffffffff 00cf9300 DPL=0 DS   [-WA]
GS =0010 00000000 ffffffff 00cf9300 DPL=0 DS   [-WA]
LDT=0000 00000000 0000ffff 00008200 DPL=0 LDT
TR =0000 00000000 0000ffff 00008b00 DPL=0 TSS32-busy
GDT=     00115148 00000017
IDT=     0011c1e0 000007ff
CR0=80000011 CR2=00000000 CR3=00133000 CR4=00000000
DR0=00000000 DR1=00000000 DR2=00000000 DR3=00000000 
DR6=ffff0ff0 DR7=00000400
CCS=0000000c CCD=bffefec8 CCO=SUBL
EFER=0000000000000000
   250: v=80 e=0000 i=1 cpl=0 IP=0008:400030ae pc=400030ae SP=0010:bffefec0 env->regs[R_EAX]=00000007
EAX=00000007 EBX=50049000 ECX=50047054 EDX=00000008
ESI=5003f000 EDI=0000000c EBP=bffeff3c ESP=bffefec0
EIP=400030ae EFL=00000292 [--S-A--] CPL=0 II=0 A20=1 SMM=0 HLT=0
ES =0010 00000000 ffffffff 00cf9300 DPL=0 DS   [-WA]
CS =0008 00000000 ffffffff 00cf9a00 DPL=0 CS32 [-R-]
SS =0010 00000000 ffffffff 00cf9300 DPL=0 DS   [-WA]
DS =0010 00000000 ffffffff 00cf9300 DPL=0 DS   [-WA]
FS =0010 00000000 ffffffff 00cf9300 DPL=0 DS   [-WA]
GS =0010 00000000 ffffffff 00cf9300 DPL=0 DS   [-WA]
LDT=0000 00000000 0000ffff 00008200 DPL=0 LDT
TR =0000 00000000 0000ffff 00008b00 DPL=0 TSS32-busy
GDT=     00115148 00000017
IDT=     0011c1e0 000007ff
CR0=80000011 CR2=00000000 CR3=00133000 CR4=00000000
DR0=00000000 DR1=00000000 DR2=00000000 DR3=00000000 
DR6=ffff0ff0 DR7=00000400
CCS=0000000c CCD=bffefec8 CCO=SUBL
EFER=0000000000000000
   251: v=80 e=0000 i=1 cpl=0 IP=0008:400030ae pc=400030ae SP=0010:bffefec0 env->regs[R_EAX]=00000007
EAX=00000007 EBX=5004a000 ECX=50047060 EDX=00000009
ESI=5003f000 EDI=0000000c EBP=bffeff3c ESP=bffefec0
EIP=400030ae EFL=00000292 [--S-A--] CPL=0 II=0 A20=1 SMM=0 HLT=0
ES =0010 00000000 ffffffff 00cf9300 DPL=0 DS   [-WA]
CS =0008 00000000 ffffffff 00cf9a00 DPL=0 CS32 [-R-]
SS =0010 00000000 ffffffff 00cf9300 DPL=0 DS   [-WA]
DS =0010 00000000 ffffffff 00cf9300 DPL=0 DS   [-WA]
FS =0010 00000000 ffffffff 00cf9300 DPL=0 DS   [-WA]
GS =0010 00000000 ffffffff 00cf9300 DPL=0 DS   [-WA]
LDT=0000 00000000 0000ffff 00008200 DPL=0 LDT
TR =0000 00000000 0000ffff 00008b00 DPL=0 TSS32-busy
GDT=     00115148 00000017
IDT=     0011c1e0 000007ff
CR0=80000011 CR2=00000000 CR3=00133000 CR4=00000000
DR0=00000000 DR1=00000000 DR2=00000000 DR3=00000000 
DR6=ffff0ff0 DR7=00000400
CCS=0000000c CCD=bffefec8 CCO=SUBL
EFER=0000000000000000
Servicing hardware INT=0x20
   252: v=20 e=0000 i=0 cpl=0 IP=0008:400030b0 pc=400030b0 SP=0010:bffefec0 env->regs[R_EAX]=5004b000
EAX=5004b000 EBX=5004a000 ECX=50047060 EDX=00000009
ESI=5003f000 EDI=0000000c EBP=bffeff3c ESP=bffefec0
EIP=400030b0 EFL=00000292 [--S-A--] CPL=0 II=0 A20=1 SMM=0 HLT=0
ES =0010 00000000 ffffffff 00cf9300 DPL=0 DS   [-WA]
CS =0008 00000000 ffffffff 00cf9a00 DPL=0 CS32 [-R-]
SS =0010 00000000 ffffffff 00cf9300 DPL=0 DS   [-WA]
DS =0010 00000000 ffffffff 00cf9300 DPL=0 DS   [-WA]
FS =0010 00000000 ffffffff 00cf9300 DPL=0 DS   [-WA]
GS =0010 00000000 ffffffff 00cf9300 DPL=0 DS   [-WA]
LDT=0000 00000000 0000ffff 00008200 DPL=0 LDT
TR =0000 00000000 0000ffff 00008b00 DPL=0 TSS32-busy
GDT=     00115148 00000017
IDT=     0011c1e0 000007ff
CR0=80000011 CR2=00000000 CR3=00133000 CR4=00000000
DR0=00000000 DR1=00000000 DR2=00000000 DR3=00000000 
DR6=ffff0ff0 DR7=00000400
CCS=00000090 CCD=bffefe94 CCO=EFLAGS
EFER=0000000000000000
   253: v=80 e=0000 i=1 cpl=0 IP=0008:400030ae pc=400030ae SP=0010:bffefec0 env->regs[R_EAX]=00000007
EAX=00000007 EBX=5004b000 ECX=5004706c EDX=5003f01a
ESI=5003f000 EDI=0000000c EBP=bffeff3c ESP=bffefec0
EIP=400030ae EFL=00000292 [--S-A--] CPL=0 II=0 A20=1 SMM=0 HLT=0
ES =0010 00000000 ffffffff 00cf9300 DPL=0 DS   [-WA]
CS =0008 00000000 ffffffff 00cf9a00 DPL=0 CS32 [-R-]
SS =0010 00000000 ffffffff 00cf9300 DPL=0 DS   [-WA]
DS =0010 00000000 ffffffff 00cf9300 DPL=0 DS   [-WA]
FS =0010 00000000 ffffffff 00cf9300 DPL=0 DS   [-WA]
GS =0010 00000000 ffffffff 00cf9300 DPL=0 DS   [-WA]
LDT=0000 00000000 0000ffff 00008200 DPL=0 LDT
TR =0000 00000000 0000ffff 00008b00 DPL=0 TSS32-busy
GDT=     00115148 00000017
IDT=     0011c1e0 000007ff
CR0=80000011 CR2=00000000 CR3=00133000 CR4=00000000
DR0=00000000 DR1=00000000 DR2=00000000 DR3=00000000 
DR6=ffff0ff0 DR7=00000400
CCS=0000000c CCD=bffefec8 CCO=SUBL
EFER=0000000000000000
   254: v=80 e=0000 i=1 cpl=0 IP=0008:400030ae pc=400030ae SP=0010:bffefe90 env->regs[R_EAX]=00000007
EAX=00000007 EBX=5004c000 ECX=00000004 EDX=0000000a
ESI=5003f000 EDI=000000f0 EBP=bffefebc ESP=bffefe90
EIP=400030ae EFL=00000292 [--S-A--] CPL=0 II=0 A20=1 SMM=0 HLT=0
ES =0010 00000000 ffffffff 00cf9300 DPL=0 DS   [-WA]
CS =0008 00000000 ffffffff 00cf9a00 DPL=0 CS32 [-R-]
SS =0010 00000000 ffffffff 00cf9300 DPL=0 DS   [-WA]
DS =0010 00000000 ffffffff 00cf9300 DPL=0 DS   [-WA]
FS =0010 00000000 ffffffff 00cf9300 DPL=0 DS   [-WA]
GS =0010 00000000 ffffffff 00cf9300 DPL=0 DS   [-WA]
LDT=0000 00000000 0000ffff 00008200 DPL=0 LDT
TR =0000 00000000 0000ffff 00008b00 DPL=0 TSS32-busy
GDT=     00115148 00000017
IDT=     0011c1e0 000007ff
CR0=80000011 CR2=00000000 CR3=00133000 CR4=00000000
DR0=00000000 DR1=00000000 DR2=00000000 DR3=00000000 
DR6=ffff0ff0 DR7=00000400
CCS=0000000c CCD=bffefe98 CCO=SUBL
EFER=0000000000000000
   255: v=80 e=0000 i=1 cpl=0 IP=0008:400030ba pc=400030ba SP=0010:bffefe90 env->regs[R_EAX]=00000008
EAX=00000008 EBX=5004c000 ECX=5004d000 EDX=5004d077
ESI=5003f000 EDI=50047000 EBP=bffefebc ESP=bffefe90
EIP=400030ba EFL=00000292 [--S-A--] CPL=0 II=0 A20=1 SMM=0 HLT=0
ES =0010 00000000 ffffffff 00cf9300 DPL=0 DS   [-WA]
CS =0008 00000000 ffffffff 00cf9a00 DPL=0 CS32 [-R-]
SS =0010 00000000 ffffffff 00cf9300 DPL=0 DS   [-WA]
DS =0010 00000000 ffffffff 00cf9300 DPL=0 DS   [-WA]
FS =0010 00000000 ffffffff 00cf9300 DPL=0 DS   [-WA]
GS =0010 00000000 ffffffff 00cf9300 DPL=0 DS   [-WA]
LDT=0000 00000000 0000ffff 00008200 DPL=0 LDT
TR =0000 00000000 0000ffff 00008b00 DPL=0 TSS32-busy
GDT=     00115148 00000017
IDT=     0011c1e0 000007ff
CR0=80000011 CR2=00000000 CR3=00133000 CR4=00000000
DR0=00000000 DR1=00000000 DR2=00000000 DR3=00000000 
DR6=ffff0ff0 DR7=00000400
CCS=0000000c CCD=bffefe98 CCO=SUBL
EFER=0000000000000000
   256: v=80 e=0000 i=1 cpl=0 IP=0008:400030ae pc=400030ae SP=0010:bffefec0 env->regs[R_EAX]=00000007
EAX=00000007 EBX=5004c000 ECX=5004d078 EDX=5003f01c
ESI=5003f000 EDI=0000000c EBP=bffeff3c ESP=bffefec0
EIP=400030ae EFL=00000292 [--S-A--] CPL=0 II=0 A20=1 SMM=0 HLT=0
ES =0010 00000000 ffffffff 00cf9300 DPL=0 DS   [-WA]
CS =0008 00000000 ffffffff 00cf9a00 DPL=0 CS32 [-R-]
SS =0010 00000000 ffffffff 00cf9300 DPL=0 DS   [-WA]
DS =0010 00000000 ffffffff 00cf9300 DPL=0 DS   [-WA]
FS =0010 00000000 ffffffff 00cf9300 DPL=0 DS   [-WA]
GS =0010 00000000 ffffffff 00cf9300 DPL=0 DS   [-WA]
LDT=0000 00000000 0000ffff 00008200 DPL=0 LDT
TR =0000 00000000 0000ffff 00008b00 DPL=0 TSS32-busy
GDT=     00115148 00000017
IDT=     0011c1e0 000007ff
CR0=80000011 CR2=00000000 CR3=00133000 CR4=00000000
DR0=00000000 DR1=00000000 DR2=00000000 DR3=00000000 
DR6=ffff0ff0 DR7=00000400
CCS=0000000c CCD=bffefec8 CCO=SUBL
EFER=0000000000000000
   257: v=80 e=0000 i=1 cpl=0 IP=0008:400030ae pc=400030ae SP=0010:bffefec0 env->regs[R_EAX]=00000007
EAX=00000007 EBX=5004e000 ECX=5004d084 EDX=5003f01e
ESI=5003f000 EDI=0000000c EBP=bffeff3c ESP=bffefec0
EIP=400030ae EFL=00000292 [--S-A--] CPL=0 II=0 A20=1 SMM=0 HLT=0
ES =0010 00000000 ffffffff 00cf9300 DPL=0 DS   [-WA]
CS =0008 00000000 ffffffff 00cf9a00 DPL=0 CS32 [-R-]
SS =0010 00000000 ffffffff 00cf9300 DPL=0 DS   [-WA]
DS =0010 00000000 ffffffff 00cf9300 DPL=0 DS   [-WA]
FS =0010 00000000 ffffffff 00cf9300 DPL=0 DS   [-WA]
GS =0010 00000000 ffffffff 00cf9300 DPL=0 DS   [-WA]
LDT=0000 00000000 0000ffff 00008200 DPL=0 LDT
TR =0000 00000000 0000ffff 00008b00 DPL=0 TSS32-busy
GDT=     00115148 00000017
IDT=     0011c1e0 000007ff
CR0=80000011 CR2=00000000 CR3=00133000 CR4=00000000
DR0=00000000 DR1=00000000 DR2=00000000 DR3=00000000 
DR6=ffff0ff0 DR7=00000400
CCS=0000000c CCD=bffefec8 CCO=SUBL
EFER=0000000000000000
   258: v=80 e=0000 i=1 cpl=0 IP=0008:400030ae pc=400030ae SP=0010:bffefec0 env->regs[R_EAX]=00000007
EAX=00000007 EBX=5004f000 ECX=5004d090 EDX=0000000d
ESI=5003f000 EDI=0000000c EBP=bffeff3c ESP=bffefec0
EIP=400030ae EFL=00000292 [--S-A--] CPL=0 II=0 A20=1 SMM=0 HLT=0
ES =0010 00000000 ffffffff 00cf9300 DPL=0 DS   [-WA]
CS =0008 00000000 ffffffff 00cf9a00 DPL=0 CS32 [-R-]
SS =0010 00000000 ffffffff 00cf9300 DPL=0 DS   [-WA]
DS =0010 00000000 ffffffff 00cf9300 DPL=0 DS   [-WA]
FS =0010 00000000 ffffffff 00cf9300 DPL=0 DS   [-WA]
GS =0010 00000000 ffffffff 00cf9300 DPL=0 DS   [-WA]
LDT=0000 00000000 0000ffff 00008200 DPL=0 LDT
TR =0000 00000000 0000ffff 00008b00 DPL=0 TSS32-busy
GDT=     00115148 00000017
IDT=     0011c1e0 000007ff
CR0=80000011 CR2=00000000 CR3=00133000 CR4=00000000
DR0=00000000 DR1=00000000 DR2=00000000 DR3=00000000 
DR6=ffff0ff0 DR7=00000400
CCS=0000000c CCD=bffefec8 CCO=SUBL
EFER=0000000000000000
   259: v=80 e=0000 i=1 cpl=0 IP=0008:400030ae pc=400030ae SP=0010:bffefec0 env->regs[R_EAX]=00000007
EAX=00000007 EBX=50050000 ECX=5004d09c EDX=0000000e
ESI=5003f000 EDI=0000000c EBP=bffeff3c ESP=bffefec0
EIP=400030ae EFL=00000292 [--S-A--] CPL=0 II=0 A20=1 SMM=0 HLT=0
ES =0010 00000000 ffffffff 00cf9300 DPL=0 DS   [-WA]
CS =0008 00000000 ffffffff 00cf9a00 DPL=0 CS32 [-R-]
SS =0010 00000000 ffffffff 00cf9300 DPL=0 DS   [-WA]
DS =0010 00000000 ffffffff 00cf9300 DPL=0 DS   [-WA]
FS =0010 00000000 ffffffff 00cf9300 DPL=0 DS   [-WA]
GS =0010 00000000 ffffffff 00cf9300 DPL=0 DS   [-WA]
LDT=0000 00000000 0000ffff 00008200 DPL=0 LDT
TR =0000 00000000 0000ffff 00008b00 DPL=0 TSS32-busy
GDT=     00115148 00000017
IDT=     0011c1e0 000007ff
CR0=80000011 CR2=00000000 CR3=00133000 CR4=00000000
DR0=00000000 DR1=00000000 DR2=00000000 DR3=00000000 
DR6=ffff0ff0 DR7=00000400
CCS=0000000c CCD=bffefec8 CCO=SUBL
EFER=0000000000000000
   260: v=80 e=0000 i=1 cpl=0 IP=0008:400030ae pc=400030ae SP=0010:bffefec0 env->regs[R_EAX]=00000007
EAX=00000007 EBX=50051000 ECX=5004d0a8 EDX=0000000f
ESI=5003f000 EDI=0000000c EBP=bffeff3c ESP=bffefec0
EIP=400030ae EFL=00000292 [--S-A--] CPL=0 II=0 A20=1 SMM=0 HLT=0
ES =0010 00000000 ffffffff 00cf9300 DPL=0 DS   [-WA]
CS =0008 00000000 ffffffff 00cf9a00 DPL=0 CS32 [-R-]
SS =0010 00000000 ffffffff 00cf9300 DPL=0 DS   [-WA]
DS =0010 00000000 ffffffff 00cf9300 DPL=0 DS   [-WA]
FS =0010 00000000 ffffffff 00cf9300 DPL=0 DS   [-WA]
GS =0010 00000000 ffffffff 00cf9300 DPL=0 DS   [-WA]
LDT=0000 00000000 0000ffff 00008200 DPL=0 LDT
TR =0000 00000000 0000ffff 00008b00 DPL=0 TSS32-busy
GDT=     00115148 00000017
IDT=     0011c1e0 000007ff
CR0=80000011 CR2=00000000 CR3=00133000 CR4=00000000
DR0=00000000 DR1=00000000 DR2=00000000 DR3=00000000 
DR6=ffff0ff0 DR7=00000400
CCS=0000000c CCD=bffefec8 CCO=SUBL
EFER=0000000000000000
Servicing hardware INT=0x20
   261: v=20 e=0000 i=0 cpl=0 IP=0008:400030b0 pc=400030b0 SP=0010:bffefec0 env->regs[R_EAX]=50052000
EAX=50052000 EBX=50051000 ECX=5004d0a8 EDX=0000000f
ESI=5003f000 EDI=0000000c EBP=bffeff3c ESP=bffefec0
EIP=400030b0 EFL=00000292 [--S-A--] CPL=0 II=0 A20=1 SMM=0 HLT=0
ES =0010 00000000 ffffffff 00cf9300 DPL=0 DS   [-WA]
CS =0008 00000000 ffffffff 00cf9a00 DPL=0 CS32 [-R-]
SS =0010 00000000 ffffffff 00cf9300 DPL=0 DS   [-WA]
DS =0010 00000000 ffffffff 00cf9300 DPL=0 DS   [-WA]
FS =0010 00000000 ffffffff 00cf9300 DPL=0 DS   [-WA]
GS =0010 00000000 ffffffff 00cf9300 DPL=0 DS   [-WA]
LDT=0000 00000000 0000ffff 00008200 DPL=0 LDT
TR =0000 00000000 0000ffff 00008b00 DPL=0 TSS32-busy
GDT=     00115148 00000017
IDT=     0011c1e0 000007ff
CR0=80000011 CR2=00000000 CR3=00133000 CR4=00000000
DR0=00000000 DR1=00000000 DR2=00000000 DR3=00000000 
DR6=ffff0ff0 DR7=00000400
CCS=00000090 CCD=bffefe94 CCO=EFLAGS
EFER=0000000000000000
   262: v=80 e=0000 i=1 cpl=0 IP=0008:400030ae pc=400030ae SP=0010:bffeff00 env->regs[R_EAX]=00000007
EAX=00000007 EBX=00000000 ECX=5004d0b4 EDX=00000014
ESI=5003f000 EDI=00000064 EBP=bffeff1c ESP=bffeff00
EIP=400030ae EFL=00000292 [--S-A--] CPL=0 II=0 A20=1 SMM=0 HLT=0
ES =0010 00000000 ffffffff 00cf9300 DPL=0 DS   [-WA]
CS =0008 00000000 ffffffff 00cf9a00 DPL=0 CS32 [-R-]
SS =0010 00000000 ffffffff 00cf9300 DPL=0 DS   [-WA]
DS =0010 00000000 ffffffff 00cf9300 DPL=0 DS   [-WA]
FS =0010 00000000 ffffffff 00cf9300 DPL=0 DS   [-WA]
GS =0010 00000000 ffffffff 00cf9300 DPL=0 DS   [-WA]
LDT=0000 00000000 0000ffff 00008200 DPL=0 LDT
TR =0000 00000000 0000ffff 00008b00 DPL=0 TSS32-busy
GDT=     00115148 00000017
IDT=     0011c1e0 000007ff
CR0=80000011 CR2=00000000 CR3=00133000 CR4=00000000
DR0=00000000 DR1=00000000 DR2=00000000 DR3=00000000 
DR6=ffff0ff0 DR7=00000400
CCS=0000000c CCD=bffeff08 CCO=SUBL
EFER=0000000000000000
   263: v=80 e=0000 i=1 cpl=0 IP=0008:400030ae pc=400030ae SP=0010:bffeff00 env->regs[R_EAX]=00000007
EAX=00000007 EBX=00000000 ECX=5004d0b4 EDX=4000537f
ESI=5003f000 EDI=00000014 EBP=bffeff2c ESP=bffeff00
EIP=400030ae EFL=00000292 [--S-A--] CPL=0 II=0 A20=1 SMM=0 HLT=0
ES =0010 00000000 ffffffff 00cf9300 DPL=0 DS   [-WA]
CS =0008 00000000 ffffffff 00cf9a00 DPL=0 CS32 [-R-]
SS =0010 00000000 ffffffff 00cf9300 DPL=0 DS   [-WA]
DS =0010 00000000 ffffffff 00cf9300 DPL=0 DS   [-WA]
FS =0010 00000000 ffffffff 00cf9300 DPL=0 DS   [-WA]
GS =0010 00000000 ffffffff 00cf9300 DPL=0 DS   [-WA]
LDT=0000 00000000 0000ffff 00008200 DPL=0 LDT
TR =0000 00000000 0000ffff 00008b00 DPL=0 TSS32-busy
GDT=     00115148 00000017
IDT=     0011c1e0 000007ff
CR0=80000011 CR2=00000000 CR3=00133000 CR4=00000000
DR0=00000000 DR1=00000000 DR2=00000000 DR3=00000000 
DR6=ffff0ff0 DR7=00000400
CCS=0000000c CCD=bffeff08 CCO=SUBL
EFER=0000000000000000
   264: v=80 e=0000 i=1 cpl=0 IP=0008:400030ae pc=400030ae SP=0010:bffeff00 env->regs[R_EAX]=00000007
EAX=00000007 EBX=00000000 ECX=40005381 EDX=00000078
ESI=5003f000 EDI=00000014 EBP=bffeff2c ESP=bffeff00
EIP=400030ae EFL=00000292 [--S-A--] CPL=0 II=0 A20=1 SMM=0 HLT=0
ES =0010 00000000 ffffffff 00cf9300 DPL=0 DS   [-WA]
CS =0008 00000000 ffffffff 00cf9a00 DPL=0 CS32 [-R-]
SS =0010 00000000 ffffffff 00cf9300 DPL=0 DS   [-WA]
DS =0010 00000000 ffffffff 00cf9300 DPL=0 DS   [-WA]
FS =0010 00000000 ffffffff 00cf9300 DPL=0 DS   [-WA]
GS =0010 00000000 ffffffff 00cf9300 DPL=0 DS   [-WA]
LDT=0000 00000000 0000ffff 00008200 DPL=0 LDT
TR =0000 00000000 0000ffff 00008b00 DPL=0 TSS32-busy
GDT=     00115148 00000017
IDT=     0011c1e0 000007ff
CR0=80000011 CR2=00000000 CR3=00133000 CR4=00000000
DR0=00000000 DR1=00000000 DR2=00000000 DR3=00000000 
DR6=ffff0ff0 DR7=00000400
CCS=0000000c CCD=bffeff08 CCO=SUBL
EFER=0000000000000000
   265: v=80 e=0000 i=1 cpl=0 IP=0008:400030ae pc=400030ae SP=0010:bffefea0 env->regs[R_EAX]=00000007
EAX=00000007 EBX=00000000 ECX=50053014 EDX=00000001
ESI=5003f000 EDI=00000014 EBP=bffefecc ESP=bffefea0
EIP=400030ae EFL=00000292 [--S-A--] CPL=0 II=0 A20=1 SMM=0 HLT=0
ES =0010 00000000 ffffffff 00cf9300 DPL=0 DS   [-WA]
CS =0008 00000000 ffffffff 00cf9a00 DPL=0 CS32 [-R-]
SS =0010 00000000 ffffffff 00cf9300 DPL=0 DS   [-WA]
DS =0010 00000000 ffffffff 00cf9300 DPL=0 DS   [-WA]
FS =0010 00000000 ffffffff 00cf9300 DPL=0 DS   [-WA]
GS =0010 00000000 ffffffff 00cf9300 DPL=0 DS   [-WA]
LDT=0000 00000000 0000ffff 00008200 DPL=0 LDT
TR =0000 00000000 0000ffff 00008b00 DPL=0 TSS32-busy
GDT=     00115148 00000017
IDT=     0011c1e0 000007ff
CR0=80000011 CR2=00000000 CR3=00133000 CR4=00000000
DR0=00000000 DR1=00000000 DR2=00000000 DR3=00000000 
DR6=ffff0ff0 DR7=00000400
CCS=0000000c CCD=bffefea8 CCO=SUBL
EFER=0000000000000000
   266: v=80 e=0000 i=1 cpl=0 IP=0008:400030ae pc=400030ae SP=0010:bffefeb0 env->regs[R_EAX]=00000007
EAX=00000007 EBX=00000000 ECX=50053014 EDX=00000004
ESI=5003f000 EDI=00000014 EBP=bffefecc ESP=bffefeb0
EIP=400030ae EFL=00000296 [--S-AP-] CPL=0 II=0 A20=1 SMM=0 HLT=0
ES =0010 00000000 ffffffff 00cf9300 DPL=0 DS   [-WA]
CS =0008 00000000 ffffffff 00cf9a00 DPL=0 CS32 [-R-]
SS =0010 00000000 ffffffff 00cf9300 DPL=0 DS   [-WA]
DS =0010 00000000 ffffffff 00cf9300 DPL=0 DS   [-WA]
FS =0010 00000000 ffffffff 00cf9300 DPL=0 DS   [-WA]
GS =0010 00000000 ffffffff 00cf9300 DPL=0 DS   [-WA]
LDT=0000 00000000 0000ffff 00008200 DPL=0 LDT
TR =0000 00000000 0000ffff 00008b00 DPL=0 TSS32-busy
GDT=     00115148 00000017
IDT=     0011c1e0 000007ff
CR0=80000011 CR2=00000000 CR3=00133000 CR4=00000000
DR0=00000000 DR1=00000000 DR2=00000000 DR3=00000000 
DR6=ffff0ff0 DR7=00000400
CCS=0000000c CCD=bffefeb8 CCO=SUBL
EFER=0000000000000000
Servicing hardware INT=0x20
   267: v=20 e=0000 i=0 cpl=0 IP=0008:400030b0 pc=400030b0 SP=0010:bffefeb0 env->regs[R_EAX]=50057000
EAX=50057000 EBX=00000000 ECX=50053014 EDX=00000004
ESI=5003f000 EDI=00000014 EBP=bffefecc ESP=bffefeb0
EIP=400030b0 EFL=00000296 [--S-AP-] CPL=0 II=0 A20=1 SMM=0 HLT=0
ES =0010 00000000 ffffffff 00cf9300 DPL=0 DS   [-WA]
CS =0008 00000000 ffffffff 00cf9a00 DPL=0 CS32 [-R-]
SS =0010 00000000 ffffffff 00cf9300 DPL=0 DS   [-WA]
DS =0010 00000000 ffffffff 00cf9300 DPL=0 DS   [-WA]
FS =0010 00000000 ffffffff 00cf9300 DPL=0 DS   [-WA]
GS =0010 00000000 ffffffff 00cf9300 DPL=0 DS   [-WA]
LDT=0000 00000000 0000ffff 00008200 DPL=0 LDT
TR =0000 00000000 0000ffff 00008b00 DPL=0 TSS32-busy
GDT=     00115148 00000017
IDT=     0011c1e0 000007ff
CR0=80000011 CR2=00000000 CR3=00133000 CR4=00000000
DR0=00000000 DR1=00000000 DR2=00000000 DR3=00000000 
DR6=ffff0ff0 DR7=00000400
CCS=00000094 CCD=bffefe84 CCO=EFLAGS
EFER=0000000000000000
   268: v=80 e=0000 i=1 cpl=0 IP=0008:400030ae pc=400030ae SP=0010:bffefe60 env->regs[R_EAX]=00000007
EAX=00000007 EBX=00000000 ECX=50053014 EDX=00000002
ESI=5003f000 EDI=00000014 EBP=bffefe8c ESP=bffefe60
EIP=400030ae EFL=00000292 [--S-A--] CPL=0 II=0 A20=1 SMM=0 HLT=0
ES =0010 00000000 ffffffff 00cf9300 DPL=0 DS   [-WA]
CS =0008 00000000 ffffffff 00cf9a00 DPL=0 CS32 [-R-]
SS =0010 00000000 ffffffff 00cf9300 DPL=0 DS   [-WA]
DS =0010 00000000 ffffffff 00cf9300 DPL=0 DS   [-WA]
FS =0010 00000000 ffffffff 00cf9300 DPL=0 DS   [-WA]
GS =0010 00000000 ffffffff 00cf9300 DPL=0 DS   [-WA]
LDT=0000 00000000 0000ffff 00008200 DPL=0 LDT
TR =0000 00000000 0000ffff 00008b00 DPL=0 TSS32-busy
GDT=     00115148 00000017
IDT=     0011c1e0 000007ff
CR0=80000011 CR2=00000000 CR3=00133000 CR4=00000000
DR0=00000000 DR1=00000000 DR2=00000000 DR3=00000000 
DR6=ffff0ff0 DR7=00000400
CCS=0000000c CCD=bffefe68 CCO=SUBL
EFER=0000000000000000
   269: v=80 e=0000 i=1 cpl=0 IP=0008:400030ae pc=400030ae SP=0010:bffefe30 env->regs[R_EAX]=00000007
EAX=00000007 EBX=00000000 ECX=50057000 EDX=00000003
ESI=5003f000 EDI=00000014 EBP=bffefe5c ESP=bffefe30
EIP=400030ae EFL=00000292 [--S-A--] CPL=0 II=0 A20=1 SMM=0 HLT=0
ES =0010 00000000 ffffffff 00cf9300 DPL=0 DS   [-WA]
CS =0008 00000000 ffffffff 00cf9a00 DPL=0 CS32 [-R-]
SS =0010 00000000 ffffffff 00cf9300 DPL=0 DS   [-WA]
DS =0010 00000000 ffffffff 00cf9300 DPL=0 DS   [-WA]
FS =0010 00000000 ffffffff 00cf9300 DPL=0 DS   [-WA]
GS =0010 00000000 ffffffff 00cf9300 DPL=0 DS   [-WA]
LDT=0000 00000000 0000ffff 00008200 DPL=0 LDT
TR =0000 00000000 0000ffff 00008b00 DPL=0 TSS32-busy
GDT=     00115148 00000017
IDT=     0011c1e0 000007ff
CR0=80000011 CR2=00000000 CR3=00133000 CR4=00000000
DR0=00000000 DR1=00000000 DR2=00000000 DR3=00000000 
DR6=ffff0ff0 DR7=00000400
CCS=0000000c CCD=bffefe38 CCO=SUBL
EFER=0000000000000000
   270: v=80 e=0000 i=1 cpl=0 IP=0008:400030ae pc=400030ae SP=0010:bffefe40 env->regs[R_EAX]=00000007
EAX=00000007 EBX=00000000 ECX=50057000 EDX=00000004
ESI=5003f000 EDI=00000014 EBP=bffefe5c ESP=bffefe40
EIP=400030ae EFL=00000296 [--S-AP-] CPL=0 II=0 A20=1 SMM=0 HLT=0
ES =0010 00000000 ffffffff 00cf9300 DPL=0 DS   [-WA]
CS =0008 00000000 ffffffff 00cf9a00 DPL=0 CS32 [-R-]
SS =0010 00000000 ffffffff 00cf9300 DPL=0 DS   [-WA]
DS =0010 00000000 ffffffff 00cf9300 DPL=0 DS   [-WA]
FS =0010 00000000 ffffffff 00cf9300 DPL=0 DS   [-WA]
GS =0010 00000000 ffffffff 00cf9300 DPL=0 DS   [-WA]
LDT=0000 00000000 0000ffff 00008200 DPL=0 LDT
TR =0000 00000000 0000ffff 00008b00 DPL=0 TSS32-busy
GDT=     00115148 00000017
IDT=     0011c1e0 000007ff
CR0=80000011 CR2=00000000 CR3=00133000 CR4=00000000
DR0=00000000 DR1=00000000 DR2=00000000 DR3=00000000 
DR6=ffff0ff0 DR7=00000400
CCS=0000000c CCD=bffefe48 CCO=SUBL
EFER=0000000000000000
   271: v=80 e=0000 i=1 cpl=0 IP=0008:400030ae pc=400030ae SP=0010:bffefdf0 env->regs[R_EAX]=00000007
EAX=00000007 EBX=00000000 ECX=50057000 EDX=00000004
ESI=5003f000 EDI=00000014 EBP=bffefe1c ESP=bffefdf0
EIP=400030ae EFL=00000292 [--S-A--] CPL=0 II=0 A20=1 SMM=0 HLT=0
ES =0010 00000000 ffffffff 00cf9300 DPL=0 DS   [-WA]
CS =0008 00000000 ffffffff 00cf9a00 DPL=0 CS32 [-R-]
SS =0010 00000000 ffffffff 00cf9300 DPL=0 DS   [-WA]
DS =0010 00000000 ffffffff 00cf9300 DPL=0 DS   [-WA]
FS =0010 00000000 ffffffff 00cf9300 DPL=0 DS   [-WA]
GS =0010 00000000 ffffffff 00cf9300 DPL=0 DS   [-WA]
LDT=0000 00000000 0000ffff 00008200 DPL=0 LDT
TR =0000 00000000 0000ffff 00008b00 DPL=0 TSS32-busy
GDT=     00115148 00000017
IDT=     0011c1e0 000007ff
CR0=80000011 CR2=00000000 CR3=00133000 CR4=00000000
DR0=00000000 DR1=00000000 DR2=00000000 DR3=00000000 
DR6=ffff0ff0 DR7=00000400
CCS=0000000c CCD=bffefdf8 CCO=SUBL
EFER=0000000000000000
   272: v=80 e=0000 i=1 cpl=0 IP=0008:400030ae pc=400030ae SP=0010:bffefdc0 env->regs[R_EAX]=00000007
EAX=00000007 EBX=00000000 ECX=5005a000 EDX=00000005
ESI=5003f000 EDI=00000014 EBP=bffefdec ESP=bffefdc0
EIP=400030ae EFL=00000292 [--S-A--] CPL=0 II=0 A20=1 SMM=0 HLT=0
ES =0010 00000000 ffffffff 00cf9300 DPL=0 DS   [-WA]
CS =0008 00000000 ffffffff 00cf9a00 DPL=0 CS32 [-R-]
SS =0010 00000000 ffffffff 00cf9300 DPL=0 DS   [-WA]
DS =0010 00000000 ffffffff 00cf9300 DPL=0 DS   [-WA]
FS =0010 00000000 ffffffff 00cf9300 DPL=0 DS   [-WA]
GS =0010 00000000 ffffffff 00cf9300 DPL=0 DS   [-WA]
LDT=0000 00000000 0000ffff 00008200 DPL=0 LDT
TR =0000 00000000 0000ffff 00008b00 DPL=0 TSS32-busy
GDT=     00115148 00000017
IDT=     0011c1e0 000007ff
CR0=80000011 CR2=00000000 CR3=00133000 CR4=00000000
DR0=00000000 DR1=00000000 DR2=00000000 DR3=00000000 
DR6=ffff0ff0 DR7=00000400
CCS=0000000c CCD=bffefdc8 CCO=SUBL
EFER=0000000000000000
Servicing hardware INT=0x20
   273: v=20 e=0000 i=0 cpl=0 IP=0008:400010f6 pc=400010f6 SP=0010:bffefdf4 env->regs[R_EAX]=5005c000
EAX=5005c000 EBX=00000000 ECX=5005a000 EDX=00000003
ESI=5003f000 EDI=00000014 EBP=bffefe1c ESP=bffefdf4
EIP=400010f6 EFL=00000286 [--S--P-] CPL=0 II=0 A20=1 SMM=0 HLT=0
ES =0010 00000000 ffffffff 00cf9300 DPL=0 DS   [-WA]
CS =0008 00000000 ffffffff 00cf9a00 DPL=0 CS32 [-R-]
SS =0010 00000000 ffffffff 00cf9300 DPL=0 DS   [-WA]
DS =0010 00000000 ffffffff 00cf9300 DPL=0 DS   [-WA]
FS =0010 00000000 ffffffff 00cf9300 DPL=0 DS   [-WA]
GS =0010 00000000 ffffffff 00cf9300 DPL=0 DS   [-WA]
LDT=0000 00000000 0000ffff 00008200 DPL=0 LDT
TR =0000 00000000 0000ffff 00008b00 DPL=0 TSS32-busy
GDT=     00115148 00000017
IDT=     0011c1e0 000007ff
CR0=80000011 CR2=00000000 CR3=00133000 CR4=00000000
DR0=00000000 DR1=00000000 DR2=00000000 DR3=00000000 
DR6=ffff0ff0 DR7=00000400
CCS=00000084 CCD=bffefdd4 CCO=EFLAGS
EFER=0000000000000000
   274: v=80 e=0000 i=1 cpl=0 IP=0008:400030ae pc=400030ae SP=0010:bffefdd0 env->regs[R_EAX]=00000007
EAX=00000007 EBX=00000000 ECX=5005a000 EDX=00000004
ESI=5003f000 EDI=00000014 EBP=bffefdec ESP=bffefdd0
EIP=400030ae EFL=00000296 [--S-AP-] CPL=0 II=0 A20=1 SMM=0 HLT=0
ES =0010 00000000 ffffffff 00cf9300 DPL=0 DS   [-WA]
CS =0008 00000000 ffffffff 00cf9a00 DPL=0 CS32 [-R-]
SS =0010 00000000 ffffffff 00cf9300 DPL=0 DS   [-WA]
DS =0010 00000000 ffffffff 00cf9300 DPL=0 DS   [-WA]
FS =0010 00000000 ffffffff 00cf9300 DPL=0 DS   [-WA]
GS =0010 00000000 ffffffff 00cf9300 DPL=0 DS   [-WA]
LDT=0000 00000000 0000ffff 00008200 DPL=0 LDT
TR =0000 00000000 0000ffff 00008b00 DPL=0 TSS32-busy
GDT=     00115148 00000017
IDT=     0011c1e0 000007ff
CR0=80000011 CR2=00000000 CR3=00133000 CR4=00000000
DR0=00000000 DR1=00000000 DR2=00000000 DR3=00000000 
DR6=ffff0ff0 DR7=00000400
CCS=0000000c CCD=bffefdd8 CCO=SUBL
EFER=0000000000000000
   275: v=80 e=0000 i=1 cpl=0 IP=0008:400030ae pc=400030ae SP=0010:bffefd80 env->regs[R_EAX]=00000007
EAX=00000007 EBX=00000000 ECX=5005a000 EDX=00000006
ESI=5003f000 EDI=00000014 EBP=bffefdac ESP=bffefd80
EIP=400030ae EFL=00000296 [--S-AP-] CPL=0 II=0 A20=1 SMM=0 HLT=0
ES =0010 00000000 ffffffff 00cf9300 DPL=0 DS   [-WA]
CS =0008 00000000 ffffffff 00cf9a00 DPL=0 CS32 [-R-]
SS =0010 00000000 ffffffff 00cf9300 DPL=0 DS   [-WA]
DS =0010 00000000 ffffffff 00cf9300 DPL=0 DS   [-WA]
FS =0010 00000000 ffffffff 00cf9300 DPL=0 DS   [-WA]
GS =0010 00000000 ffffffff 00cf9300 DPL=0 DS   [-WA]
LDT=0000 00000000 0000ffff 00008200 DPL=0 LDT
TR =0000 00000000 0000ffff 00008b00 DPL=0 TSS32-busy
GDT=     00115148 00000017
IDT=     0011c1e0 000007ff
CR0=80000011 CR2=00000000 CR3=00133000 CR4=00000000
DR0=00000000 DR1=00000000 DR2=00000000 DR3=00000000 
DR6=ffff0ff0 DR7=00000400
CCS=0000000c CCD=bffefd88 CCO=SUBL
EFER=0000000000000000
   276: v=80 e=0000 i=1 cpl=0 IP=0008:400030ae pc=400030ae SP=0010:bffefd80 env->regs[R_EAX]=00000007
EAX=00000007 EBX=00000000 ECX=5005d000 EDX=00000007
ESI=5003f000 EDI=00000014 EBP=bffefdac ESP=bffefd80
EIP=400030ae EFL=00000296 [--S-AP-] CPL=0 II=0 A20=1 SMM=0 HLT=0
ES =0010 00000000 ffffffff 00cf9300 DPL=0 DS   [-WA]
CS =0008 00000000 ffffffff 00cf9a00 DPL=0 CS32 [-R-]
SS =0010 00000000 ffffffff 00cf9300 DPL=0 DS   [-WA]
DS =0010 00000000 ffffffff 00cf9300 DPL=0 DS   [-WA]
FS =0010 00000000 ffffffff 00cf9300 DPL=0 DS   [-WA]
GS =0010 00000000 ffffffff 00cf9300 DPL=0 DS   [-WA]
LDT=0000 00000000 0000ffff 00008200 DPL=0 LDT
TR =0000 00000000 0000ffff 00008b00 DPL=0 TSS32-busy
GDT=     00115148 00000017
IDT=     0011c1e0 000007ff
CR0=80000011 CR2=00000000 CR3=00133000 CR4=00000000
DR0=00000000 DR1=00000000 DR2=00000000 DR3=00000000 
DR6=ffff0ff0 DR7=00000400
CCS=0000000c CCD=bffefd88 CCO=SUBL
EFER=0000000000000000
   277: v=80 e=0000 i=1 cpl=0 IP=0008:400030ae pc=400030ae SP=0010:bffefd80 env->regs[R_EAX]=00000007
EAX=00000007 EBX=00000000 ECX=5005d004 EDX=00000008
ESI=5003f000 EDI=00000014 EBP=bffefdac ESP=bffefd80
EIP=400030ae EFL=00000296 [--S-AP-] CPL=0 II=0 A20=1 SMM=0 HLT=0
ES =0010 00000000 ffffffff 00cf9300 DPL=0 DS   [-WA]
CS =0008 00000000 ffffffff 00cf9a00 DPL=0 CS32 [-R-]
SS =0010 00000000 ffffffff 00cf9300 DPL=0 DS   [-WA]
DS =0010 00000000 ffffffff 00cf9300 DPL=0 DS   [-WA]
FS =0010 00000000 ffffffff 00cf9300 DPL=0 DS   [-WA]
GS =0010 00000000 ffffffff 00cf9300 DPL=0 DS   [-WA]
LDT=0000 00000000 0000ffff 00008200 DPL=0 LDT
TR =0000 00000000 0000ffff 00008b00 DPL=0 TSS32-busy
GDT=     00115148 00000017
IDT=     0011c1e0 000007ff
CR0=80000011 CR2=00000000 CR3=00133000 CR4=00000000
DR0=00000000 DR1=00000000 DR2=00000000 DR3=00000000 
DR6=ffff0ff0 DR7=00000400
CCS=0000000c CCD=bffefd88 CCO=SUBL
EFER=0000000000000000
   278: v=80 e=0000 i=1 cpl=0 IP=0008:400030ae pc=400030ae SP=0010:bffefdc0 env->regs[R_EAX]=00000007
EAX=00000007 EBX=00000000 ECX=5005a004 EDX=0000000a
ESI=5003f000 EDI=00000014 EBP=bffefdec ESP=bffefdc0
EIP=400030ae EFL=00000292 [--S-A--] CPL=0 II=0 A20=1 SMM=0 HLT=0
ES =0010 00000000 ffffffff 00cf9300 DPL=0 DS   [-WA]
CS =0008 00000000 ffffffff 00cf9a00 DPL=0 CS32 [-R-]
SS =0010 00000000 ffffffff 00cf9300 DPL=0 DS   [-WA]
DS =0010 00000000 ffffffff 00cf9300 DPL=0 DS   [-WA]
FS =0010 00000000 ffffffff 00cf9300 DPL=0 DS   [-WA]
GS =0010 00000000 ffffffff 00cf9300 DPL=0 DS   [-WA]
LDT=0000 00000000 0000ffff 00008200 DPL=0 LDT
TR =0000 00000000 0000ffff 00008b00 DPL=0 TSS32-busy
GDT=     00115148 00000017
IDT=     0011c1e0 000007ff
CR0=80000011 CR2=00000000 CR3=00133000 CR4=00000000
DR0=00000000 DR1=00000000 DR2=00000000 DR3=00000000 
DR6=ffff0ff0 DR7=00000400
CCS=0000000c CCD=bffefdc8 CCO=SUBL
EFER=0000000000000000
   279: v=80 e=0000 i=1 cpl=0 IP=0008:400030ae pc=400030ae SP=0010:bffefdd0 env->regs[R_EAX]=00000007
EAX=00000007 EBX=00000000 ECX=5005a004 EDX=00000004
ESI=5003f000 EDI=00000014 EBP=bffefdec ESP=bffefdd0
EIP=400030ae EFL=00000296 [--S-AP-] CPL=0 II=0 A20=1 SMM=0 HLT=0
ES =0010 00000000 ffffffff 00cf9300 DPL=0 DS   [-WA]
CS =0008 00000000 ffffffff 00cf9a00 DPL=0 CS32 [-R-]
SS =0010 00000000 ffffffff 00cf9300 DPL=0 DS   [-WA]
DS =0010 00000000 ffffffff 00cf9300 DPL=0 DS   [-WA]
FS =0010 00000000 ffffffff 00cf9300 DPL=0 DS   [-WA]
GS =0010 00000000 ffffffff 00cf9300 DPL=0 DS   [-WA]
LDT=0000 00000000 0000ffff 00008200 DPL=0 LDT
TR =0000 00000000 0000ffff 00008b00 DPL=0 TSS32-busy
GDT=     00115148 00000017
IDT=     0011c1e0 000007ff
CR0=80000011 CR2=00000000 CR3=00133000 CR4=00000000
DR0=00000000 DR1=00000000 DR2=00000000 DR3=00000000 
DR6=ffff0ff0 DR7=00000400
CCS=0000000c CCD=bffefdd8 CCO=SUBL
EFER=0000000000000000
   280: v=80 e=0000 i=1 cpl=0 IP=0008:400030ae pc=400030ae SP=0010:bffefd80 env->regs[R_EAX]=00000007
EAX=00000007 EBX=00000000 ECX=5005a004 EDX=0000000b
ESI=5003f000 EDI=00000014 EBP=bffefdac ESP=bffefd80
EIP=400030ae EFL=00000296 [--S-AP-] CPL=0 II=0 A20=1 SMM=0 HLT=0
ES =0010 00000000 ffffffff 00cf9300 DPL=0 DS   [-WA]
CS =0008 00000000 ffffffff 00cf9a00 DPL=0 CS32 [-R-]
SS =0010 00000000 ffffffff 00cf9300 DPL=0 DS   [-WA]
DS =0010 00000000 ffffffff 00cf9300 DPL=0 DS   [-WA]
FS =0010 00000000 ffffffff 00cf9300 DPL=0 DS   [-WA]
GS =0010 00000000 ffffffff 00cf9300 DPL=0 DS   [-WA]
LDT=0000 00000000 0000ffff 00008200 DPL=0 LDT
TR =0000 00000000 0000ffff 00008b00 DPL=0 TSS32-busy
GDT=     00115148 00000017
IDT=     0011c1e0 000007ff
CR0=80000011 CR2=00000000 CR3=00133000 CR4=00000000
DR0=00000000 DR1=00000000 DR2=00000000 DR3=00000000 
DR6=ffff0ff0 DR7=00000400
CCS=0000000c CCD=bffefd88 CCO=SUBL
EFER=0000000000000000
Servicing hardware INT=0x20
   281: v=20 e=0000 i=0 cpl=0 IP=0008:400030b0 pc=400030b0 SP=0010:bffefd80 env->regs[R_EAX]=50063000
EAX=50063000 EBX=00000000 ECX=5005a004 EDX=0000000b
ESI=5003f000 EDI=00000014 EBP=bffefdac ESP=bffefd80
EIP=400030b0 EFL=00000296 [--S-AP-] CPL=0 II=0 A20=1 SMM=0 HLT=0
ES =0010 00000000 ffffffff 00cf9300 DPL=0 DS   [-WA]
CS =0008 00000000 ffffffff 00cf9a00 DPL=0 CS32 [-R-]
SS =0010 00000000 ffffffff 00cf9300 DPL=0 DS   [-WA]
DS =0010 00000000 ffffffff 00cf9300 DPL=0 DS   [-WA]
FS =0010 00000000 ffffffff 00cf9300 DPL=0 DS   [-WA]
GS =0010 00000000 ffffffff 00cf9300 DPL=0 DS   [-WA]
LDT=0000 00000000 0000ffff 00008200 DPL=0 LDT
TR =0000 00000000 0000ffff 00008b00 DPL=0 TSS32-busy
GDT=     00115148 00000017
IDT=     0011c1e0 000007ff
CR0=80000011 CR2=00000000 CR3=00133000 CR4=00000000
DR0=00000000 DR1=00000000 DR2=00000000 DR3=00000000 
DR6=ffff0ff0 DR7=00000400
CCS=00000094 CCD=bffefd54 CCO=EFLAGS
EFER=0000000000000000
   282: v=80 e=0000 i=1 cpl=0 IP=0008:400030ae pc=400030ae SP=0010:bffefd80 env->regs[R_EAX]=00000007
EAX=00000007 EBX=00000000 ECX=50062000 EDX=0000000c
ESI=5003f000 EDI=00000014 EBP=bffefdac ESP=bffefd80
EIP=400030ae EFL=00000296 [--S-AP-] CPL=0 II=0 A20=1 SMM=0 HLT=0
ES =0010 00000000 ffffffff 00cf9300 DPL=0 DS   [-WA]
CS =0008 00000000 ffffffff 00cf9a00 DPL=0 CS32 [-R-]
SS =0010 00000000 ffffffff 00cf9300 DPL=0 DS   [-WA]
DS =0010 00000000 ffffffff 00cf9300 DPL=0 DS   [-WA]
FS =0010 00000000 ffffffff 00cf9300 DPL=0 DS   [-WA]
GS =0010 00000000 ffffffff 00cf9300 DPL=0 DS   [-WA]
LDT=0000 00000000 0000ffff 00008200 DPL=0 LDT
TR =0000 00000000 0000ffff 00008b00 DPL=0 TSS32-busy
GDT=     00115148 00000017
IDT=     0011c1e0 000007ff
CR0=80000011 CR2=00000000 CR3=00133000 CR4=00000000
DR0=00000000 DR1=00000000 DR2=00000000 DR3=00000000 
DR6=ffff0ff0 DR7=00000400
CCS=0000000c CCD=bffefd88 CCO=SUBL
EFER=0000000000000000
   283: v=80 e=0000 i=1 cpl=0 IP=0008:400030ae pc=400030ae SP=0010:bffefd80 env->regs[R_EAX]=00000007
EAX=00000007 EBX=00000000 ECX=50062004 EDX=0000000d
ESI=5003f000 EDI=00000014 EBP=bffefdac ESP=bffefd80
EIP=400030ae EFL=00000296 [--S-AP-] CPL=0 II=0 A20=1 SMM=0 HLT=0
ES =0010 00000000 ffffffff 00cf9300 DPL=0 DS   [-WA]
CS =0008 00000000 ffffffff 00cf9a00 DPL=0 CS32 [-R-]
SS =0010 00000000 ffffffff 00cf9300 DPL=0 DS   [-WA]
DS =0010 00000000 ffffffff 00cf9300 DPL=0 DS   [-WA]
FS =0010 00000000 ffffffff 00cf9300 DPL=0 DS   [-WA]
GS =0010 00000000 ffffffff 00cf9300 DPL=0 DS   [-WA]
LDT=0000 00000000 0000ffff 00008200 DPL=0 LDT
TR =0000 00000000 0000ffff 00008b00 DPL=0 TSS32-busy
GDT=     00115148 00000017
IDT=     0011c1e0 000007ff
CR0=80000011 CR2=00000000 CR3=00133000 CR4=00000000
DR0=00000000 DR1=00000000 DR2=00000000 DR3=00000000 
DR6=ffff0ff0 DR7=00000400
CCS=0000000c CCD=bffefd88 CCO=SUBL
EFER=0000000000000000
Servicing hardware INT=0x20
   284: v=20 e=0000 i=0 cpl=0 IP=0008:00105a9c pc=00105a9c SP=0010:bffefdd0 env->regs[R_EAX]=00105a9c
EAX=00105a9c EBX=00000000 ECX=4000534b EDX=00000000
ESI=5003f000 EDI=00000014 EBP=bffefdec ESP=bffefdd0
EIP=00105a9c EFL=00000282 [--S----] CPL=0 II=0 A20=1 SMM=0 HLT=0
ES =0010 00000000 ffffffff 00cf9300 DPL=0 DS   [-WA]
CS =0008 00000000 ffffffff 00cf9a00 DPL=0 CS32 [-R-]
SS =0010 00000000 ffffffff 00cf9300 DPL=0 DS   [-WA]
DS =0010 00000000 ffffffff 00cf9300 DPL=0 DS   [-WA]
FS =0010 00000000 ffffffff 00cf9300 DPL=0 DS   [-WA]
GS =0010 00000000 ffffffff 00cf9300 DPL=0 DS   [-WA]
LDT=0000 00000000 0000ffff 00008200 DPL=0 LDT
TR =0000 00000000 0000ffff 00008b00 DPL=0 TSS32-busy
GDT=     00115148 00000017
IDT=     0011c1e0 000007ff
CR0=80000011 CR2=00000000 CR3=00133000 CR4=00000000
DR0=00000000 DR1=00000000 DR2=00000000 DR3=00000000 
DR6=ffff0ff0 DR7=00000400
CCS=00000080 CCD=bffefde0 CCO=EFLAGS
EFER=0000000000000000
Servicing hardware INT=0x20
   285: v=20 e=0000 i=0 cpl=0 IP=0008:40001bc1 pc=40001bc1 SP=0010:bffefca8 env->regs[R_EAX]=bffefe30
EAX=bffefe30 EBX=00000000 ECX=4000534b EDX=00000000
ESI=5003f000 EDI=00000014 EBP=bffefdbc ESP=bffefca8
EIP=40001bc1 EFL=00000282 [--S----] CPL=0 II=0 A20=1 SMM=0 HLT=0
ES =0010 00000000 ffffffff 00cf9300 DPL=0 DS   [-WA]
CS =0008 00000000 ffffffff 00cf9a00 DPL=0 CS32 [-R-]
SS =0010 00000000 ffffffff 00cf9300 DPL=0 DS   [-WA]
DS =0010 00000000 ffffffff 00cf9300 DPL=0 DS   [-WA]
FS =0010 00000000 ffffffff 00cf9300 DPL=0 DS   [-WA]
GS =0010 00000000 ffffffff 00cf9300 DPL=0 DS   [-WA]
LDT=0000 00000000 0000ffff 00008200 DPL=0 LDT
TR =0000 00000000 0000ffff 00008b00 DPL=0 TSS32-busy
GDT=     00115148 00000017
IDT=     0011c1e0 000007ff
CR0=80000011 CR2=00000000 CR3=00133000 CR4=00000000
DR0=00000000 DR1=00000000 DR2=00000000 DR3=00000000 
DR6=ffff0ff0 DR7=00000400
CCS=00000080 CCD=bffefc8c CCO=EFLAGS
EFER=0000000000000000
Servicing hardware INT=0x20
   286: v=20 e=0000 i=0 cpl=0 IP=0008:400019c9 pc=400019c9 SP=0010:bffefb54 env->regs[R_EAX]=50062004
EAX=50062004 EBX=00000000 ECX=40005349 EDX=50062000
ESI=5003f000 EDI=00000014 EBP=bffefc6c ESP=bffefb54
EIP=400019c9 EFL=00000202 [-------] CPL=0 II=0 A20=1 SMM=0 HLT=0
ES =0010 00000000 ffffffff 00cf9300 DPL=0 DS   [-WA]
CS =0008 00000000 ffffffff 00cf9a00 DPL=0 CS32 [-R-]
SS =0010 00000000 ffffffff 00cf9300 DPL=0 DS   [-WA]
DS =0010 00000000 ffffffff 00cf9300 DPL=0 DS   [-WA]
FS =0010 00000000 ffffffff 00cf9300 DPL=0 DS   [-WA]
GS =0010 00000000 ffffffff 00cf9300 DPL=0 DS   [-WA]
LDT=0000 00000000 0000ffff 00008200 DPL=0 LDT
TR =0000 00000000 0000ffff 00008b00 DPL=0 TSS32-busy
GDT=     00115148 00000017
IDT=     0011c1e0 000007ff
CR0=80000011 CR2=00000000 CR3=00133000 CR4=00000000
DR0=00000000 DR1=00000000 DR2=00000000 DR3=00000000 
DR6=ffff0ff0 DR7=00000400
CCS=00000000 CCD=50062004 CCO=EFLAGS
EFER=0000000000000000
Servicing hardware INT=0x20
   287: v=20 e=0000 i=0 cpl=0 IP=0008:40000b6b pc=40000b6b SP=0010:bffefca0 env->regs[R_EAX]=bffefd28
EAX=bffefd28 EBX=00000000 ECX=00000001 EDX=00000000
ESI=5003f000 EDI=00000014 EBP=bffefdbc ESP=bffefca0
EIP=40000b6b EFL=00000282 [--S----] CPL=0 II=0 A20=1 SMM=0 HLT=0
ES =0010 00000000 ffffffff 00cf9300 DPL=0 DS   [-WA]
CS =0008 00000000 ffffffff 00cf9a00 DPL=0 CS32 [-R-]
SS =0010 00000000 ffffffff 00cf9300 DPL=0 DS   [-WA]
DS =0010 00000000 ffffffff 00cf9300 DPL=0 DS   [-WA]
FS =0010 00000000 ffffffff 00cf9300 DPL=0 DS   [-WA]
GS =0010 00000000 ffffffff 00cf9300 DPL=0 DS   [-WA]
LDT=0000 00000000 0000ffff 00008200 DPL=0 LDT
TR =0000 00000000 0000ffff 00008b00 DPL=0 TSS32-busy
GDT=     00115148 00000017
IDT=     0011c1e0 000007ff
CR0=80000011 CR2=00000000 CR3=00133000 CR4=00000000
DR0=00000000 DR1=00000000 DR2=00000000 DR3=00000000 
DR6=ffff0ff0 DR7=00000400
CCS=00000080 CCD=bffefcb0 CCO=EFLAGS
EFER=0000000000000000
Servicing hardware INT=0x20
   288: v=20 e=0000 i=0 cpl=0 IP=0008:4000082b pc=4000082b SP=0010:bffefdd0 env->regs[R_EAX]=00000078
EAX=00000078 EBX=00000000 ECX=001422b5 EDX=4000537f
ESI=5003f000 EDI=00000014 EBP=bffefde0 ESP=bffefdd0
EIP=4000082b EFL=00000206 [-----P-] CPL=0 II=0 A20=1 SMM=0 HLT=0
ES =0010 00000000 ffffffff 00cf9300 DPL=0 DS   [-WA]
CS =0008 00000000 ffffffff 00cf9a00 DPL=0 CS32 [-R-]
SS =0010 00000000 ffffffff 00cf9300 DPL=0 DS   [-WA]
DS =0010 00000000 ffffffff 00cf9300 DPL=0 DS   [-WA]
FS =0010 00000000 ffffffff 00cf9300 DPL=0 DS   [-WA]
GS =0010 00000000 ffffffff 00cf9300 DPL=0 DS   [-WA]
LDT=0000 00000000 0000ffff 00008200 DPL=0 LDT
TR =0000 00000000 0000ffff 00008b00 DPL=0 TSS32-busy
GDT=     00115148 00000017
IDT=     0011c1e0 000007ff
CR0=80000011 CR2=00000000 CR3=00133000 CR4=00000000
DR0=00000000 DR1=00000000 DR2=00000000 DR3=00000000 
DR6=ffff0ff0 DR7=00000400
CCS=00000004 CCD=00000078 CCO=EFLAGS
EFER=0000000000000000
Servicing hardware INT=0x20
   289: v=20 e=0000 i=0 cpl=0 IP=0008:40001ebf pc=40001ebf SP=0010:bffefdf8 env->regs[R_EAX]=bffefec4
EAX=bffefec4 EBX=00000000 ECX=4000537f EDX=40005381
ESI=5003f000 EDI=00000014 EBP=bffeff0c ESP=bffefdf8
EIP=40001ebf EFL=00000282 [--S----] CPL=0 II=0 A20=1 SMM=0 HLT=0
ES =0010 00000000 ffffffff 00cf9300 DPL=0 DS   [-WA]
CS =0008 00000000 ffffffff 00cf9a00 DPL=0 CS32 [-R-]
SS =0010 00000000 ffffffff 00cf9300 DPL=0 DS   [-WA]
DS =0010 00000000 ffffffff 00cf9300 DPL=0 DS   [-WA]
FS =0010 00000000 ffffffff 00cf9300 DPL=0 DS   [-WA]
GS =0010 00000000 ffffffff 00cf9300 DPL=0 DS   [-WA]
LDT=0000 00000000 0000ffff 00008200 DPL=0 LDT
TR =0000 00000000 0000ffff 00008b00 DPL=0 TSS32-busy
GDT=     00115148 00000017
IDT=     0011c1e0 000007ff
CR0=80000011 CR2=00000000 CR3=00133000 CR4=00000000
DR0=00000000 DR1=00000000 DR2=00000000 DR3=00000000 
DR6=ffff0ff0 DR7=00000400
CCS=00000080 CCD=bffefdec CCO=EFLAGS
EFER=0000000000000000
Servicing hardware INT=0x20
   290: v=20 e=0000 i=0 cpl=0 IP=0008:40001ae1 pc=40001ae1 SP=0010:bffefb54 env->regs[R_EAX]=00000000
EAX=00000000 EBX=00000000 ECX=40005347 EDX=00000025
ESI=5003f000 EDI=00000014 EBP=bffefc6c ESP=bffefb54
EIP=40001ae1 EFL=00000297 [--S-APC] CPL=0 II=0 A20=1 SMM=0 HLT=0
ES =0010 00000000 ffffffff 00cf9300 DPL=0 DS   [-WA]
CS =0008 00000000 ffffffff 00cf9a00 DPL=0 CS32 [-R-]
SS =0010 00000000 ffffffff 00cf9300 DPL=0 DS   [-WA]
DS =0010 00000000 ffffffff 00cf9300 DPL=0 DS   [-WA]
FS =0010 00000000 ffffffff 00cf9300 DPL=0 DS   [-WA]
GS =0010 00000000 ffffffff 00cf9300 DPL=0 DS   [-WA]
LDT=0000 00000000 0000ffff 00008200 DPL=0 LDT
TR =0000 00000000 0000ffff 00008b00 DPL=0 TSS32-busy
GDT=     00115148 00000017
IDT=     0011c1e0 000007ff
CR0=80000011 CR2=00000000 CR3=00133000 CR4=00000000
DR0=00000000 DR1=00000000 DR2=00000000 DR3=00000000 
DR6=ffff0ff0 DR7=00000400
CCS=00000095 CCD=fffffff6 CCO=EFLAGS
EFER=0000000000000000
Servicing hardware INT=0x20
   291: v=20 e=0000 i=0 cpl=0 IP=0008:00105ac3 pc=00105ac3 SP=0010:bffefdb4 env->regs[R_EAX]=00000003
EAX=00000003 EBX=00000000 ECX=001422b5 EDX=fd04500c
ESI=5003f000 EDI=00000014 EBP=bffefdec ESP=bffefdb4
EIP=00105ac3 EFL=00000292 [--S-A--] CPL=0 II=0 A20=1 SMM=0 HLT=0
ES =0010 00000000 ffffffff 00cf9300 DPL=0 DS   [-WA]
CS =0008 00000000 ffffffff 00cf9a00 DPL=0 CS32 [-R-]
SS =0010 00000000 ffffffff 00cf9300 DPL=0 DS   [-WA]
DS =0010 00000000 ffffffff 00cf9300 DPL=0 DS   [-WA]
FS =0010 00000000 ffffffff 00cf9300 DPL=0 DS   [-WA]
GS =0010 00000000 ffffffff 00cf9300 DPL=0 DS   [-WA]
LDT=0000 00000000 0000ffff 00008200 DPL=0 LDT
TR =0000 00000000 0000ffff 00008b00 DPL=0 TSS32-busy
GDT=     00115148 00000017
IDT=     0011c1e0 000007ff
CR0=80000011 CR2=00000000 CR3=00133000 CR4=00000000
DR0=00000000 DR1=00000000 DR2=00000000 DR3=00000000 
DR6=ffff0ff0 DR7=00000400
CCS=00000090 CCD=bffefdb0 CCO=EFLAGS
EFER=0000000000000000
Servicing hardware INT=0x20
   292: v=20 e=0000 i=0 cpl=0 IP=0008:40000aaa pc=40000aaa SP=0010:bffefac4 env->regs[R_EAX]=00000002
EAX=00000002 EBX=00000000 ECX=00000164 EDX=50065000
ESI=5003f000 EDI=00000014 EBP=bffefacc ESP=bffefac4
EIP=40000aaa EFL=00000293 [--S-A-C] CPL=0 II=0 A20=1 SMM=0 HLT=0
ES =0010 00000000 ffffffff 00cf9300 DPL=0 DS   [-WA]
CS =0008 00000000 ffffffff 00cf9a00 DPL=0 CS32 [-R-]
SS =0010 00000000 ffffffff 00cf9300 DPL=0 DS   [-WA]
DS =0010 00000000 ffffffff 00cf9300 DPL=0 DS   [-WA]
FS =0010 00000000 ffffffff 00cf9300 DPL=0 DS   [-WA]
GS =0010 00000000 ffffffff 00cf9300 DPL=0 DS   [-WA]
LDT=0000 00000000 0000ffff 00008200 DPL=0 LDT
TR =0000 00000000 0000ffff 00008b00 DPL=0 TSS32-busy
GDT=     00115148 00000017
IDT=     0011c1e0 000007ff
CR0=80000011 CR2=00000000 CR3=00133000 CR4=00000000
DR0=00000000 DR1=00000000 DR2=00000000 DR3=00000000 
DR6=ffff0ff0 DR7=00000400
CCS=00000091 CCD=fffffffe CCO=EFLAGS
EFER=0000000000000000
Servicing hardware INT=0x20
   293: v=20 e=0000 i=0 cpl=0 IP=0008:40001887 pc=40001887 SP=0010:bffefca4 env->regs[R_EAX]=5005a000
EAX=5005a000 EBX=00000000 ECX=40005381 EDX=5005a000
ESI=5003f000 EDI=00000014 EBP=bffefdbc ESP=bffefca4
EIP=40001887 EFL=00000206 [-----P-] CPL=0 II=0 A20=1 SMM=0 HLT=0
ES =0010 00000000 ffffffff 00cf9300 DPL=0 DS   [-WA]
CS =0008 00000000 ffffffff 00cf9a00 DPL=0 CS32 [-R-]
SS =0010 00000000 ffffffff 00cf9300 DPL=0 DS   [-WA]
DS =0010 00000000 ffffffff 00cf9300 DPL=0 DS   [-WA]
FS =0010 00000000 ffffffff 00cf9300 DPL=0 DS   [-WA]
GS =0010 00000000 ffffffff 00cf9300 DPL=0 DS   [-WA]
LDT=0000 00000000 0000ffff 00008200 DPL=0 LDT
TR =0000 00000000 0000ffff 00008b00 DPL=0 TSS32-busy
GDT=     00115148 00000017
IDT=     0011c1e0 000007ff
CR0=80000011 CR2=00000000 CR3=00133000 CR4=00000000
DR0=00000000 DR1=00000000 DR2=00000000 DR3=00000000 
DR6=ffff0ff0 DR7=00000400
CCS=00000004 CCD=5005a000 CCO=EFLAGS
EFER=0000000000000000
Servicing hardware INT=0x20
   294: v=20 e=0000 i=0 cpl=0 IP=0008:4000194c pc=4000194c SP=0010:bffefcb4 env->regs[R_EAX]=00000000
EAX=00000000 EBX=00000000 ECX=40005349 EDX=0000005e
ESI=5003f000 EDI=00000014 EBP=bffefdbc ESP=bffefcb4
EIP=4000194c EFL=00000246 [---Z-P-] CPL=0 II=0 A20=1 SMM=0 HLT=0
ES =0010 00000000 ffffffff 00cf9300 DPL=0 DS   [-WA]
CS =0008 00000000 ffffffff 00cf9a00 DPL=0 CS32 [-R-]
SS =0010 00000000 ffffffff 00cf9300 DPL=0 DS   [-WA]
DS =0010 00000000 ffffffff 00cf9300 DPL=0 DS   [-WA]
FS =0010 00000000 ffffffff 00cf9300 DPL=0 DS   [-WA]
GS =0010 00000000 ffffffff 00cf9300 DPL=0 DS   [-WA]
LDT=0000 00000000 0000ffff 00008200 DPL=0 LDT
TR =0000 00000000 0000ffff 00008b00 DPL=0 TSS32-busy
GDT=     00115148 00000017
IDT=     0011c1e0 000007ff
CR0=80000011 CR2=00000000 CR3=00133000 CR4=00000000
DR0=00000000 DR1=00000000 DR2=00000000 DR3=00000000 
DR6=ffff0ff0 DR7=00000400
CCS=00000044 CCD=00000000 CCO=EFLAGS
EFER=0000000000000000
Servicing hardware INT=0x20
   295: v=20 e=0000 i=0 cpl=0 IP=0008:40000b6b pc=40000b6b SP=0010:bffefb50 env->regs[R_EAX]=00000001
EAX=00000001 EBX=00000000 ECX=4000534b EDX=5003f012
ESI=5003f000 EDI=00000014 EBP=bffefc6c ESP=bffefb50
EIP=40000b6b EFL=00000286 [--S--P-] CPL=0 II=0 A20=1 SMM=0 HLT=0
ES =0010 00000000 ffffffff 00cf9300 DPL=0 DS   [-WA]
CS =0008 00000000 ffffffff 00cf9a00 DPL=0 CS32 [-R-]
SS =0010 00000000 ffffffff 00cf9300 DPL=0 DS   [-WA]
DS =0010 00000000 ffffffff 00cf9300 DPL=0 DS   [-WA]
FS =0010 00000000 ffffffff 00cf9300 DPL=0 DS   [-WA]
GS =0010 00000000 ffffffff 00cf9300 DPL=0 DS   [-WA]
LDT=0000 00000000 0000ffff 00008200 DPL=0 LDT
TR =0000 00000000 0000ffff 00008b00 DPL=0 TSS32-busy
GDT=     00115148 00000017
IDT=     0011c1e0 000007ff
CR0=80000011 CR2=00000000 CR3=00133000 CR4=00000000
DR0=00000000 DR1=00000000 DR2=00000000 DR3=00000000 
DR6=ffff0ff0 DR7=00000400
CCS=00000084 CCD=bffefb60 CCO=EFLAGS
EFER=0000000000000000
Servicing hardware INT=0x20
   296: v=20 e=0000 i=0 cpl=0 IP=0008:40001ae1 pc=40001ae1 SP=0010:bffefb54 env->regs[R_EAX]=00000000
EAX=00000000 EBX=00000000 ECX=40005347 EDX=00000025
ESI=5003f000 EDI=00000014 EBP=bffefc6c ESP=bffefb54
EIP=40001ae1 EFL=00000297 [--S-APC] CPL=0 II=0 A20=1 SMM=0 HLT=0
ES =0010 00000000 ffffffff 00cf9300 DPL=0 DS   [-WA]
CS =0008 00000000 ffffffff 00cf9a00 DPL=0 CS32 [-R-]
SS =0010 00000000 ffffffff 00cf9300 DPL=0 DS   [-WA]
DS =0010 00000000 ffffffff 00cf9300 DPL=0 DS   [-WA]
FS =0010 00000000 ffffffff 00cf9300 DPL=0 DS   [-WA]
GS =0010 00000000 ffffffff 00cf9300 DPL=0 DS   [-WA]
LDT=0000 00000000 0000ffff 00008200 DPL=0 LDT
TR =0000 00000000 0000ffff 00008b00 DPL=0 TSS32-busy
GDT=     00115148 00000017
IDT=     0011c1e0 000007ff
CR0=80000011 CR2=00000000 CR3=00133000 CR4=00000000
DR0=00000000 DR1=00000000 DR2=00000000 DR3=00000000 
DR6=ffff0ff0 DR7=00000400
CCS=00000095 CCD=fffffff6 CCO=EFLAGS
EFER=0000000000000000
Servicing hardware INT=0x20
   297: v=20 e=0000 i=0 cpl=0 IP=0008:00105ac3 pc=00105ac3 SP=0010:bffefdb4 env->regs[R_EAX]=00000005
EAX=00000005 EBX=00000000 ECX=001422b5 EDX=fd17c014
ESI=5003f000 EDI=00000014 EBP=bffefdec ESP=bffefdb4
EIP=00105ac3 EFL=00000292 [--S-A--] CPL=0 II=0 A20=1 SMM=0 HLT=0
ES =0010 00000000 ffffffff 00cf9300 DPL=0 DS   [-WA]
CS =0008 00000000 ffffffff 00cf9a00 DPL=0 CS32 [-R-]
SS =0010 00000000 ffffffff 00cf9300 DPL=0 DS   [-WA]
DS =0010 00000000 ffffffff 00cf9300 DPL=0 DS   [-WA]
FS =0010 00000000 ffffffff 00cf9300 DPL=0 DS   [-WA]
GS =0010 00000000 ffffffff 00cf9300 DPL=0 DS   [-WA]
LDT=0000 00000000 0000ffff 00008200 DPL=0 LDT
TR =0000 00000000 0000ffff 00008b00 DPL=0 TSS32-busy
GDT=     00115148 00000017
IDT=     0011c1e0 000007ff
CR0=80000011 CR2=00000000 CR3=00133000 CR4=00000000
DR0=00000000 DR1=00000000 DR2=00000000 DR3=00000000 
DR6=ffff0ff0 DR7=00000400
CCS=00000090 CCD=bffefdb0 CCO=EFLAGS
EFER=0000000000000000
Servicing hardware INT=0x20
   298: v=20 e=0000 i=0 cpl=0 IP=0008:40001e65 pc=40001e65 SP=0010:bffefdf8 env->regs[R_EAX]=bffefea4
EAX=bffefea4 EBX=00000000 ECX=001422b5 EDX=00000005
ESI=5003f000 EDI=00000014 EBP=bffeff0c ESP=bffefdf8
EIP=40001e65 EFL=00000282 [--S----] CPL=0 II=0 A20=1 SMM=0 HLT=0
ES =0010 00000000 ffffffff 00cf9300 DPL=0 DS   [-WA]
CS =0008 00000000 ffffffff 00cf9a00 DPL=0 CS32 [-R-]
SS =0010 00000000 ffffffff 00cf9300 DPL=0 DS   [-WA]
DS =0010 00000000 ffffffff 00cf9300 DPL=0 DS   [-WA]
FS =0010 00000000 ffffffff 00cf9300 DPL=0 DS   [-WA]
GS =0010 00000000 ffffffff 00cf9300 DPL=0 DS   [-WA]
LDT=0000 00000000 0000ffff 00008200 DPL=0 LDT
TR =0000 00000000 0000ffff 00008b00 DPL=0 TSS32-busy
GDT=     00115148 00000017
IDT=     0011c1e0 000007ff
CR0=80000011 CR2=00000000 CR3=00133000 CR4=00000000
DR0=00000000 DR1=00000000 DR2=00000000 DR3=00000000 
DR6=ffff0ff0 DR7=00000400
CCS=00000080 CCD=bffefddc CCO=EFLAGS
EFER=0000000000000000
Servicing hardware INT=0x20
   299: v=20 e=0000 i=0 cpl=0 IP=0008:4000212c pc=4000212c SP=0010:bffefb20 env->regs[R_EAX]=bffefbd8
EAX=bffefbd8 EBX=00000000 ECX=00000006 EDX=00000000
ESI=5003f000 EDI=00000014 EBP=bffefb4c ESP=bffefb20
EIP=4000212c EFL=00000292 [--S-A--] CPL=0 II=0 A20=1 SMM=0 HLT=0
ES =0010 00000000 ffffffff 00cf9300 DPL=0 DS   [-WA]
CS =0008 00000000 ffffffff 00cf9a00 DPL=0 CS32 [-R-]
SS =0010 00000000 ffffffff 00cf9300 DPL=0 DS   [-WA]
DS =0010 00000000 ffffffff 00cf9300 DPL=0 DS   [-WA]
FS =0010 00000000 ffffffff 00cf9300 DPL=0 DS   [-WA]
GS =0010 00000000 ffffffff 00cf9300 DPL=0 DS   [-WA]
LDT=0000 00000000 0000ffff 00008200 DPL=0 LDT
TR =0000 00000000 0000ffff 00008b00 DPL=0 TSS32-busy
GDT=     00115148 00000017
IDT=     0011c1e0 000007ff
CR0=80000011 CR2=00000000 CR3=00133000 CR4=00000000
DR0=00000000 DR1=00000000 DR2=00000000 DR3=00000000 
DR6=ffff0ff0 DR7=00000400
CCS=00000090 CCD=bffefb2c CCO=EFLAGS
EFER=0000000000000000
Servicing hardware INT=0x20
   300: v=20 e=0000 i=0 cpl=0 IP=0008:40000aaa pc=40000aaa SP=0010:bffefda4 env->regs[R_EAX]=00000002
EAX=00000002 EBX=00000000 ECX=4000537f EDX=00000078
ESI=5003f000 EDI=00000014 EBP=bffefdac ESP=bffefda4
EIP=40000aaa EFL=00000293 [--S-A-C] CPL=0 II=0 A20=1 SMM=0 HLT=0
ES =0010 00000000 ffffffff 00cf9300 DPL=0 DS   [-WA]
CS =0008 00000000 ffffffff 00cf9a00 DPL=0 CS32 [-R-]
SS =0010 00000000 ffffffff 00cf9300 DPL=0 DS   [-WA]
DS =0010 00000000 ffffffff 00cf9300 DPL=0 DS   [-WA]
FS =0010 00000000 ffffffff 00cf9300 DPL=0 DS   [-WA]
GS =0010 00000000 ffffffff 00cf9300 DPL=0 DS   [-WA]
LDT=0000 00000000 0000ffff 00008200 DPL=0 LDT
TR =0000 00000000 0000ffff 00008b00 DPL=0 TSS32-busy
GDT=     00115148 00000017
IDT=     0011c1e0 000007ff
CR0=80000011 CR2=00000000 CR3=00133000 CR4=00000000
DR0=00000000 DR1=00000000 DR2=00000000 DR3=00000000 
DR6=ffff0ff0 DR7=00000400
CCS=00000091 CCD=fffffffe CCO=EFLAGS
EFER=0000000000000000
Servicing hardware INT=0x20
   301: v=20 e=0000 i=0 cpl=0 IP=0008:40000b6b pc=40000b6b SP=0010:bffefca0 env->regs[R_EAX]=00000000
EAX=00000000 EBX=00000000 ECX=40005349 EDX=0000005e
ESI=5003f000 EDI=00000014 EBP=bffefdbc ESP=bffefca0
EIP=40000b6b EFL=00000282 [--S----] CPL=0 II=0 A20=1 SMM=0 HLT=0
ES =0010 00000000 ffffffff 00cf9300 DPL=0 DS   [-WA]
CS =0008 00000000 ffffffff 00cf9a00 DPL=0 CS32 [-R-]
SS =0010 00000000 ffffffff 00cf9300 DPL=0 DS   [-WA]
DS =0010 00000000 ffffffff 00cf9300 DPL=0 DS   [-WA]
FS =0010 00000000 ffffffff 00cf9300 DPL=0 DS   [-WA]
GS =0010 00000000 ffffffff 00cf9300 DPL=0 DS   [-WA]
LDT=0000 00000000 0000ffff 00008200 DPL=0 LDT
TR =0000 00000000 0000ffff 00008b00 DPL=0 TSS32-busy
GDT=     00115148 00000017
IDT=     0011c1e0 000007ff
CR0=80000011 CR2=00000000 CR3=00133000 CR4=00000000
DR0=00000000 DR1=00000000 DR2=00000000 DR3=00000000 
DR6=ffff0ff0 DR7=00000400
CCS=00000080 CCD=bffefcb0 CCO=EFLAGS
EFER=0000000000000000
Servicing hardware INT=0x20
   302: v=20 e=0000 i=0 cpl=0 IP=0008:40001ede pc=40001ede SP=0010:bffefde4 env->regs[R_EAX]=50053014
EAX=50053014 EBX=00000000 ECX=40005381 EDX=00000000
ESI=5003f000 EDI=00000014 EBP=bffeff0c ESP=bffefde4
EIP=40001ede EFL=00000282 [--S----] CPL=0 II=0 A20=1 SMM=0 HLT=0
ES =0010 00000000 ffffffff 00cf9300 DPL=0 DS   [-WA]
CS =0008 00000000 ffffffff 00cf9a00 DPL=0 CS32 [-R-]
SS =0010 00000000 ffffffff 00cf9300 DPL=0 DS   [-WA]
DS =0010 00000000 ffffffff 00cf9300 DPL=0 DS   [-WA]
FS =0010 00000000 ffffffff 00cf9300 DPL=0 DS   [-WA]
GS =0010 00000000 ffffffff 00cf9300 DPL=0 DS   [-WA]
LDT=0000 00000000 0000ffff 00008200 DPL=0 LDT
TR =0000 00000000 0000ffff 00008b00 DPL=0 TSS32-busy
GDT=     00115148 00000017
IDT=     0011c1e0 000007ff
CR0=80000011 CR2=00000000 CR3=00133000 CR4=00000000
DR0=00000000 DR1=00000000 DR2=00000000 DR3=00000000 
DR6=ffff0ff0 DR7=00000400
CCS=00000080 CCD=bffefdc4 CCO=EFLAGS
EFER=0000000000000000
Servicing hardware INT=0x20
   303: v=20 e=0000 i=0 cpl=0 IP=0008:400018eb pc=400018eb SP=0010:bffefca4 env->regs[R_EAX]=00000000
EAX=00000000 EBX=00000000 ECX=40005343 EDX=0000005e
ESI=5003f000 EDI=00000014 EBP=bffefdbc ESP=bffefca4
EIP=400018eb EFL=00000202 [-------] CPL=0 II=0 A20=1 SMM=0 HLT=0
ES =0010 00000000 ffffffff 00cf9300 DPL=0 DS   [-WA]
CS =0008 00000000 ffffffff 00cf9a00 DPL=0 CS32 [-R-]
SS =0010 00000000 ffffffff 00cf9300 DPL=0 DS   [-WA]
DS =0010 00000000 ffffffff 00cf9300 DPL=0 DS   [-WA]
FS =0010 00000000 ffffffff 00cf9300 DPL=0 DS   [-WA]
GS =0010 00000000 ffffffff 00cf9300 DPL=0 DS   [-WA]
LDT=0000 00000000 0000ffff 00008200 DPL=0 LDT
TR =0000 00000000 0000ffff 00008b00 DPL=0 TSS32-busy
GDT=     00115148 00000017
IDT=     0011c1e0 000007ff
CR0=80000011 CR2=00000000 CR3=00133000 CR4=00000000
DR0=00000000 DR1=00000000 DR2=00000000 DR3=00000000 
DR6=ffff0ff0 DR7=00000400
CCS=00000000 CCD=00000031 CCO=EFLAGS
EFER=0000000000000000
Servicing hardware INT=0x20
   304: v=20 e=0000 i=0 cpl=0 IP=0008:40001ef3 pc=40001ef3 SP=0010:bffefdf8 env->regs[R_EAX]=bffefe30
EAX=bffefe30 EBX=00000000 ECX=4000534b EDX=00000009
ESI=5003f000 EDI=00000014 EBP=bffeff0c ESP=bffefdf8
EIP=40001ef3 EFL=00000296 [--S-AP-] CPL=0 II=0 A20=1 SMM=0 HLT=0
ES =0010 00000000 ffffffff 00cf9300 DPL=0 DS   [-WA]
CS =0008 00000000 ffffffff 00cf9a00 DPL=0 CS32 [-R-]
SS =0010 00000000 ffffffff 00cf9300 DPL=0 DS   [-WA]
DS =0010 00000000 ffffffff 00cf9300 DPL=0 DS   [-WA]
FS =0010 00000000 ffffffff 00cf9300 DPL=0 DS   [-WA]
GS =0010 00000000 ffffffff 00cf9300 DPL=0 DS   [-WA]
LDT=0000 00000000 0000ffff 00008200 DPL=0 LDT
TR =0000 00000000 0000ffff 00008b00 DPL=0 TSS32-busy
GDT=     00115148 00000017
IDT=     0011c1e0 000007ff
CR0=80000011 CR2=00000000 CR3=00133000 CR4=00000000
DR0=00000000 DR1=00000000 DR2=00000000 DR3=00000000 
DR6=ffff0ff0 DR7=00000400
CCS=00000094 CCD=bffefdd4 CCO=EFLAGS
EFER=0000000000000000
Servicing hardware INT=0x20
   305: v=20 e=0000 i=0 cpl=0 IP=0008:40001671 pc=40001671 SP=0010:bffefad4 env->regs[R_EAX]=50053000
EAX=50053000 EBX=00000000 ECX=40005349 EDX=50053000
ESI=5003f000 EDI=00000014 EBP=bffefafc ESP=bffefad4
EIP=40001671 EFL=00000206 [-----P-] CPL=0 II=0 A20=1 SMM=0 HLT=0
ES =0010 00000000 ffffffff 00cf9300 DPL=0 DS   [-WA]
CS =0008 00000000 ffffffff 00cf9a00 DPL=0 CS32 [-R-]
SS =0010 00000000 ffffffff 00cf9300 DPL=0 DS   [-WA]
DS =0010 00000000 ffffffff 00cf9300 DPL=0 DS   [-WA]
FS =0010 00000000 ffffffff 00cf9300 DPL=0 DS   [-WA]
GS =0010 00000000 ffffffff 00cf9300 DPL=0 DS   [-WA]
LDT=0000 00000000 0000ffff 00008200 DPL=0 LDT
TR =0000 00000000 0000ffff 00008b00 DPL=0 TSS32-busy
GDT=     00115148 00000017
IDT=     0011c1e0 000007ff
CR0=80000011 CR2=00000000 CR3=00133000 CR4=00000000
DR0=00000000 DR1=00000000 DR2=00000000 DR3=00000000 
DR6=ffff0ff0 DR7=00000400
CCS=00000004 CCD=50053000 CCO=EFLAGS
EFER=0000000000000000
Servicing hardware INT=0x20
   306: v=20 e=0000 i=0 cpl=0 IP=0008:40001653 pc=40001653 SP=0010:bffefb00 env->regs[R_EAX]=bffefbd8
EAX=bffefbd8 EBX=00000000 ECX=0000028a EDX=50065000
ESI=5003f000 EDI=00000014 EBP=bffefb1c ESP=bffefb00
EIP=40001653 EFL=00000286 [--S--P-] CPL=0 II=0 A20=1 SMM=0 HLT=0
ES =0010 00000000 ffffffff 00cf9300 DPL=0 DS   [-WA]
CS =0008 00000000 ffffffff 00cf9a00 DPL=0 CS32 [-R-]
SS =0010 00000000 ffffffff 00cf9300 DPL=0 DS   [-WA]
DS =0010 00000000 ffffffff 00cf9300 DPL=0 DS   [-WA]
FS =0010 00000000 ffffffff 00cf9300 DPL=0 DS   [-WA]
GS =0010 00000000 ffffffff 00cf9300 DPL=0 DS   [-WA]
LDT=0000 00000000 0000ffff 00008200 DPL=0 LDT
TR =0000 00000000 0000ffff 00008b00 DPL=0 TSS32-busy
GDT=     00115148 00000017
IDT=     0011c1e0 000007ff
CR0=80000011 CR2=00000000 CR3=00133000 CR4=00000000
DR0=00000000 DR1=00000000 DR2=00000000 DR3=00000000 
DR6=ffff0ff0 DR7=00000400
CCS=00000084 CCD=bffefb14 CCO=EFLAGS
EFER=0000000000000000
Servicing hardware INT=0x20
   307: v=20 e=0000 i=0 cpl=0 IP=0008:400015d9 pc=400015d9 SP=0010:bffefdb4 env->regs[R_EAX]=00000001
EAX=00000001 EBX=00000000 ECX=4000537f EDX=00000078
ESI=5003f000 EDI=00000014 EBP=bffefddc ESP=bffefdb4
EIP=400015d9 EFL=00000246 [---Z-P-] CPL=0 II=0 A20=1 SMM=0 HLT=0
ES =0010 00000000 ffffffff 00cf9300 DPL=0 DS   [-WA]
CS =0008 00000000 ffffffff 00cf9a00 DPL=0 CS32 [-R-]
SS =0010 00000000 ffffffff 00cf9300 DPL=0 DS   [-WA]
DS =0010 00000000 ffffffff 00cf9300 DPL=0 DS   [-WA]
FS =0010 00000000 ffffffff 00cf9300 DPL=0 DS   [-WA]
GS =0010 00000000 ffffffff 00cf9300 DPL=0 DS   [-WA]
LDT=0000 00000000 0000ffff 00008200 DPL=0 LDT
TR =0000 00000000 0000ffff 00008b00 DPL=0 TSS32-busy
GDT=     00115148 00000017
IDT=     0011c1e0 000007ff
CR0=80000011 CR2=00000000 CR3=00133000 CR4=00000000
DR0=00000000 DR1=00000000 DR2=00000000 DR3=00000000 
DR6=ffff0ff0 DR7=00000400
CCS=00000044 CCD=00000000 CCO=EFLAGS
EFER=0000000000000000
Servicing hardware INT=0x20
   308: v=20 e=0000 i=0 cpl=0 IP=0008:40000b6b pc=40000b6b SP=0010:bffefb50 env->regs[R_EAX]=00000000
EAX=00000000 EBX=00000000 ECX=40005341 EDX=00000025
ESI=5003f000 EDI=00000014 EBP=bffefc6c ESP=bffefb50
EIP=40000b6b EFL=00000286 [--S--P-] CPL=0 II=0 A20=1 SMM=0 HLT=0
ES =0010 00000000 ffffffff 00cf9300 DPL=0 DS   [-WA]
CS =0008 00000000 ffffffff 00cf9a00 DPL=0 CS32 [-R-]
SS =0010 00000000 ffffffff 00cf9300 DPL=0 DS   [-WA]
DS =0010 00000000 ffffffff 00cf9300 DPL=0 DS   [-WA]
FS =0010 00000000 ffffffff 00cf9300 DPL=0 DS   [-WA]
GS =0010 00000000 ffffffff 00cf9300 DPL=0 DS   [-WA]
LDT=0000 00000000 0000ffff 00008200 DPL=0 LDT
TR =0000 00000000 0000ffff 00008b00 DPL=0 TSS32-busy
GDT=     00115148 00000017
IDT=     0011c1e0 000007ff
CR0=80000011 CR2=00000000 CR3=00133000 CR4=00000000
DR0=00000000 DR1=00000000 DR2=00000000 DR3=00000000 
DR6=ffff0ff0 DR7=00000400
CCS=00000084 CCD=bffefb60 CCO=EFLAGS
EFER=0000000000000000
Servicing hardware INT=0x20
   309: v=20 e=0000 i=0 cpl=0 IP=0008:40001ae1 pc=40001ae1 SP=0010:bffefb54 env->regs[R_EAX]=00000000
EAX=00000000 EBX=00000000 ECX=40005347 EDX=00000025
ESI=5003f000 EDI=00000014 EBP=bffefc6c ESP=bffefb54
EIP=40001ae1 EFL=00000297 [--S-APC] CPL=0 II=0 A20=1 SMM=0 HLT=0
ES =0010 00000000 ffffffff 00cf9300 DPL=0 DS   [-WA]
CS =0008 00000000 ffffffff 00cf9a00 DPL=0 CS32 [-R-]
SS =0010 00000000 ffffffff 00cf9300 DPL=0 DS   [-WA]
DS =0010 00000000 ffffffff 00cf9300 DPL=0 DS   [-WA]
FS =0010 00000000 ffffffff 00cf9300 DPL=0 DS   [-WA]
GS =0010 00000000 ffffffff 00cf9300 DPL=0 DS   [-WA]
LDT=0000 00000000 0000ffff 00008200 DPL=0 LDT
TR =0000 00000000 0000ffff 00008b00 DPL=0 TSS32-busy
GDT=     00115148 00000017
IDT=     0011c1e0 000007ff
CR0=80000011 CR2=00000000 CR3=00133000 CR4=00000000
DR0=00000000 DR1=00000000 DR2=00000000 DR3=00000000 
DR6=ffff0ff0 DR7=00000400
CCS=00000095 CCD=fffffff6 CCO=EFLAGS
EFER=0000000000000000
Servicing hardware INT=0x20
   310: v=20 e=0000 i=0 cpl=0 IP=0008:4000195f pc=4000195f SP=0010:bffefca4 env->regs[R_EAX]=00000001
EAX=00000001 EBX=00000000 ECX=4000534b EDX=0000005e
ESI=5003f000 EDI=00000014 EBP=bffefdbc ESP=bffefca4
EIP=4000195f EFL=00000246 [---Z-P-] CPL=0 II=0 A20=1 SMM=0 HLT=0
ES =0010 00000000 ffffffff 00cf9300 DPL=0 DS   [-WA]
CS =0008 00000000 ffffffff 00cf9a00 DPL=0 CS32 [-R-]
SS =0010 00000000 ffffffff 00cf9300 DPL=0 DS   [-WA]
DS =0010 00000000 ffffffff 00cf9300 DPL=0 DS   [-WA]
FS =0010 00000000 ffffffff 00cf9300 DPL=0 DS   [-WA]
GS =0010 00000000 ffffffff 00cf9300 DPL=0 DS   [-WA]
LDT=0000 00000000 0000ffff 00008200 DPL=0 LDT
TR =0000 00000000 0000ffff 00008b00 DPL=0 TSS32-busy
GDT=     00115148 00000017
IDT=     0011c1e0 000007ff
CR0=80000011 CR2=00000000 CR3=00133000 CR4=00000000
DR0=00000000 DR1=00000000 DR2=00000000 DR3=00000000 
DR6=ffff0ff0 DR7=00000400
CCS=00000044 CCD=00000000 CCO=EFLAGS
EFER=0000000000000000
Servicing hardware INT=0x20
   311: v=20 e=0000 i=0 cpl=0 IP=0008:4000186d pc=4000186d SP=0010:bffefc70 env->regs[R_EAX]=bffefd28
EAX=bffefd28 EBX=00000000 ECX=000002c8 EDX=0000000b
ESI=5003f000 EDI=00000014 EBP=bffefc9c ESP=bffefc70
EIP=4000186d EFL=00000292 [--S-A--] CPL=0 II=0 A20=1 SMM=0 HLT=0
ES =0010 00000000 ffffffff 00cf9300 DPL=0 DS   [-WA]
CS =0008 00000000 ffffffff 00cf9a00 DPL=0 CS32 [-R-]
SS =0010 00000000 ffffffff 00cf9300 DPL=0 DS   [-WA]
DS =0010 00000000 ffffffff 00cf9300 DPL=0 DS   [-WA]
FS =0010 00000000 ffffffff 00cf9300 DPL=0 DS   [-WA]
GS =0010 00000000 ffffffff 00cf9300 DPL=0 DS   [-WA]
LDT=0000 00000000 0000ffff 00008200 DPL=0 LDT
TR =0000 00000000 0000ffff 00008b00 DPL=0 TSS32-busy
GDT=     00115148 00000017
IDT=     0011c1e0 000007ff
CR0=80000011 CR2=00000000 CR3=00133000 CR4=00000000
DR0=00000000 DR1=00000000 DR2=00000000 DR3=00000000 
DR6=ffff0ff0 DR7=00000400
CCS=00000090 CCD=bffefc7c CCO=EFLAGS
EFER=0000000000000000
Servicing hardware INT=0x20
   312: v=20 e=0000 i=0 cpl=0 IP=0008:40000b6b pc=40000b6b SP=0010:bffefb50 env->regs[R_EAX]=00000001
EAX=00000001 EBX=00000000 ECX=4000534b EDX=5003f012
ESI=5003f000 EDI=00000014 EBP=bffefc6c ESP=bffefb50
EIP=40000b6b EFL=00000286 [--S--P-] CPL=0 II=0 A20=1 SMM=0 HLT=0
ES =0010 00000000 ffffffff 00cf9300 DPL=0 DS   [-WA]
CS =0008 00000000 ffffffff 00cf9a00 DPL=0 CS32 [-R-]
SS =0010 00000000 ffffffff 00cf9300 DPL=0 DS   [-WA]
DS =0010 00000000 ffffffff 00cf9300 DPL=0 DS   [-WA]
FS =0010 00000000 ffffffff 00cf9300 DPL=0 DS   [-WA]
GS =0010 00000000 ffffffff 00cf9300 DPL=0 DS   [-WA]
LDT=0000 00000000 0000ffff 00008200 DPL=0 LDT
TR =0000 00000000 0000ffff 00008b00 DPL=0 TSS32-busy
GDT=     00115148 00000017
IDT=     0011c1e0 000007ff
CR0=80000011 CR2=00000000 CR3=00133000 CR4=00000000
DR0=00000000 DR1=00000000 DR2=00000000 DR3=00000000 
DR6=ffff0ff0 DR7=00000400
CCS=00000084 CCD=bffefb60 CCO=EFLAGS
EFER=0000000000000000
Servicing hardware INT=0x20
   313: v=20 e=0000 i=0 cpl=0 IP=0008:00105a9c pc=00105a9c SP=0010:bffefdd0 env->regs[R_EAX]=00105a9c
EAX=00105a9c EBX=00000000 ECX=4000534b EDX=0000000b
ESI=5003f000 EDI=00000014 EBP=bffefdec ESP=bffefdd0
EIP=00105a9c EFL=00000282 [--S----] CPL=0 II=0 A20=1 SMM=0 HLT=0
ES =0010 00000000 ffffffff 00cf9300 DPL=0 DS   [-WA]
CS =0008 00000000 ffffffff 00cf9a00 DPL=0 CS32 [-R-]
SS =0010 00000000 ffffffff 00cf9300 DPL=0 DS   [-WA]
DS =0010 00000000 ffffffff 00cf9300 DPL=0 DS   [-WA]
FS =0010 00000000 ffffffff 00cf9300 DPL=0 DS   [-WA]
GS =0010 00000000 ffffffff 00cf9300 DPL=0 DS   [-WA]
LDT=0000 00000000 0000ffff 00008200 DPL=0 LDT
TR =0000 00000000 0000ffff 00008b00 DPL=0 TSS32-busy
GDT=     00115148 00000017
IDT=     0011c1e0 000007ff
CR0=80000011 CR2=00000000 CR3=00133000 CR4=00000000
DR0=00000000 DR1=00000000 DR2=00000000 DR3=00000000 
DR6=ffff0ff0 DR7=00000400
CCS=00000080 CCD=bffefde0 CCO=EFLAGS
EFER=0000000000000000
Servicing hardware INT=0x20
   314: v=20 e=0000 i=0 cpl=0 IP=0008:40000b17 pc=40000b17 SP=0010:bffefdb0 env->regs[R_EAX]=50053000
EAX=50053000 EBX=00000000 ECX=001422b5 EDX=50053000
ESI=5003f000 EDI=00000014 EBP=bffefddc ESP=bffefdb0
EIP=40000b17 EFL=00000282 [--S----] CPL=0 II=0 A20=1 SMM=0 HLT=0
ES =0010 00000000 ffffffff 00cf9300 DPL=0 DS   [-WA]
CS =0008 00000000 ffffffff 00cf9a00 DPL=0 CS32 [-R-]
SS =0010 00000000 ffffffff 00cf9300 DPL=0 DS   [-WA]
DS =0010 00000000 ffffffff 00cf9300 DPL=0 DS   [-WA]
FS =0010 00000000 ffffffff 00cf9300 DPL=0 DS   [-WA]
GS =0010 00000000 ffffffff 00cf9300 DPL=0 DS   [-WA]
LDT=0000 00000000 0000ffff 00008200 DPL=0 LDT
TR =0000 00000000 0000ffff 00008b00 DPL=0 TSS32-busy
GDT=     00115148 00000017
IDT=     0011c1e0 000007ff
CR0=80000011 CR2=00000000 CR3=00133000 CR4=00000000
DR0=00000000 DR1=00000000 DR2=00000000 DR3=00000000 
DR6=ffff0ff0 DR7=00000400
CCS=00000080 CCD=bffefdc4 CCO=EFLAGS
EFER=0000000000000000
Servicing hardware INT=0x20
   315: v=20 e=0000 i=0 cpl=0 IP=0008:40000b6b pc=40000b6b SP=0010:bffefca0 env->regs[R_EAX]=00000000
EAX=00000000 EBX=00000000 ECX=40005343 EDX=0000005e
ESI=5003f000 EDI=00000014 EBP=bffefdbc ESP=bffefca0
EIP=40000b6b EFL=00000282 [--S----] CPL=0 II=0 A20=1 SMM=0 HLT=0
ES =0010 00000000 ffffffff 00cf9300 DPL=0 DS   [-WA]
CS =0008 00000000 ffffffff 00cf9a00 DPL=0 CS32 [-R-]
SS =0010 00000000 ffffffff 00cf9300 DPL=0 DS   [-WA]
DS =0010 00000000 ffffffff 00cf9300 DPL=0 DS   [-WA]
FS =0010 00000000 ffffffff 00cf9300 DPL=0 DS   [-WA]
GS =0010 00000000 ffffffff 00cf9300 DPL=0 DS   [-WA]
LDT=0000 00000000 0000ffff 00008200 DPL=0 LDT
TR =0000 00000000 0000ffff 00008b00 DPL=0 TSS32-busy
GDT=     00115148 00000017
IDT=     0011c1e0 000007ff
CR0=80000011 CR2=00000000 CR3=00133000 CR4=00000000
DR0=00000000 DR1=00000000 DR2=00000000 DR3=00000000 
DR6=ffff0ff0 DR7=00000400
CCS=00000080 CCD=bffefcb0 CCO=EFLAGS
EFER=0000000000000000
Servicing hardware INT=0x20
   316: v=20 e=0000 i=0 cpl=0 IP=0008:40000ffd pc=40000ffd SP=0010:bffeff98 env->regs[R_EAX]=00000000
EAX=00000000 EBX=001039e9 ECX=001121e5 EDX=001121e4
ESI=50045000 EDI=00000008 EBP=bffefffc ESP=bffeff98
EIP=40000ffd EFL=00200202 [-------] CPL=0 II=0 A20=1 SMM=0 HLT=0
ES =0010 00000000 ffffffff 00cf9300 DPL=0 DS   [-WA]
CS =0008 00000000 ffffffff 00cf9a00 DPL=0 CS32 [-R-]
SS =0010 00000000 ffffffff 00cf9300 DPL=0 DS   [-WA]
DS =0010 00000000 ffffffff 00cf9300 DPL=0 DS   [-WA]
FS =0010 00000000 ffffffff 00cf9300 DPL=0 DS   [-WA]
GS =0010 00000000 ffffffff 00cf9300 DPL=0 DS   [-WA]
LDT=0000 00000000 0000ffff 00008200 DPL=0 LDT
TR =0000 00000000 0000ffff 00008b00 DPL=0 TSS32-busy
GDT=     00115148 00000017
IDT=     0011c1e0 000007ff
CR0=80000011 CR2=00000000 CR3=00132000 CR4=00000000
DR0=00000000 DR1=00000000 DR2=00000000 DR3=00000000 
DR6=ffff0ff0 DR7=00000400
CCS=00000000 CCD=001121e5 CCO=EFLAGS
EFER=0000000000000000
Servicing hardware INT=0x20
   317: v=20 e=0000 i=0 cpl=0 IP=0008:40000ffd pc=40000ffd SP=0010:bffeff98 env->regs[R_EAX]=00000000
EAX=00000000 EBX=001039e9 ECX=0011e798 EDX=0011e797
ESI=50045000 EDI=00000008 EBP=bffefffc ESP=bffeff98
EIP=40000ffd EFL=00200202 [-------] CPL=0 II=0 A20=1 SMM=0 HLT=0
ES =0010 00000000 ffffffff 00cf9300 DPL=0 DS   [-WA]
CS =0008 00000000 ffffffff 00cf9a00 DPL=0 CS32 [-R-]
SS =0010 00000000 ffffffff 00cf9300 DPL=0 DS   [-WA]
DS =0010 00000000 ffffffff 00cf9300 DPL=0 DS   [-WA]
FS =0010 00000000 ffffffff 00cf9300 DPL=0 DS   [-WA]
GS =0010 00000000 ffffffff 00cf9300 DPL=0 DS   [-WA]
LDT=0000 00000000 0000ffff 00008200 DPL=0 LDT
TR =0000 00000000 0000ffff 00008b00 DPL=0 TSS32-busy
GDT=     00115148 00000017
IDT=     0011c1e0 000007ff
CR0=80000011 CR2=00000000 CR3=00132000 CR4=00000000
DR0=00000000 DR1=00000000 DR2=00000000 DR3=00000000 
DR6=ffff0ff0 DR7=00000400
CCS=00000000 CCD=0011e798 CCO=EFLAGS
EFER=0000000000000000
Servicing hardware INT=0x20
   318: v=20 e=0000 i=0 cpl=0 IP=0008:40000ffd pc=40000ffd SP=0010:bffeff98 env->regs[R_EAX]=00000000
EAX=00000000 EBX=001039e9 ECX=0012aa43 EDX=0012aa42
ESI=50045000 EDI=00000008 EBP=bffefffc ESP=bffeff98
EIP=40000ffd EFL=00200202 [-------] CPL=0 II=0 A20=1 SMM=0 HLT=0
ES =0010 00000000 ffffffff 00cf9300 DPL=0 DS   [-WA]
CS =0008 00000000 ffffffff 00cf9a00 DPL=0 CS32 [-R-]
SS =0010 00000000 ffffffff 00cf9300 DPL=0 DS   [-WA]
DS =0010 00000000 ffffffff 00cf9300 DPL=0 DS   [-WA]
FS =0010 00000000 ffffffff 00cf9300 DPL=0 DS   [-WA]
GS =0010 00000000 ffffffff 00cf9300 DPL=0 DS   [-WA]
LDT=0000 00000000 0000ffff 00008200 DPL=0 LDT
TR =0000 00000000 0000ffff 00008b00 DPL=0 TSS32-busy
GDT=     00115148 00000017
IDT=     0011c1e0 000007ff
CR0=80000011 CR2=00000000 CR3=00132000 CR4=00000000
DR0=00000000 DR1=00000000 DR2=00000000 DR3=00000000 
DR6=ffff0ff0 DR7=00000400
CCS=00000000 CCD=0012aa43 CCO=EFLAGS
EFER=0000000000000000
Servicing hardware INT=0x20
   319: v=20 e=0000 i=0 cpl=0 IP=0008:40000ffd pc=40000ffd SP=0010:bffeff98 env->regs[R_EAX]=00000000
EAX=00000000 EBX=001039e9 ECX=0015261f EDX=0015261e
ESI=50045000 EDI=00000008 EBP=bffefffc ESP=bffeff98
EIP=40000ffd EFL=00200202 [-------] CPL=0 II=0 A20=1 SMM=0 HLT=0
ES =0010 00000000 ffffffff 00cf9300 DPL=0 DS   [-WA]
CS =0008 00000000 ffffffff 00cf9a00 DPL=0 CS32 [-R-]
SS =0010 00000000 ffffffff 00cf9300 DPL=0 DS   [-WA]
DS =0010 00000000 ffffffff 00cf9300 DPL=0 DS   [-WA]
FS =0010 00000000 ffffffff 00cf9300 DPL=0 DS   [-WA]
GS =0010 00000000 ffffffff 00cf9300 DPL=0 DS   [-WA]
LDT=0000 00000000 0000ffff 00008200 DPL=0 LDT
TR =0000 00000000 0000ffff 00008b00 DPL=0 TSS32-busy
GDT=     00115148 00000017
IDT=     0011c1e0 000007ff
CR0=80000011 CR2=00000000 CR3=00132000 CR4=00000000
DR0=00000000 DR1=00000000 DR2=00000000 DR3=00000000 
DR6=ffff0ff0 DR7=00000400
CCS=00000000 CCD=0015261f CCO=EFLAGS
EFER=0000000000000000
Servicing hardware INT=0x20
   320: v=20 e=0000 i=0 cpl=0 IP=0008:40000ffd pc=40000ffd SP=0010:bffeff98 env->regs[R_EAX]=00000000
EAX=00000000 EBX=001039e9 ECX=0015c635 EDX=0015c634
ESI=50045000 EDI=00000008 EBP=bffefffc ESP=bffeff98
EIP=40000ffd EFL=00200206 [-----P-] CPL=0 II=0 A20=1 SMM=0 HLT=0
ES =0010 00000000 ffffffff 00cf9300 DPL=0 DS   [-WA]
CS =0008 00000000 ffffffff 00cf9a00 DPL=0 CS32 [-R-]
SS =0010 00000000 ffffffff 00cf9300 DPL=0 DS   [-WA]
DS =0010 00000000 ffffffff 00cf9300 DPL=0 DS   [-WA]
FS =0010 00000000 ffffffff 00cf9300 DPL=0 DS   [-WA]
GS =0010 00000000 ffffffff 00cf9300 DPL=0 DS   [-WA]
LDT=0000 00000000 0000ffff 00008200 DPL=0 LDT
TR =0000 00000000 0000ffff 00008b00 DPL=0 TSS32-busy
GDT=     00115148 00000017
IDT=     0011c1e0 000007ff
CR0=80000011 CR2=00000000 CR3=00132000 CR4=00000000
DR0=00000000 DR1=00000000 DR2=00000000 DR3=00000000 
DR6=ffff0ff0 DR7=00000400
CCS=00000004 CCD=0015c635 CCO=EFLAGS
EFER=0000000000000000
Servicing hardware INT=0x20
   321: v=20 e=0000 i=0 cpl=0 IP=0008:40000ffd pc=40000ffd SP=0010:bffeff98 env->regs[R_EAX]=00000000
EAX=00000000 EBX=001039e9 ECX=001694c8 EDX=001694c7
ESI=50045000 EDI=00000008 EBP=bffefffc ESP=bffeff98
EIP=40000ffd EFL=00200202 [-------] CPL=0 II=0 A20=1 SMM=0 HLT=0
ES =0010 00000000 ffffffff 00cf9300 DPL=0 DS   [-WA]
CS =0008 00000000 ffffffff 00cf9a00 DPL=0 CS32 [-R-]
SS =0010 00000000 ffffffff 00cf9300 DPL=0 DS   [-WA]
DS =0010 00000000 ffffffff 00cf9300 DPL=0 DS   [-WA]
FS =0010 00000000 ffffffff 00cf9300 DPL=0 DS   [-WA]
GS =0010 00000000 ffffffff 00cf9300 DPL=0 DS   [-WA]
LDT=0000 00000000 0000ffff 00008200 DPL=0 LDT
TR =0000 00000000 0000ffff 00008b00 DPL=0 TSS32-busy
GDT=     00115148 00000017
IDT=     0011c1e0 000007ff
CR0=80000011 CR2=00000000 CR3=00132000 CR4=00000000
DR0=00000000 DR1=00000000 DR2=00000000 DR3=00000000 
DR6=ffff0ff0 DR7=00000400
CCS=00000000 CCD=001694c8 CCO=EFLAGS
EFER=0000000000000000
Servicing hardware INT=0x20
   322: v=20 e=0000 i=0 cpl=0 IP=0008:40000ffd pc=40000ffd SP=0010:bffeff98 env->regs[R_EAX]=00000000
EAX=00000000 EBX=001039e9 ECX=00175da1 EDX=00175da0
ESI=50045000 EDI=00000008 EBP=bffefffc ESP=bffeff98
EIP=40000ffd EFL=00200202 [-------] CPL=0 II=0 A20=1 SMM=0 HLT=0
ES =0010 00000000 ffffffff 00cf9300 DPL=0 DS   [-WA]
CS =0008 00000000 ffffffff 00cf9a00 DPL=0 CS32 [-R-]
SS =0010 00000000 ffffffff 00cf9300 DPL=0 DS   [-WA]
DS =0010 00000000 ffffffff 00cf9300 DPL=0 DS   [-WA]
FS =0010 00000000 ffffffff 00cf9300 DPL=0 DS   [-WA]
GS =0010 00000000 ffffffff 00cf9300 DPL=0 DS   [-WA]
LDT=0000 00000000 0000ffff 00008200 DPL=0 LDT
TR =0000 00000000 0000ffff 00008b00 DPL=0 TSS32-busy
GDT=     00115148 00000017
IDT=     0011c1e0 000007ff
CR0=80000011 CR2=00000000 CR3=00132000 CR4=00000000
DR0=00000000 DR1=00000000 DR2=00000000 DR3=00000000 
DR6=ffff0ff0 DR7=00000400
CCS=00000000 CCD=00175da1 CCO=EFLAGS
EFER=0000000000000000
Servicing hardware INT=0x20
   323: v=20 e=0000 i=0 cpl=0 IP=0008:40000ffd pc=40000ffd SP=0010:bffeff98 env->regs[R_EAX]=00000000
EAX=00000000 EBX=001039e9 ECX=00181e10 EDX=00181e0f
ESI=50045000 EDI=00000008 EBP=bffefffc ESP=bffeff98
EIP=40000ffd EFL=00200212 [----A--] CPL=0 II=0 A20=1 SMM=0 HLT=0
ES =0010 00000000 ffffffff 00cf9300 DPL=0 DS   [-WA]
CS =0008 00000000 ffffffff 00cf9a00 DPL=0 CS32 [-R-]
SS =0010 00000000 ffffffff 00cf9300 DPL=0 DS   [-WA]
DS =0010 00000000 ffffffff 00cf9300 DPL=0 DS   [-WA]
FS =0010 00000000 ffffffff 00cf9300 DPL=0 DS   [-WA]
GS =0010 00000000 ffffffff 00cf9300 DPL=0 DS   [-WA]
LDT=0000 00000000 0000ffff 00008200 DPL=0 LDT
TR =0000 00000000 0000ffff 00008b00 DPL=0 TSS32-busy
GDT=     00115148 00000017
IDT=     0011c1e0 000007ff
CR0=80000011 CR2=00000000 CR3=00132000 CR4=00000000
DR0=00000000 DR1=00000000 DR2=00000000 DR3=00000000 
DR6=ffff0ff0 DR7=00000400
CCS=00000010 CCD=00181e10 CCO=EFLAGS
EFER=0000000000000000
Servicing hardware INT=0x20
   324: v=20 e=0000 i=0 cpl=0 IP=0008:40000ffd pc=40000ffd SP=0010:bffeff98 env->regs[R_EAX]=00000000
EAX=00000000 EBX=001039e9 ECX=0018e22c EDX=0018e22b
ESI=50045000 EDI=00000008 EBP=bffefffc ESP=bffeff98
EIP=40000ffd EFL=00200202 [-------] CPL=0 II=0 A20=1 SMM=0 HLT=0
ES =0010 00000000 ffffffff 00cf9300 DPL=0 DS   [-WA]
CS =0008 00000000 ffffffff 00cf9a00 DPL=0 CS32 [-R-]
SS =0010 00000000 ffffffff 00cf9300 DPL=0 DS   [-WA]
DS =0010 00000000 ffffffff 00cf9300 DPL=0 DS   [-WA]
FS =0010 00000000 ffffffff 00cf9300 DPL=0 DS   [-WA]
GS =0010 00000000 ffffffff 00cf9300 DPL=0 DS   [-WA]
LDT=0000 00000000 0000ffff 00008200 DPL=0 LDT
TR =0000 00000000 0000ffff 00008b00 DPL=0 TSS32-busy
GDT=     00115148 00000017
IDT=     0011c1e0 000007ff
CR0=80000011 CR2=00000000 CR3=00132000 CR4=00000000
DR0=00000000 DR1=00000000 DR2=00000000 DR3=00000000 
DR6=ffff0ff0 DR7=00000400
CCS=00000000 CCD=0018e22c CCO=EFLAGS
EFER=0000000000000000
Servicing hardware INT=0x20
   325: v=20 e=0000 i=0 cpl=0 IP=0008:40000ffd pc=40000ffd SP=0010:bffeff98 env->regs[R_EAX]=00000000
EAX=00000000 EBX=001039e9 ECX=0019acad EDX=0019acac
ESI=50045000 EDI=00000008 EBP=bffefffc ESP=bffeff98
EIP=40000ffd EFL=00200202 [-------] CPL=0 II=0 A20=1 SMM=0 HLT=0
ES =0010 00000000 ffffffff 00cf9300 DPL=0 DS   [-WA]
CS =0008 00000000 ffffffff 00cf9a00 DPL=0 CS32 [-R-]
SS =0010 00000000 ffffffff 00cf9300 DPL=0 DS   [-WA]
DS =0010 00000000 ffffffff 00cf9300 DPL=0 DS   [-WA]
FS =0010 00000000 ffffffff 00cf9300 DPL=0 DS   [-WA]
GS =0010 00000000 ffffffff 00cf9300 DPL=0 DS   [-WA]
LDT=0000 00000000 0000ffff 00008200 DPL=0 LDT
TR =0000 00000000 0000ffff 00008b00 DPL=0 TSS32-busy
GDT=     00115148 00000017
IDT=     0011c1e0 000007ff
CR0=80000011 CR2=00000000 CR3=00132000 CR4=00000000
DR0=00000000 DR1=00000000 DR2=00000000 DR3=00000000 
DR6=ffff0ff0 DR7=00000400
CCS=00000000 CCD=0019acad CCO=EFLAGS
EFER=0000000000000000
Servicing hardware INT=0x20
   326: v=20 e=0000 i=0 cpl=0 IP=0008:40000ffd pc=40000ffd SP=0010:bffeff98 env->regs[R_EAX]=00000000
EAX=00000000 EBX=001039e9 ECX=001a7862 EDX=001a7861
ESI=50045000 EDI=00000008 EBP=bffefffc ESP=bffeff98
EIP=40000ffd EFL=00200202 [-------] CPL=0 II=0 A20=1 SMM=0 HLT=0
ES =0010 00000000 ffffffff 00cf9300 DPL=0 DS   [-WA]
CS =0008 00000000 ffffffff 00cf9a00 DPL=0 CS32 [-R-]
SS =0010 00000000 ffffffff 00cf9300 DPL=0 DS   [-WA]
DS =0010 00000000 ffffffff 00cf9300 DPL=0 DS   [-WA]
FS =0010 00000000 ffffffff 00cf9300 DPL=0 DS   [-WA]
GS =0010 00000000 ffffffff 00cf9300 DPL=0 DS   [-WA]
LDT=0000 00000000 0000ffff 00008200 DPL=0 LDT
TR =0000 00000000 0000ffff 00008b00 DPL=0 TSS32-busy
GDT=     00115148 00000017
IDT=     0011c1e0 000007ff
CR0=80000011 CR2=00000000 CR3=00132000 CR4=00000000
DR0=00000000 DR1=00000000 DR2=00000000 DR3=00000000 
DR6=ffff0ff0 DR7=00000400
CCS=00000000 CCD=001a7862 CCO=EFLAGS
EFER=0000000000000000
Servicing hardware INT=0x20
   327: v=20 e=0000 i=0 cpl=0 IP=0008:40000ffd pc=40000ffd SP=0010:bffeff98 env->regs[R_EAX]=00000000
EAX=00000000 EBX=001039e9 ECX=001b40b0 EDX=001b40af
ESI=50045000 EDI=00000008 EBP=bffefffc ESP=bffeff98
EIP=40000ffd EFL=00200212 [----A--] CPL=0 II=0 A20=1 SMM=0 HLT=0
ES =0010 00000000 ffffffff 00cf9300 DPL=0 DS   [-WA]
CS =0008 00000000 ffffffff 00cf9a00 DPL=0 CS32 [-R-]
SS =0010 00000000 ffffffff 00cf9300 DPL=0 DS   [-WA]
DS =0010 00000000 ffffffff 00cf9300 DPL=0 DS   [-WA]
FS =0010 00000000 ffffffff 00cf9300 DPL=0 DS   [-WA]
GS =0010 00000000 ffffffff 00cf9300 DPL=0 DS   [-WA]
LDT=0000 00000000 0000ffff 00008200 DPL=0 LDT
TR =0000 00000000 0000ffff 00008b00 DPL=0 TSS32-busy
GDT=     00115148 00000017
IDT=     0011c1e0 000007ff
CR0=80000011 CR2=00000000 CR3=00132000 CR4=00000000
DR0=00000000 DR1=00000000 DR2=00000000 DR3=00000000 
DR6=ffff0ff0 DR7=00000400
CCS=00000010 CCD=001b40b0 CCO=EFLAGS
EFER=0000000000000000
Servicing hardware INT=0x20
   328: v=20 e=0000 i=0 cpl=0 IP=0008:40000ffd pc=40000ffd SP=0010:bffeff98 env->regs[R_EAX]=00000000
EAX=00000000 EBX=001039e9 ECX=001c085f EDX=001c085e
ESI=50045000 EDI=00000008 EBP=bffefffc ESP=bffeff98
EIP=40000ffd EFL=00200206 [-----P-] CPL=0 II=0 A20=1 SMM=0 HLT=0
ES =0010 00000000 ffffffff 00cf9300 DPL=0 DS   [-WA]
CS =0008 00000000 ffffffff 00cf9a00 DPL=0 CS32 [-R-]
SS =0010 00000000 ffffffff 00cf9300 DPL=0 DS   [-WA]
DS =0010 00000000 ffffffff 00cf9300 DPL=0 DS   [-WA]
FS =0010 00000000 ffffffff 00cf9300 DPL=0 DS   [-WA]
GS =0010 00000000 ffffffff 00cf9300 DPL=0 DS   [-WA]
LDT=0000 00000000 0000ffff 00008200 DPL=0 LDT
TR =0000 00000000 0000ffff 00008b00 DPL=0 TSS32-busy
GDT=     00115148 00000017
IDT=     0011c1e0 000007ff
CR0=80000011 CR2=00000000 CR3=00132000 CR4=00000000
DR0=00000000 DR1=00000000 DR2=00000000 DR3=00000000 
DR6=ffff0ff0 DR7=00000400
CCS=00000004 CCD=001c085f CCO=EFLAGS
EFER=0000000000000000
Servicing hardware INT=0x20
   329: v=20 e=0000 i=0 cpl=0 IP=0008:40000ffd pc=40000ffd SP=0010:bffeff98 env->regs[R_EAX]=00000000
EAX=00000000 EBX=001039e9 ECX=001cc6a0 EDX=001cc69f
ESI=50045000 EDI=00000008 EBP=bffefffc ESP=bffeff98
EIP=40000ffd EFL=00200216 [----AP-] CPL=0 II=0 A20=1 SMM=0 HLT=0
ES =0010 00000000 ffffffff 00cf9300 DPL=0 DS   [-WA]
CS =0008 00000000 ffffffff 00cf9a00 DPL=0 CS32 [-R-]
SS =0010 00000000 ffffffff 00cf9300 DPL=0 DS   [-WA]
DS =0010 00000000 ffffffff 00cf9300 DPL=0 DS   [-WA]
FS =0010 00000000 ffffffff 00cf9300 DPL=0 DS   [-WA]
GS =0010 00000000 ffffffff 00cf9300 DPL=0 DS   [-WA]
LDT=0000 00000000 0000ffff 00008200 DPL=0 LDT
TR =0000 00000000 0000ffff 00008b00 DPL=0 TSS32-busy
GDT=     00115148 00000017
IDT=     0011c1e0 000007ff
CR0=80000011 CR2=00000000 CR3=00132000 CR4=00000000
DR0=00000000 DR1=00000000 DR2=00000000 DR3=00000000 
DR6=ffff0ff0 DR7=00000400
CCS=00000014 CCD=001cc6a0 CCO=EFLAGS
EFER=0000000000000000
Servicing hardware INT=0x20
   330: v=20 e=0000 i=0 cpl=0 IP=0008:40000ffd pc=40000ffd SP=0010:bffeff98 env->regs[R_EAX]=00000000
EAX=00000000 EBX=001039e9 ECX=001d9316 EDX=001d9315
ESI=50045000 EDI=00000008 EBP=bffefffc ESP=bffeff98
EIP=40000ffd EFL=00200202 [-------] CPL=0 II=0 A20=1 SMM=0 HLT=0
ES =0010 00000000 ffffffff 00cf9300 DPL=0 DS   [-WA]
CS =0008 00000000 ffffffff 00cf9a00 DPL=0 CS32 [-R-]
SS =0010 00000000 ffffffff 00cf9300 DPL=0 DS   [-WA]
DS =0010 00000000 ffffffff 00cf9300 DPL=0 DS   [-WA]
FS =0010 00000000 ffffffff 00cf9300 DPL=0 DS   [-WA]
GS =0010 00000000 ffffffff 00cf9300 DPL=0 DS   [-WA]
LDT=0000 00000000 0000ffff 00008200 DPL=0 LDT
TR =0000 00000000 0000ffff 00008b00 DPL=0 TSS32-busy
GDT=     00115148 00000017
IDT=     0011c1e0 000007ff
CR0=80000011 CR2=00000000 CR3=00132000 CR4=00000000
DR0=00000000 DR1=00000000 DR2=00000000 DR3=00000000 
DR6=ffff0ff0 DR7=00000400
CCS=00000000 CCD=001d9316 CCO=EFLAGS
EFER=0000000000000000
Servicing hardware INT=0x20
   331: v=20 e=0000 i=0 cpl=0 IP=0008:40000ffd pc=40000ffd SP=0010:bffeff98 env->regs[R_EAX]=00000000
EAX=00000000 EBX=001039e9 ECX=001e6a7f EDX=001e6a7e
ESI=50045000 EDI=00000008 EBP=bffefffc ESP=bffeff98
EIP=40000ffd EFL=00200202 [-------] CPL=0 II=0 A20=1 SMM=0 HLT=0
ES =0010 00000000 ffffffff 00cf9300 DPL=0 DS   [-WA]
CS =0008 00000000 ffffffff 00cf9a00 DPL=0 CS32 [-R-]
SS =0010 00000000 ffffffff 00cf9300 DPL=0 DS   [-WA]
DS =0010 00000000 ffffffff 00cf9300 DPL=0 DS   [-WA]
FS =0010 00000000 ffffffff 00cf9300 DPL=0 DS   [-WA]
GS =0010 00000000 ffffffff 00cf9300 DPL=0 DS   [-WA]
LDT=0000 00000000 0000ffff 00008200 DPL=0 LDT
TR =0000 00000000 0000ffff 00008b00 DPL=0 TSS32-busy
GDT=     00115148 00000017
IDT=     0011c1e0 000007ff
CR0=80000011 CR2=00000000 CR3=00132000 CR4=00000000
DR0=00000000 DR1=00000000 DR2=00000000 DR3=00000000 
DR6=ffff0ff0 DR7=00000400
CCS=00000000 CCD=001e6a7f CCO=EFLAGS
EFER=0000000000000000
Servicing hardware INT=0x20
   332: v=20 e=0000 i=0 cpl=0 IP=0008:40000ffd pc=40000ffd SP=0010:bffeff98 env->regs[R_EAX]=00000000
EAX=00000000 EBX=001039e9 ECX=001f29a4 EDX=001f29a3
ESI=50045000 EDI=00000008 EBP=bffefffc ESP=bffeff98
EIP=40000ffd EFL=00200202 [-------] CPL=0 II=0 A20=1 SMM=0 HLT=0
ES =0010 00000000 ffffffff 00cf9300 DPL=0 DS   [-WA]
CS =0008 00000000 ffffffff 00cf9a00 DPL=0 CS32 [-R-]
SS =0010 00000000 ffffffff 00cf9300 DPL=0 DS   [-WA]
DS =0010 00000000 ffffffff 00cf9300 DPL=0 DS   [-WA]
FS =0010 00000000 ffffffff 00cf9300 DPL=0 DS   [-WA]
GS =0010 00000000 ffffffff 00cf9300 DPL=0 DS   [-WA]
LDT=0000 00000000 0000ffff 00008200 DPL=0 LDT
TR =0000 00000000 0000ffff 00008b00 DPL=0 TSS32-busy
GDT=     00115148 00000017
IDT=     0011c1e0 000007ff
CR0=80000011 CR2=00000000 CR3=00132000 CR4=00000000
DR0=00000000 DR1=00000000 DR2=00000000 DR3=00000000 
DR6=ffff0ff0 DR7=00000400
CCS=00000000 CCD=001f29a4 CCO=EFLAGS
EFER=0000000000000000
Servicing hardware INT=0x20
   333: v=20 e=0000 i=0 cpl=0 IP=0008:40000ffd pc=40000ffd SP=0010:bffeff98 env->regs[R_EAX]=00000000
EAX=00000000 EBX=001039e9 ECX=001fefa1 EDX=001fefa0
ESI=50045000 EDI=00000008 EBP=bffefffc ESP=bffeff98
EIP=40000ffd EFL=00200202 [-------] CPL=0 II=0 A20=1 SMM=0 HLT=0
ES =0010 00000000 ffffffff 00cf9300 DPL=0 DS   [-WA]
CS =0008 00000000 ffffffff 00cf9a00 DPL=0 CS32 [-R-]
SS =0010 00000000 ffffffff 00cf9300 DPL=0 DS   [-WA]
DS =0010 00000000 ffffffff 00cf9300 DPL=0 DS   [-WA]
FS =0010 00000000 ffffffff 00cf9300 DPL=0 DS   [-WA]
GS =0010 00000000 ffffffff 00cf9300 DPL=0 DS   [-WA]
LDT=0000 00000000 0000ffff 00008200 DPL=0 LDT
TR =0000 00000000 0000ffff 00008b00 DPL=0 TSS32-busy
GDT=     00115148 00000017
IDT=     0011c1e0 000007ff
CR0=80000011 CR2=00000000 CR3=00132000 CR4=00000000
DR0=00000000 DR1=00000000 DR2=00000000 DR3=00000000 
DR6=ffff0ff0 DR7=00000400
CCS=00000000 CCD=001fefa1 CCO=EFLAGS
EFER=0000000000000000
Servicing hardware INT=0x20
   334: v=20 e=0000 i=0 cpl=0 IP=0008:40000ffd pc=40000ffd SP=0010:bffeff98 env->regs[R_EAX]=00000000
EAX=00000000 EBX=001039e9 ECX=0020ae56 EDX=0020ae55
ESI=50045000 EDI=00000008 EBP=bffefffc ESP=bffeff98
EIP=40000ffd EFL=00200206 [-----P-] CPL=0 II=0 A20=1 SMM=0 HLT=0
ES =0010 00000000 ffffffff 00cf9300 DPL=0 DS   [-WA]
CS =0008 00000000 ffffffff 00cf9a00 DPL=0 CS32 [-R-]
SS =0010 00000000 ffffffff 00cf9300 DPL=0 DS   [-WA]
DS =0010 00000000 ffffffff 00cf9300 DPL=0 DS   [-WA]
FS =0010 00000000 ffffffff 00cf9300 DPL=0 DS   [-WA]
GS =0010 00000000 ffffffff 00cf9300 DPL=0 DS   [-WA]
LDT=0000 00000000 0000ffff 00008200 DPL=0 LDT
TR =0000 00000000 0000ffff 00008b00 DPL=0 TSS32-busy
GDT=     00115148 00000017
IDT=     0011c1e0 000007ff
CR0=80000011 CR2=00000000 CR3=00132000 CR4=00000000
DR0=00000000 DR1=00000000 DR2=00000000 DR3=00000000 
DR6=ffff0ff0 DR7=00000400
CCS=00000004 CCD=0020ae56 CCO=EFLAGS
EFER=0000000000000000
Servicing hardware INT=0x20
   335: v=20 e=0000 i=0 cpl=0 IP=0008:40000ffd pc=40000ffd SP=0010:bffeff98 env->regs[R_EAX]=00000000
EAX=00000000 EBX=001039e9 ECX=002177d8 EDX=002177d7
ESI=50045000 EDI=00000008 EBP=bffefffc ESP=bffeff98
EIP=40000ffd EFL=00200206 [-----P-] CPL=0 II=0 A20=1 SMM=0 HLT=0
ES =0010 00000000 ffffffff 00cf9300 DPL=0 DS   [-WA]
CS =0008 00000000 ffffffff 00cf9a00 DPL=0 CS32 [-R-]
SS =0010 00000000 ffffffff 00cf9300 DPL=0 DS   [-WA]
DS =0010 00000000 ffffffff 00cf9300 DPL=0 DS   [-WA]
FS =0010 00000000 ffffffff 00cf9300 DPL=0 DS   [-WA]
GS =0010 00000000 ffffffff 00cf9300 DPL=0 DS   [-WA]
LDT=0000 00000000 0000ffff 00008200 DPL=0 LDT
TR =0000 00000000 0000ffff 00008b00 DPL=0 TSS32-busy
GDT=     00115148 00000017
IDT=     0011c1e0 000007ff
CR0=80000011 CR2=00000000 CR3=00132000 CR4=00000000
DR0=00000000 DR1=00000000 DR2=00000000 DR3=00000000 
DR6=ffff0ff0 DR7=00000400
CCS=00000004 CCD=002177d8 CCO=EFLAGS
EFER=0000000000000000
Servicing hardware INT=0x20
   336: v=20 e=0000 i=0 cpl=0 IP=0008:40000ffd pc=40000ffd SP=0010:bffeff98 env->regs[R_EAX]=00000000
EAX=00000000 EBX=001039e9 ECX=0022403c EDX=0022403b
ESI=50045000 EDI=00000008 EBP=bffefffc ESP=bffeff98
EIP=40000ffd EFL=00200206 [-----P-] CPL=0 II=0 A20=1 SMM=0 HLT=0
ES =0010 00000000 ffffffff 00cf9300 DPL=0 DS   [-WA]
CS =0008 00000000 ffffffff 00cf9a00 DPL=0 CS32 [-R-]
SS =0010 00000000 ffffffff 00cf9300 DPL=0 DS   [-WA]
DS =0010 00000000 ffffffff 00cf9300 DPL=0 DS   [-WA]
FS =0010 00000000 ffffffff 00cf9300 DPL=0 DS   [-WA]
GS =0010 00000000 ffffffff 00cf9300 DPL=0 DS   [-WA]
LDT=0000 00000000 0000ffff 00008200 DPL=0 LDT
TR =0000 00000000 0000ffff 00008b00 DPL=0 TSS32-busy
GDT=     00115148 00000017
IDT=     0011c1e0 000007ff
CR0=80000011 CR2=00000000 CR3=00132000 CR4=00000000
DR0=00000000 DR1=00000000 DR2=00000000 DR3=00000000 
DR6=ffff0ff0 DR7=00000400
CCS=00000004 CCD=0022403c CCO=EFLAGS
EFER=0000000000000000
Servicing hardware INT=0x20
   337: v=20 e=0000 i=0 cpl=0 IP=0008:40000ffd pc=40000ffd SP=0010:bffeff98 env->regs[R_EAX]=00000000
EAX=00000000 EBX=001039e9 ECX=002309f2 EDX=002309f1
ESI=50045000 EDI=00000008 EBP=bffefffc ESP=bffeff98
EIP=40000ffd EFL=00200202 [-------] CPL=0 II=0 A20=1 SMM=0 HLT=0
ES =0010 00000000 ffffffff 00cf9300 DPL=0 DS   [-WA]
CS =0008 00000000 ffffffff 00cf9a00 DPL=0 CS32 [-R-]
SS =0010 00000000 ffffffff 00cf9300 DPL=0 DS   [-WA]
DS =0010 00000000 ffffffff 00cf9300 DPL=0 DS   [-WA]
FS =0010 00000000 ffffffff 00cf9300 DPL=0 DS   [-WA]
GS =0010 00000000 ffffffff 00cf9300 DPL=0 DS   [-WA]
LDT=0000 00000000 0000ffff 00008200 DPL=0 LDT
TR =0000 00000000 0000ffff 00008b00 DPL=0 TSS32-busy
GDT=     00115148 00000017
IDT=     0011c1e0 000007ff
CR0=80000011 CR2=00000000 CR3=00132000 CR4=00000000
DR0=00000000 DR1=00000000 DR2=00000000 DR3=00000000 
DR6=ffff0ff0 DR7=00000400
CCS=00000000 CCD=002309f2 CCO=EFLAGS
EFER=0000000000000000
Servicing hardware INT=0x20
   338: v=20 e=0000 i=0 cpl=0 IP=0008:40000ffd pc=40000ffd SP=0010:bffeff98 env->regs[R_EAX]=00000000
EAX=00000000 EBX=001039e9 ECX=0023d419 EDX=0023d418
ESI=50045000 EDI=00000008 EBP=bffefffc ESP=bffeff98
EIP=40000ffd EFL=00200202 [-------] CPL=0 II=0 A20=1 SMM=0 HLT=0
ES =0010 00000000 ffffffff 00cf9300 DPL=0 DS   [-WA]
CS =0008 00000000 ffffffff 00cf9a00 DPL=0 CS32 [-R-]
SS =0010 00000000 ffffffff 00cf9300 DPL=0 DS   [-WA]
DS =0010 00000000 ffffffff 00cf9300 DPL=0 DS   [-WA]
FS =0010 00000000 ffffffff 00cf9300 DPL=0 DS   [-WA]
GS =0010 00000000 ffffffff 00cf9300 DPL=0 DS   [-WA]
LDT=0000 00000000 0000ffff 00008200 DPL=0 LDT
TR =0000 00000000 0000ffff 00008b00 DPL=0 TSS32-busy
GDT=     00115148 00000017
IDT=     0011c1e0 000007ff
CR0=80000011 CR2=00000000 CR3=00132000 CR4=00000000
DR0=00000000 DR1=00000000 DR2=00000000 DR3=00000000 
DR6=ffff0ff0 DR7=00000400
CCS=00000000 CCD=0023d419 CCO=EFLAGS
EFER=0000000000000000
Servicing hardware INT=0x20
   339: v=20 e=0000 i=0 cpl=0 IP=0008:40000ffd pc=40000ffd SP=0010:bffeff98 env->regs[R_EAX]=00000000
EAX=00000000 EBX=001039e9 ECX=00249b71 EDX=00249b70
ESI=50045000 EDI=00000008 EBP=bffefffc ESP=bffeff98
EIP=40000ffd EFL=00200206 [-----P-] CPL=0 II=0 A20=1 SMM=0 HLT=0
ES =0010 00000000 ffffffff 00cf9300 DPL=0 DS   [-WA]
CS =0008 00000000 ffffffff 00cf9a00 DPL=0 CS32 [-R-]
SS =0010 00000000 ffffffff 00cf9300 DPL=0 DS   [-WA]
DS =0010 00000000 ffffffff 00cf9300 DPL=0 DS   [-WA]
FS =0010 00000000 ffffffff 00cf9300 DPL=0 DS   [-WA]
GS =0010 00000000 ffffffff 00cf9300 DPL=0 DS   [-WA]
LDT=0000 00000000 0000ffff 00008200 DPL=0 LDT
TR =0000 00000000 0000ffff 00008b00 DPL=0 TSS32-busy
GDT=     00115148 00000017
IDT=     0011c1e0 000007ff
CR0=80000011 CR2=00000000 CR3=00132000 CR4=00000000
DR0=00000000 DR1=00000000 DR2=00000000 DR3=00000000 
DR6=ffff0ff0 DR7=00000400
CCS=00000004 CCD=00249b71 CCO=EFLAGS
EFER=0000000000000000
Servicing hardware INT=0x20
   340: v=20 e=0000 i=0 cpl=0 IP=0008:40000ffd pc=40000ffd SP=0010:bffeff98 env->regs[R_EAX]=00000000
EAX=00000000 EBX=001039e9 ECX=0025634b EDX=0025634a
ESI=50045000 EDI=00000008 EBP=bffefffc ESP=bffeff98
EIP=40000ffd EFL=00200206 [-----P-] CPL=0 II=0 A20=1 SMM=0 HLT=0
ES =0010 00000000 ffffffff 00cf9300 DPL=0 DS   [-WA]
CS =0008 00000000 ffffffff 00cf9a00 DPL=0 CS32 [-R-]
SS =0010 00000000 ffffffff 00cf9300 DPL=0 DS   [-WA]
DS =0010 00000000 ffffffff 00cf9300 DPL=0 DS   [-WA]
FS =0010 00000000 ffffffff 00cf9300 DPL=0 DS   [-WA]
GS =0010 00000000 ffffffff 00cf9300 DPL=0 DS   [-WA]
LDT=0000 00000000 0000ffff 00008200 DPL=0 LDT
TR =0000 00000000 0000ffff 00008b00 DPL=0 TSS32-busy
GDT=     00115148 00000017
IDT=     0011c1e0 000007ff
CR0=80000011 CR2=00000000 CR3=00132000 CR4=00000000
DR0=00000000 DR1=00000000 DR2=00000000 DR3=00000000 
DR6=ffff0ff0 DR7=00000400
CCS=00000004 CCD=0025634b CCO=EFLAGS
EFER=0000000000000000
Servicing hardware INT=0x20
   341: v=20 e=0000 i=0 cpl=0 IP=0008:40000ffd pc=40000ffd SP=0010:bffeff98 env->regs[R_EAX]=00000000
EAX=00000000 EBX=001039e9 ECX=00263b5d EDX=00263b5c
ESI=50045000 EDI=00000008 EBP=bffefffc ESP=bffeff98
EIP=40000ffd EFL=00200202 [-------] CPL=0 II=0 A20=1 SMM=0 HLT=0
ES =0010 00000000 ffffffff 00cf9300 DPL=0 DS   [-WA]
CS =0008 00000000 ffffffff 00cf9a00 DPL=0 CS32 [-R-]
SS =0010 00000000 ffffffff 00cf9300 DPL=0 DS   [-WA]
DS =0010 00000000 ffffffff 00cf9300 DPL=0 DS   [-WA]
FS =0010 00000000 ffffffff 00cf9300 DPL=0 DS   [-WA]
GS =0010 00000000 ffffffff 00cf9300 DPL=0 DS   [-WA]
LDT=0000 00000000 0000ffff 00008200 DPL=0 LDT
TR =0000 00000000 0000ffff 00008b00 DPL=0 TSS32-busy
GDT=     00115148 00000017
IDT=     0011c1e0 000007ff
CR0=80000011 CR2=00000000 CR3=00132000 CR4=00000000
DR0=00000000 DR1=00000000 DR2=00000000 DR3=00000000 
DR6=ffff0ff0 DR7=00000400
CCS=00000000 CCD=00263b5d CCO=EFLAGS
EFER=0000000000000000
Servicing hardware INT=0x20
   342: v=20 e=0000 i=0 cpl=0 IP=0008:40000ffd pc=40000ffd SP=0010:bffeff98 env->regs[R_EAX]=00000000
EAX=00000000 EBX=001039e9 ECX=00270587 EDX=00270586
ESI=50045000 EDI=00000008 EBP=bffefffc ESP=bffeff98
EIP=40000ffd EFL=00200206 [-----P-] CPL=0 II=0 A20=1 SMM=0 HLT=0
ES =0010 00000000 ffffffff 00cf9300 DPL=0 DS   [-WA]
CS =0008 00000000 ffffffff 00cf9a00 DPL=0 CS32 [-R-]
SS =0010 00000000 ffffffff 00cf9300 DPL=0 DS   [-WA]
DS =0010 00000000 ffffffff 00cf9300 DPL=0 DS   [-WA]
FS =0010 00000000 ffffffff 00cf9300 DPL=0 DS   [-WA]
GS =0010 00000000 ffffffff 00cf9300 DPL=0 DS   [-WA]
LDT=0000 00000000 0000ffff 00008200 DPL=0 LDT
TR =0000 00000000 0000ffff 00008b00 DPL=0 TSS32-busy
GDT=     00115148 00000017
IDT=     0011c1e0 000007ff
CR0=80000011 CR2=00000000 CR3=00132000 CR4=00000000
DR0=00000000 DR1=00000000 DR2=00000000 DR3=00000000 
DR6=ffff0ff0 DR7=00000400
CCS=00000004 CCD=00270587 CCO=EFLAGS
EFER=0000000000000000
Servicing hardware INT=0x20
   343: v=20 e=0000 i=0 cpl=0 IP=0008:40000ffd pc=40000ffd SP=0010:bffeff98 env->regs[R_EAX]=00000000
EAX=00000000 EBX=001039e9 ECX=0027c986 EDX=0027c985
ESI=50045000 EDI=00000008 EBP=bffefffc ESP=bffeff98
EIP=40000ffd EFL=00200202 [-------] CPL=0 II=0 A20=1 SMM=0 HLT=0
ES =0010 00000000 ffffffff 00cf9300 DPL=0 DS   [-WA]
CS =0008 00000000 ffffffff 00cf9a00 DPL=0 CS32 [-R-]
SS =0010 00000000 ffffffff 00cf9300 DPL=0 DS   [-WA]
DS =0010 00000000 ffffffff 00cf9300 DPL=0 DS   [-WA]
FS =0010 00000000 ffffffff 00cf9300 DPL=0 DS   [-WA]
GS =0010 00000000 ffffffff 00cf9300 DPL=0 DS   [-WA]
LDT=0000 00000000 0000ffff 00008200 DPL=0 LDT
TR =0000 00000000 0000ffff 00008b00 DPL=0 TSS32-busy
GDT=     00115148 00000017
IDT=     0011c1e0 000007ff
CR0=80000011 CR2=00000000 CR3=00132000 CR4=00000000
DR0=00000000 DR1=00000000 DR2=00000000 DR3=00000000 
DR6=ffff0ff0 DR7=00000400
CCS=00000000 CCD=0027c986 CCO=EFLAGS
EFER=0000000000000000
Servicing hardware INT=0x20
   344: v=20 e=0000 i=0 cpl=0 IP=0008:40000ffd pc=40000ffd SP=0010:bffeff98 env->regs[R_EAX]=00000000
EAX=00000000 EBX=001039e9 ECX=00287b41 EDX=00287b40
ESI=50045000 EDI=00000008 EBP=bffefffc ESP=bffeff98
EIP=40000ffd EFL=00200206 [-----P-] CPL=0 II=0 A20=1 SMM=0 HLT=0
ES =0010 00000000 ffffffff 00cf9300 DPL=0 DS   [-WA]
CS =0008 00000000 ffffffff 00cf9a00 DPL=0 CS32 [-R-]
SS =0010 00000000 ffffffff 00cf9300 DPL=0 DS   [-WA]
DS =0010 00000000 ffffffff 00cf9300 DPL=0 DS   [-WA]
FS =0010 00000000 ffffffff 00cf9300 DPL=0 DS   [-WA]
GS =0010 00000000 ffffffff 00cf9300 DPL=0 DS   [-WA]
LDT=0000 00000000 0000ffff 00008200 DPL=0 LDT
TR =0000 00000000 0000ffff 00008b00 DPL=0 TSS32-busy
GDT=     00115148 00000017
IDT=     0011c1e0 000007ff
CR0=80000011 CR2=00000000 CR3=00132000 CR4=00000000
DR0=00000000 DR1=00000000 DR2=00000000 DR3=00000000 
DR6=ffff0ff0 DR7=00000400
CCS=00000004 CCD=00287b41 CCO=EFLAGS
EFER=0000000000000000
Servicing hardware INT=0x20
   345: v=20 e=0000 i=0 cpl=0 IP=0008:40000ffd pc=40000ffd SP=0010:bffeff98 env->regs[R_EAX]=00000000
EAX=00000000 EBX=001039e9 ECX=002947c2 EDX=002947c1
ESI=50045000 EDI=00000008 EBP=bffefffc ESP=bffeff98
EIP=40000ffd EFL=00200202 [-------] CPL=0 II=0 A20=1 SMM=0 HLT=0
ES =0010 00000000 ffffffff 00cf9300 DPL=0 DS   [-WA]
CS =0008 00000000 ffffffff 00cf9a00 DPL=0 CS32 [-R-]
SS =0010 00000000 ffffffff 00cf9300 DPL=0 DS   [-WA]
DS =0010 00000000 ffffffff 00cf9300 DPL=0 DS   [-WA]
FS =0010 00000000 ffffffff 00cf9300 DPL=0 DS   [-WA]
GS =0010 00000000 ffffffff 00cf9300 DPL=0 DS   [-WA]
LDT=0000 00000000 0000ffff 00008200 DPL=0 LDT
TR =0000 00000000 0000ffff 00008b00 DPL=0 TSS32-busy
GDT=     00115148 00000017
IDT=     0011c1e0 000007ff
CR0=80000011 CR2=00000000 CR3=00132000 CR4=00000000
DR0=00000000 DR1=00000000 DR2=00000000 DR3=00000000 
DR6=ffff0ff0 DR7=00000400
CCS=00000000 CCD=002947c2 CCO=EFLAGS
EFER=0000000000000000
Servicing hardware INT=0x20
   346: v=20 e=0000 i=0 cpl=0 IP=0008:40000ffd pc=40000ffd SP=0010:bffeff98 env->regs[R_EAX]=00000000
EAX=00000000 EBX=001039e9 ECX=002a0ef9 EDX=002a0ef8
ESI=50045000 EDI=00000008 EBP=bffefffc ESP=bffeff98
EIP=40000ffd EFL=00200206 [-----P-] CPL=0 II=0 A20=1 SMM=0 HLT=0
ES =0010 00000000 ffffffff 00cf9300 DPL=0 DS   [-WA]
CS =0008 00000000 ffffffff 00cf9a00 DPL=0 CS32 [-R-]
SS =0010 00000000 ffffffff 00cf9300 DPL=0 DS   [-WA]
DS =0010 00000000 ffffffff 00cf9300 DPL=0 DS   [-WA]
FS =0010 00000000 ffffffff 00cf9300 DPL=0 DS   [-WA]
GS =0010 00000000 ffffffff 00cf9300 DPL=0 DS   [-WA]
LDT=0000 00000000 0000ffff 00008200 DPL=0 LDT
TR =0000 00000000 0000ffff 00008b00 DPL=0 TSS32-busy
GDT=     00115148 00000017
IDT=     0011c1e0 000007ff
CR0=80000011 CR2=00000000 CR3=00132000 CR4=00000000
DR0=00000000 DR1=00000000 DR2=00000000 DR3=00000000 
DR6=ffff0ff0 DR7=00000400
CCS=00000004 CCD=002a0ef9 CCO=EFLAGS
EFER=0000000000000000
Servicing hardware INT=0x20
   347: v=20 e=0000 i=0 cpl=0 IP=0008:40000ffd pc=40000ffd SP=0010:bffeff98 env->regs[R_EAX]=00000000
EAX=00000000 EBX=001039e9 ECX=002ad681 EDX=002ad680
ESI=50045000 EDI=00000008 EBP=bffefffc ESP=bffeff98
EIP=40000ffd EFL=00200206 [-----P-] CPL=0 II=0 A20=1 SMM=0 HLT=0
ES =0010 00000000 ffffffff 00cf9300 DPL=0 DS   [-WA]
CS =0008 00000000 ffffffff 00cf9a00 DPL=0 CS32 [-R-]
SS =0010 00000000 ffffffff 00cf9300 DPL=0 DS   [-WA]
DS =0010 00000000 ffffffff 00cf9300 DPL=0 DS   [-WA]
FS =0010 00000000 ffffffff 00cf9300 DPL=0 DS   [-WA]
GS =0010 00000000 ffffffff 00cf9300 DPL=0 DS   [-WA]
LDT=0000 00000000 0000ffff 00008200 DPL=0 LDT
TR =0000 00000000 0000ffff 00008b00 DPL=0 TSS32-busy
GDT=     00115148 00000017
IDT=     0011c1e0 000007ff
CR0=80000011 CR2=00000000 CR3=00132000 CR4=00000000
DR0=00000000 DR1=00000000 DR2=00000000 DR3=00000000 
DR6=ffff0ff0 DR7=00000400
CCS=00000004 CCD=002ad681 CCO=EFLAGS
EFER=0000000000000000
Servicing hardware INT=0x20
   348: v=20 e=0000 i=0 cpl=0 IP=0008:40000ffd pc=40000ffd SP=0010:bffeff98 env->regs[R_EAX]=00000000
EAX=00000000 EBX=001039e9 ECX=002ba1a0 EDX=002ba19f
ESI=50045000 EDI=00000008 EBP=bffefffc ESP=bffeff98
EIP=40000ffd EFL=00200216 [----AP-] CPL=0 II=0 A20=1 SMM=0 HLT=0
ES =0010 00000000 ffffffff 00cf9300 DPL=0 DS   [-WA]
CS =0008 00000000 ffffffff 00cf9a00 DPL=0 CS32 [-R-]
SS =0010 00000000 ffffffff 00cf9300 DPL=0 DS   [-WA]
DS =0010 00000000 ffffffff 00cf9300 DPL=0 DS   [-WA]
FS =0010 00000000 ffffffff 00cf9300 DPL=0 DS   [-WA]
GS =0010 00000000 ffffffff 00cf9300 DPL=0 DS   [-WA]
LDT=0000 00000000 0000ffff 00008200 DPL=0 LDT
TR =0000 00000000 0000ffff 00008b00 DPL=0 TSS32-busy
GDT=     00115148 00000017
IDT=     0011c1e0 000007ff
CR0=80000011 CR2=00000000 CR3=00132000 CR4=00000000
DR0=00000000 DR1=00000000 DR2=00000000 DR3=00000000 
DR6=ffff0ff0 DR7=00000400
CCS=00000014 CCD=002ba1a0 CCO=EFLAGS
EFER=0000000000000000
Servicing hardware INT=0x20
   349: v=20 e=0000 i=0 cpl=0 IP=0008:40000ffd pc=40000ffd SP=0010:bffeff98 env->regs[R_EAX]=00000000
EAX=00000000 EBX=001039e9 ECX=002c6253 EDX=002c6252
ESI=50045000 EDI=00000008 EBP=bffefffc ESP=bffeff98
EIP=40000ffd EFL=00200206 [-----P-] CPL=0 II=0 A20=1 SMM=0 HLT=0
ES =0010 00000000 ffffffff 00cf9300 DPL=0 DS   [-WA]
CS =0008 00000000 ffffffff 00cf9a00 DPL=0 CS32 [-R-]
SS =0010 00000000 ffffffff 00cf9300 DPL=0 DS   [-WA]
DS =0010 00000000 ffffffff 00cf9300 DPL=0 DS   [-WA]
FS =0010 00000000 ffffffff 00cf9300 DPL=0 DS   [-WA]
GS =0010 00000000 ffffffff 00cf9300 DPL=0 DS   [-WA]
LDT=0000 00000000 0000ffff 00008200 DPL=0 LDT
TR =0000 00000000 0000ffff 00008b00 DPL=0 TSS32-busy
GDT=     00115148 00000017
IDT=     0011c1e0 000007ff
CR0=80000011 CR2=00000000 CR3=00132000 CR4=00000000
DR0=00000000 DR1=00000000 DR2=00000000 DR3=00000000 
DR6=ffff0ff0 DR7=00000400
CCS=00000004 CCD=002c6253 CCO=EFLAGS
EFER=0000000000000000
Servicing hardware INT=0x20
   350: v=20 e=0000 i=0 cpl=0 IP=0008:40000ffd pc=40000ffd SP=0010:bffeff98 env->regs[R_EAX]=00000000
EAX=00000000 EBX=001039e9 ECX=002d2d7f EDX=002d2d7e
ESI=50045000 EDI=00000008 EBP=bffefffc ESP=bffeff98
EIP=40000ffd EFL=00200202 [-------] CPL=0 II=0 A20=1 SMM=0 HLT=0
ES =0010 00000000 ffffffff 00cf9300 DPL=0 DS   [-WA]
CS =0008 00000000 ffffffff 00cf9a00 DPL=0 CS32 [-R-]
SS =0010 00000000 ffffffff 00cf9300 DPL=0 DS   [-WA]
DS =0010 00000000 ffffffff 00cf9300 DPL=0 DS   [-WA]
FS =0010 00000000 ffffffff 00cf9300 DPL=0 DS   [-WA]
GS =0010 00000000 ffffffff 00cf9300 DPL=0 DS   [-WA]
LDT=0000 00000000 0000ffff 00008200 DPL=0 LDT
TR =0000 00000000 0000ffff 00008b00 DPL=0 TSS32-busy
GDT=     00115148 00000017
IDT=     0011c1e0 000007ff
CR0=80000011 CR2=00000000 CR3=00132000 CR4=00000000
DR0=00000000 DR1=00000000 DR2=00000000 DR3=00000000 
DR6=ffff0ff0 DR7=00000400
CCS=00000000 CCD=002d2d7f CCO=EFLAGS
EFER=0000000000000000
Servicing hardware INT=0x20
   351: v=20 e=0000 i=0 cpl=0 IP=0008:40000ffd pc=40000ffd SP=0010:bffeff98 env->regs[R_EAX]=00000000
EAX=00000000 EBX=001039e9 ECX=002df6c9 EDX=002df6c8
ESI=50045000 EDI=00000008 EBP=bffefffc ESP=bffeff98
EIP=40000ffd EFL=00200206 [-----P-] CPL=0 II=0 A20=1 SMM=0 HLT=0
ES =0010 00000000 ffffffff 00cf9300 DPL=0 DS   [-WA]
CS =0008 00000000 ffffffff 00cf9a00 DPL=0 CS32 [-R-]
SS =0010 00000000 ffffffff 00cf9300 DPL=0 DS   [-WA]
DS =0010 00000000 ffffffff 00cf9300 DPL=0 DS   [-WA]
FS =0010 00000000 ffffffff 00cf9300 DPL=0 DS   [-WA]
GS =0010 00000000 ffffffff 00cf9300 DPL=0 DS   [-WA]
LDT=0000 00000000 0000ffff 00008200 DPL=0 LDT
TR =0000 00000000 0000ffff 00008b00 DPL=0 TSS32-busy
GDT=     00115148 00000017
IDT=     0011c1e0 000007ff
CR0=80000011 CR2=00000000 CR3=00132000 CR4=00000000
DR0=00000000 DR1=00000000 DR2=00000000 DR3=00000000 
DR6=ffff0ff0 DR7=00000400
CCS=00000004 CCD=002df6c9 CCO=EFLAGS
EFER=0000000000000000
Servicing hardware INT=0x20
   352: v=20 e=0000 i=0 cpl=0 IP=0008:40000ffd pc=40000ffd SP=0010:bffeff98 env->regs[R_EAX]=00000000
EAX=00000000 EBX=001039e9 ECX=002ebd14 EDX=002ebd13
ESI=50045000 EDI=00000008 EBP=bffefffc ESP=bffeff98
EIP=40000ffd EFL=00200206 [-----P-] CPL=0 II=0 A20=1 SMM=0 HLT=0
ES =0010 00000000 ffffffff 00cf9300 DPL=0 DS   [-WA]
CS =0008 00000000 ffffffff 00cf9a00 DPL=0 CS32 [-R-]
SS =0010 00000000 ffffffff 00cf9300 DPL=0 DS   [-WA]
DS =0010 00000000 ffffffff 00cf9300 DPL=0 DS   [-WA]
FS =0010 00000000 ffffffff 00cf9300 DPL=0 DS   [-WA]
GS =0010 00000000 ffffffff 00cf9300 DPL=0 DS   [-WA]
LDT=0000 00000000 0000ffff 00008200 DPL=0 LDT
TR =0000 00000000 0000ffff 00008b00 DPL=0 TSS32-busy
GDT=     00115148 00000017
IDT=     0011c1e0 000007ff
CR0=80000011 CR2=00000000 CR3=00132000 CR4=00000000
DR0=00000000 DR1=00000000 DR2=00000000 DR3=00000000 
DR6=ffff0ff0 DR7=00000400
CCS=00000004 CCD=002ebd14 CCO=EFLAGS
EFER=0000000000000000
Servicing hardware INT=0x20
   353: v=20 e=0000 i=0 cpl=0 IP=0008:40000ffd pc=40000ffd SP=0010:bffeff98 env->regs[R_EAX]=00000000
EAX=00000000 EBX=001039e9 ECX=002f7e69 EDX=002f7e68
ESI=50045000 EDI=00000008 EBP=bffefffc ESP=bffeff98
EIP=40000ffd EFL=00200206 [-----P-] CPL=0 II=0 A20=1 SMM=0 HLT=0
ES =0010 00000000 ffffffff 00cf9300 DPL=0 DS   [-WA]
CS =0008 00000000 ffffffff 00cf9a00 DPL=0 CS32 [-R-]
SS =0010 00000000 ffffffff 00cf9300 DPL=0 DS   [-WA]
DS =0010 00000000 ffffffff 00cf9300 DPL=0 DS   [-WA]
FS =0010 00000000 ffffffff 00cf9300 DPL=0 DS   [-WA]
GS =0010 00000000 ffffffff 00cf9300 DPL=0 DS   [-WA]
LDT=0000 00000000 0000ffff 00008200 DPL=0 LDT
TR =0000 00000000 0000ffff 00008b00 DPL=0 TSS32-busy
GDT=     00115148 00000017
IDT=     0011c1e0 000007ff
CR0=80000011 CR2=00000000 CR3=00132000 CR4=00000000
DR0=00000000 DR1=00000000 DR2=00000000 DR3=00000000 
DR6=ffff0ff0 DR7=00000400
CCS=00000004 CCD=002f7e69 CCO=EFLAGS
EFER=0000000000000000
Servicing hardware INT=0x20
   354: v=20 e=0000 i=0 cpl=0 IP=0008:40000ffd pc=40000ffd SP=0010:bffeff98 env->regs[R_EAX]=00000000
EAX=00000000 EBX=001039e9 ECX=0030382e EDX=0030382d
ESI=50045000 EDI=00000008 EBP=bffefffc ESP=bffeff98
EIP=40000ffd EFL=00200206 [-----P-] CPL=0 II=0 A20=1 SMM=0 HLT=0
ES =0010 00000000 ffffffff 00cf9300 DPL=0 DS   [-WA]
CS =0008 00000000 ffffffff 00cf9a00 DPL=0 CS32 [-R-]
SS =0010 00000000 ffffffff 00cf9300 DPL=0 DS   [-WA]
DS =0010 00000000 ffffffff 00cf9300 DPL=0 DS   [-WA]
FS =0010 00000000 ffffffff 00cf9300 DPL=0 DS   [-WA]
GS =0010 00000000 ffffffff 00cf9300 DPL=0 DS   [-WA]
LDT=0000 00000000 0000ffff 00008200 DPL=0 LDT
TR =0000 00000000 0000ffff 00008b00 DPL=0 TSS32-busy
GDT=     00115148 00000017
IDT=     0011c1e0 000007ff
CR0=80000011 CR2=00000000 CR3=00132000 CR4=00000000
DR0=00000000 DR1=00000000 DR2=00000000 DR3=00000000 
DR6=ffff0ff0 DR7=00000400
CCS=00000004 CCD=0030382e CCO=EFLAGS
EFER=0000000000000000
Servicing hardware INT=0x20
   355: v=20 e=0000 i=0 cpl=0 IP=0008:40000ffd pc=40000ffd SP=0010:bffeff98 env->regs[R_EAX]=00000000
EAX=00000000 EBX=001039e9 ECX=003106ec EDX=003106eb
ESI=50045000 EDI=00000008 EBP=bffefffc ESP=bffeff98
EIP=40000ffd EFL=00200202 [-------] CPL=0 II=0 A20=1 SMM=0 HLT=0
ES =0010 00000000 ffffffff 00cf9300 DPL=0 DS   [-WA]
CS =0008 00000000 ffffffff 00cf9a00 DPL=0 CS32 [-R-]
SS =0010 00000000 ffffffff 00cf9300 DPL=0 DS   [-WA]
DS =0010 00000000 ffffffff 00cf9300 DPL=0 DS   [-WA]
FS =0010 00000000 ffffffff 00cf9300 DPL=0 DS   [-WA]
GS =0010 00000000 ffffffff 00cf9300 DPL=0 DS   [-WA]
LDT=0000 00000000 0000ffff 00008200 DPL=0 LDT
TR =0000 00000000 0000ffff 00008b00 DPL=0 TSS32-busy
GDT=     00115148 00000017
IDT=     0011c1e0 000007ff
CR0=80000011 CR2=00000000 CR3=00132000 CR4=00000000
DR0=00000000 DR1=00000000 DR2=00000000 DR3=00000000 
DR6=ffff0ff0 DR7=00000400
CCS=00000000 CCD=003106ec CCO=EFLAGS
EFER=0000000000000000
Servicing hardware INT=0x20
   356: v=20 e=0000 i=0 cpl=0 IP=0008:40000ffd pc=40000ffd SP=0010:bffeff98 env->regs[R_EAX]=00000000
EAX=00000000 EBX=001039e9 ECX=0031d072 EDX=0031d071
ESI=50045000 EDI=00000008 EBP=bffefffc ESP=bffeff98
EIP=40000ffd EFL=00200206 [-----P-] CPL=0 II=0 A20=1 SMM=0 HLT=0
ES =0010 00000000 ffffffff 00cf9300 DPL=0 DS   [-WA]
CS =0008 00000000 ffffffff 00cf9a00 DPL=0 CS32 [-R-]
SS =0010 00000000 ffffffff 00cf9300 DPL=0 DS   [-WA]
DS =0010 00000000 ffffffff 00cf9300 DPL=0 DS   [-WA]
FS =0010 00000000 ffffffff 00cf9300 DPL=0 DS   [-WA]
GS =0010 00000000 ffffffff 00cf9300 DPL=0 DS   [-WA]
LDT=0000 00000000 0000ffff 00008200 DPL=0 LDT
TR =0000 00000000 0000ffff 00008b00 DPL=0 TSS32-busy
GDT=     00115148 00000017
IDT=     0011c1e0 000007ff
CR0=80000011 CR2=00000000 CR3=00132000 CR4=00000000
DR0=00000000 DR1=00000000 DR2=00000000 DR3=00000000 
DR6=ffff0ff0 DR7=00000400
CCS=00000004 CCD=0031d072 CCO=EFLAGS
EFER=0000000000000000
Servicing hardware INT=0x20
   357: v=20 e=0000 i=0 cpl=0 IP=0008:40000ffd pc=40000ffd SP=0010:bffeff98 env->regs[R_EAX]=00000000
EAX=00000000 EBX=001039e9 ECX=00329864 EDX=00329863
ESI=50045000 EDI=00000008 EBP=bffefffc ESP=bffeff98
EIP=40000ffd EFL=00200202 [-------] CPL=0 II=0 A20=1 SMM=0 HLT=0
ES =0010 00000000 ffffffff 00cf9300 DPL=0 DS   [-WA]
CS =0008 00000000 ffffffff 00cf9a00 DPL=0 CS32 [-R-]
SS =0010 00000000 ffffffff 00cf9300 DPL=0 DS   [-WA]
DS =0010 00000000 ffffffff 00cf9300 DPL=0 DS   [-WA]
FS =0010 00000000 ffffffff 00cf9300 DPL=0 DS   [-WA]
GS =0010 00000000 ffffffff 00cf9300 DPL=0 DS   [-WA]
LDT=0000 00000000 0000ffff 00008200 DPL=0 LDT
TR =0000 00000000 0000ffff 00008b00 DPL=0 TSS32-busy
GDT=     00115148 00000017
IDT=     0011c1e0 000007ff
CR0=80000011 CR2=00000000 CR3=00132000 CR4=00000000
DR0=00000000 DR1=00000000 DR2=00000000 DR3=00000000 
DR6=ffff0ff0 DR7=00000400
CCS=00000000 CCD=00329864 CCO=EFLAGS
EFER=0000000000000000
Servicing hardware INT=0x20
   358: v=20 e=0000 i=0 cpl=0 IP=0008:40000ffd pc=40000ffd SP=0010:bffeff98 env->regs[R_EAX]=00000000
EAX=00000000 EBX=001039e9 ECX=00335da5 EDX=00335da4
ESI=50045000 EDI=00000008 EBP=bffefffc ESP=bffeff98
EIP=40000ffd EFL=00200206 [-----P-] CPL=0 II=0 A20=1 SMM=0 HLT=0
ES =0010 00000000 ffffffff 00cf9300 DPL=0 DS   [-WA]
CS =0008 00000000 ffffffff 00cf9a00 DPL=0 CS32 [-R-]
SS =0010 00000000 ffffffff 00cf9300 DPL=0 DS   [-WA]
DS =0010 00000000 ffffffff 00cf9300 DPL=0 DS   [-WA]
FS =0010 00000000 ffffffff 00cf9300 DPL=0 DS   [-WA]
GS =0010 00000000 ffffffff 00cf9300 DPL=0 DS   [-WA]
LDT=0000 00000000 0000ffff 00008200 DPL=0 LDT
TR =0000 00000000 0000ffff 00008b00 DPL=0 TSS32-busy
GDT=     00115148 00000017
IDT=     0011c1e0 000007ff
CR0=80000011 CR2=00000000 CR3=00132000 CR4=00000000
DR0=00000000 DR1=00000000 DR2=00000000 DR3=00000000 
DR6=ffff0ff0 DR7=00000400
CCS=00000004 CCD=00335da5 CCO=EFLAGS
EFER=0000000000000000
Servicing hardware INT=0x20
   359: v=20 e=0000 i=0 cpl=0 IP=0008:40000ffd pc=40000ffd SP=0010:bffeff98 env->regs[R_EAX]=00000000
EAX=00000000 EBX=001039e9 ECX=00341651 EDX=00341650
ESI=50045000 EDI=00000008 EBP=bffefffc ESP=bffeff98
EIP=40000ffd EFL=00200202 [-------] CPL=0 II=0 A20=1 SMM=0 HLT=0
ES =0010 00000000 ffffffff 00cf9300 DPL=0 DS   [-WA]
CS =0008 00000000 ffffffff 00cf9a00 DPL=0 CS32 [-R-]
SS =0010 00000000 ffffffff 00cf9300 DPL=0 DS   [-WA]
DS =0010 00000000 ffffffff 00cf9300 DPL=0 DS   [-WA]
FS =0010 00000000 ffffffff 00cf9300 DPL=0 DS   [-WA]
GS =0010 00000000 ffffffff 00cf9300 DPL=0 DS   [-WA]
LDT=0000 00000000 0000ffff 00008200 DPL=0 LDT
TR =0000 00000000 0000ffff 00008b00 DPL=0 TSS32-busy
GDT=     00115148 00000017
IDT=     0011c1e0 000007ff
CR0=80000011 CR2=00000000 CR3=00132000 CR4=00000000
DR0=00000000 DR1=00000000 DR2=00000000 DR3=00000000 
DR6=ffff0ff0 DR7=00000400
CCS=00000000 CCD=00341651 CCO=EFLAGS
EFER=0000000000000000
Servicing hardware INT=0x20
   360: v=20 e=0000 i=0 cpl=0 IP=0008:40000ffd pc=40000ffd SP=0010:bffeff98 env->regs[R_EAX]=00000000
EAX=00000000 EBX=001039e9 ECX=0034c8d6 EDX=0034c8d5
ESI=50045000 EDI=00000008 EBP=bffefffc ESP=bffeff98
EIP=40000ffd EFL=00200202 [-------] CPL=0 II=0 A20=1 SMM=0 HLT=0
ES =0010 00000000 ffffffff 00cf9300 DPL=0 DS   [-WA]
CS =0008 00000000 ffffffff 00cf9a00 DPL=0 CS32 [-R-]
SS =0010 00000000 ffffffff 00cf9300 DPL=0 DS   [-WA]
DS =0010 00000000 ffffffff 00cf9300 DPL=0 DS   [-WA]
FS =0010 00000000 ffffffff 00cf9300 DPL=0 DS   [-WA]
GS =0010 00000000 ffffffff 00cf9300 DPL=0 DS   [-WA]
LDT=0000 00000000 0000ffff 00008200 DPL=0 LDT
TR =0000 00000000 0000ffff 00008b00 DPL=0 TSS32-busy
GDT=     00115148 00000017
IDT=     0011c1e0 000007ff
CR0=80000011 CR2=00000000 CR3=00132000 CR4=00000000
DR0=00000000 DR1=00000000 DR2=00000000 DR3=00000000 
DR6=ffff0ff0 DR7=00000400
CCS=00000000 CCD=0034c8d6 CCO=EFLAGS
EFER=0000000000000000
Servicing hardware INT=0x20
   361: v=20 e=0000 i=0 cpl=0 IP=0008:40000ffd pc=40000ffd SP=0010:bffeff98 env->regs[R_EAX]=00000000
EAX=00000000 EBX=001039e9 ECX=00358528 EDX=00358527
ESI=50045000 EDI=00000008 EBP=bffefffc ESP=bffeff98
EIP=40000ffd EFL=00200206 [-----P-] CPL=0 II=0 A20=1 SMM=0 HLT=0
ES =0010 00000000 ffffffff 00cf9300 DPL=0 DS   [-WA]
CS =0008 00000000 ffffffff 00cf9a00 DPL=0 CS32 [-R-]
SS =0010 00000000 ffffffff 00cf9300 DPL=0 DS   [-WA]
DS =0010 00000000 ffffffff 00cf9300 DPL=0 DS   [-WA]
FS =0010 00000000 ffffffff 00cf9300 DPL=0 DS   [-WA]
GS =0010 00000000 ffffffff 00cf9300 DPL=0 DS   [-WA]
LDT=0000 00000000 0000ffff 00008200 DPL=0 LDT
TR =0000 00000000 0000ffff 00008b00 DPL=0 TSS32-busy
GDT=     00115148 00000017
IDT=     0011c1e0 000007ff
CR0=80000011 CR2=00000000 CR3=00132000 CR4=00000000
DR0=00000000 DR1=00000000 DR2=00000000 DR3=00000000 
DR6=ffff0ff0 DR7=00000400
CCS=00000004 CCD=00358528 CCO=EFLAGS
EFER=0000000000000000
Servicing hardware INT=0x20
   362: v=20 e=0000 i=0 cpl=0 IP=0008:40000ffd pc=40000ffd SP=0010:bffeff98 env->regs[R_EAX]=00000000
EAX=00000000 EBX=001039e9 ECX=0036415f EDX=0036415e
ESI=50045000 EDI=00000008 EBP=bffefffc ESP=bffeff98
EIP=40000ffd EFL=00200206 [-----P-] CPL=0 II=0 A20=1 SMM=0 HLT=0
ES =0010 00000000 ffffffff 00cf9300 DPL=0 DS   [-WA]
CS =0008 00000000 ffffffff 00cf9a00 DPL=0 CS32 [-R-]
SS =0010 00000000 ffffffff 00cf9300 DPL=0 DS   [-WA]
DS =0010 00000000 ffffffff 00cf9300 DPL=0 DS   [-WA]
FS =0010 00000000 ffffffff 00cf9300 DPL=0 DS   [-WA]
GS =0010 00000000 ffffffff 00cf9300 DPL=0 DS   [-WA]
LDT=0000 00000000 0000ffff 00008200 DPL=0 LDT
TR =0000 00000000 0000ffff 00008b00 DPL=0 TSS32-busy
GDT=     00115148 00000017
IDT=     0011c1e0 000007ff
CR0=80000011 CR2=00000000 CR3=00132000 CR4=00000000
DR0=00000000 DR1=00000000 DR2=00000000 DR3=00000000 
DR6=ffff0ff0 DR7=00000400
CCS=00000004 CCD=0036415f CCO=EFLAGS
EFER=0000000000000000
Servicing hardware INT=0x20
   363: v=20 e=0000 i=0 cpl=0 IP=0008:40000ffd pc=40000ffd SP=0010:bffeff98 env->regs[R_EAX]=00000000
EAX=00000000 EBX=001039e9 ECX=00370943 EDX=00370942
ESI=50045000 EDI=00000008 EBP=bffefffc ESP=bffeff98
EIP=40000ffd EFL=00200202 [-------] CPL=0 II=0 A20=1 SMM=0 HLT=0
ES =0010 00000000 ffffffff 00cf9300 DPL=0 DS   [-WA]
CS =0008 00000000 ffffffff 00cf9a00 DPL=0 CS32 [-R-]
SS =0010 00000000 ffffffff 00cf9300 DPL=0 DS   [-WA]
DS =0010 00000000 ffffffff 00cf9300 DPL=0 DS   [-WA]
FS =0010 00000000 ffffffff 00cf9300 DPL=0 DS   [-WA]
GS =0010 00000000 ffffffff 00cf9300 DPL=0 DS   [-WA]
LDT=0000 00000000 0000ffff 00008200 DPL=0 LDT
TR =0000 00000000 0000ffff 00008b00 DPL=0 TSS32-busy
GDT=     00115148 00000017
IDT=     0011c1e0 000007ff
CR0=80000011 CR2=00000000 CR3=00132000 CR4=00000000
DR0=00000000 DR1=00000000 DR2=00000000 DR3=00000000 
DR6=ffff0ff0 DR7=00000400
CCS=00000000 CCD=00370943 CCO=EFLAGS
EFER=0000000000000000
Servicing hardware INT=0x20
   364: v=20 e=0000 i=0 cpl=0 IP=0008:40000ffd pc=40000ffd SP=0010:bffeff98 env->regs[R_EAX]=00000000
EAX=00000000 EBX=001039e9 ECX=0037ceb2 EDX=0037ceb1
ESI=50045000 EDI=00000008 EBP=bffefffc ESP=bffeff98
EIP=40000ffd EFL=00200206 [-----P-] CPL=0 II=0 A20=1 SMM=0 HLT=0
ES =0010 00000000 ffffffff 00cf9300 DPL=0 DS   [-WA]
CS =0008 00000000 ffffffff 00cf9a00 DPL=0 CS32 [-R-]
SS =0010 00000000 ffffffff 00cf9300 DPL=0 DS   [-WA]
DS =0010 00000000 ffffffff 00cf9300 DPL=0 DS   [-WA]
FS =0010 00000000 ffffffff 00cf9300 DPL=0 DS   [-WA]
GS =0010 00000000 ffffffff 00cf9300 DPL=0 DS   [-WA]
LDT=0000 00000000 0000ffff 00008200 DPL=0 LDT
TR =0000 00000000 0000ffff 00008b00 DPL=0 TSS32-busy
GDT=     00115148 00000017
IDT=     0011c1e0 000007ff
CR0=80000011 CR2=00000000 CR3=00132000 CR4=00000000
DR0=00000000 DR1=00000000 DR2=00000000 DR3=00000000 
DR6=ffff0ff0 DR7=00000400
CCS=00000004 CCD=0037ceb2 CCO=EFLAGS
EFER=0000000000000000
Servicing hardware INT=0x20
   365: v=20 e=0000 i=0 cpl=0 IP=0008:40000ffd pc=40000ffd SP=0010:bffeff98 env->regs[R_EAX]=00000000
EAX=00000000 EBX=001039e9 ECX=00387d51 EDX=00387d50
ESI=50045000 EDI=00000008 EBP=bffefffc ESP=bffeff98
EIP=40000ffd EFL=00200202 [-------] CPL=0 II=0 A20=1 SMM=0 HLT=0
ES =0010 00000000 ffffffff 00cf9300 DPL=0 DS   [-WA]
CS =0008 00000000 ffffffff 00cf9a00 DPL=0 CS32 [-R-]
SS =0010 00000000 ffffffff 00cf9300 DPL=0 DS   [-WA]
DS =0010 00000000 ffffffff 00cf9300 DPL=0 DS   [-WA]
FS =0010 00000000 ffffffff 00cf9300 DPL=0 DS   [-WA]
GS =0010 00000000 ffffffff 00cf9300 DPL=0 DS   [-WA]
LDT=0000 00000000 0000ffff 00008200 DPL=0 LDT
TR =0000 00000000 0000ffff 00008b00 DPL=0 TSS32-busy
GDT=     00115148 00000017
IDT=     0011c1e0 000007ff
CR0=80000011 CR2=00000000 CR3=00132000 CR4=00000000
DR0=00000000 DR1=00000000 DR2=00000000 DR3=00000000 
DR6=ffff0ff0 DR7=00000400
CCS=00000000 CCD=00387d51 CCO=EFLAGS
EFER=0000000000000000
check_exception old: 0xffffffff new 0xe
   366: v=0e e=0000 i=0 cpl=0 IP=0008:00010583 pc=00010583 SP=0010:bffefca0 CR2=dde77acd
EAX=00000053 EBX=00000000 ECX=00000001 EDX=00000083
ESI=5003f012 EDI=0000001e EBP=dde77a60 ESP=bffefca0
EIP=00010583 EFL=00000246 [---Z-P-] CPL=0 II=0 A20=1 SMM=0 HLT=0
ES =0010 00000000 ffffffff 00cf9300 DPL=0 DS   [-WA]
CS =0008 00000000 ffffffff 00cf9a00 DPL=0 CS32 [-R-]
SS =0010 00000000 ffffffff 00cf9300 DPL=0 DS   [-WA]
DS =0010 00000000 ffffffff 00cf9300 DPL=0 DS   [-WA]
FS =0010 00000000 ffffffff 00cf9300 DPL=0 DS   [-WA]
GS =0010 00000000 ffffffff 00cf9300 DPL=0 DS   [-WA]
LDT=0000 00000000 0000ffff 00008200 DPL=0 LDT
TR =0000 00000000 0000ffff 00008b00 DPL=0 TSS32-busy
GDT=     00115148 00000017
IDT=     0011c1e0 000007ff
CR0=80000011 CR2=dde77acd CR3=00133000 CR4=00000000
DR0=00000000 DR1=00000000 DR2=00000000 DR3=00000000 
DR6=ffff0ff0 DR7=00000400
CCS=00000053 CCD=00000000 CCO=LOGICB
EFER=0000000000000000
